s_seq,s_digest,s_sample_time,s_view,s_conditional,s_scenario_id,s_anchor_price,s_persistence,s_outcome_1h,s_return_1h,s_antecedent_activated_1h,d_month,d_population,d_mv_matches_1h,d_persistence_matches_1h,d_paired_cell,d_owner_id,d_scenario_sample_ordinal,d_antecedent_class_1h,d_first_confirm_published_at,a_activation_after_1h_at,a_scenario_terminal_state,a_scenario_terminal_published_at
1,45b76a3f84a0c735ff854952c991d48bcaf0ef70d18e05b320d8d0d247932415,2025-09-01T00:00:00Z,UNCERTAIN,False,,108199.7,DOWN,DOWN,-0.00030684003744927204049549120746175821189892393416987,,2025-09,ABSTENTION,,,,,,,,,,
2,6e50beedf72a1e67dccfed1264b4ce82a901511f775495c6b7ac5c0567ce585a,2025-09-01T01:00:00Z,UNCERTAIN,False,,108166.5,DOWN,DOWN,-0.00052234286955758021198799998150998691831574470838938,,2025-09,ABSTENTION,,,,,,,,,,
3,9adc8ef5c6fb929bcf4953f0d6b74dda62242a7c2ac156ed939262d719c6f6a4,2025-09-01T02:00:00Z,UNCERTAIN,False,,108110,DOWN,DOWN,-0.0047460919433909906576634908889094440847285172509481,,2025-09,ABSTENTION,,,,,,,,,,
4,486d56493a7605174aed43669a6e520df8ba205409e0a10298b4b360c7874488,2025-09-01T03:00:00Z,UNCERTAIN,False,,107596.9,DOWN,UP,0.00014963256376345415156012859106535597215161403348981,,2025-09,ABSTENTION,,,,,,,,,,
5,d044db7a2a1d553f0b37fad4b2edb86c16cf477339a735e92ab5bc4f59917b3c,2025-09-01T04:00:00Z,UNCERTAIN,False,,107613,UP,DOWN,-0.0022794643769804763365020954717366860881120310743126,,2025-09,ABSTENTION,,,,,,,,,,
6,44080aca3d8b99c7d94ea4ae561ad914ca4bdb5f39cc6f6139e544d230ee4b91,2025-09-01T05:00:00Z,UNCERTAIN,False,,107367.7,DOWN,UP,0.0042526756184588102380883636326381211481665342556467,,2025-09,ABSTENTION,,,,,,,,,,
7,27f88d07c6521b3cfa9343923c5f65163625ab8562cb7c503c57f003e54bfdb1,2025-09-01T06:00:00Z,UNCERTAIN,False,,107824.3,UP,UP,0.0018196269301075917024270039313957985352095956106369,,2025-09,ABSTENTION,,,,,,,,,,
8,f0f5030ff5db736aacf48dd9b061f53b83ae08d546312ac5a6729c8882c00cb1,2025-09-01T07:00:00Z,UNCERTAIN,False,,108020.5,UP,UP,0.012650376548895811443198281807619849935891798316060,,2025-09,ABSTENTION,,,,,,,,,,
9,454e5abc92d319988835d48ab8524df3d02caabf70de62efa0093abd931b6b94,2025-09-01T08:00:00Z,UNCERTAIN,False,,109387,UP,UP,0.0014946931536654264217868668123268761370181100130729,,2025-09,ABSTENTION,,,,,,,,,,
10,270523fdfbe2e94bc6ebd5f2cf1736d9ead9a5f71ca8a5fe3cabdf8e04f2058a,2025-09-01T09:00:00Z,UNCERTAIN,False,,109550.5,UP,DOWN,-0.00056686185822976618089374306826532055992441841890270,,2025-09,ABSTENTION,,,,,,,,,,
11,89e91acdf7d7eb609f45df634fd453c28fc081ddbebbdec37dda5e87d09dd0ad,2025-09-01T10:00:00Z,UNCERTAIN,False,,109488.4,DOWN,DOWN,-0.0087333452676265248190675907219394931335191673273150,,2025-09,ABSTENTION,,,,,,,,,,
12,795eaea41183206c55bbf98947d25c1dfc95dcd6067b81950b96796abc28a3c8,2025-09-01T11:00:00Z,UNCERTAIN,False,,108532.2,DOWN,UP,0.0018833120493272964152574074790707273970305586729100,,2025-09,ABSTENTION,,,,,,,,,,
13,196d6eed483a16a6a32842414645e33ef94d5a7389cc2ea1e304d6f0d87ff090,2025-09-01T12:00:00Z,BALANCED,False,,108736.6,UP,UP,0.0030716428507052823060496649702124215765436844631890,,2025-09,ABSTENTION,,,,,,,,,,
14,c35c2405ab38802fb107208b8af7a2938f3cc93543db8474f36a0782b1972a3a,2025-09-01T13:00:00Z,UNCERTAIN,False,,109070.6,UP,DOWN,-0.00087833018246896963984795169367363890911024602413483,,2025-09,ABSTENTION,,,,,,,,,,
15,4d9063655bbc3dd226b9b2f03d039dc7f52b6bd88d819d8c91a1ec6d522c9418,2025-09-01T14:00:00Z,UNCERTAIN,False,,108974.8,DOWN,UP,0.0011644894048899378571926720673036335005891270275330,,2025-09,ABSTENTION,,,,,,,,,,
16,11f1904554f69c5b43fc69ed2f3dc619058afa32ad9a325d2fc42fdcebc300f5,2025-09-01T15:00:00Z,UNCERTAIN,False,,109101.7,UP,DOWN,-0.0032941741512735365260119686494344267779512143257163,,2025-09,ABSTENTION,,,,,,,,,,
17,6cac14eaf017ccca3ba0d20ac1397bd768f3a1e6b6fad468b752a4e6efb3defc,2025-09-01T16:00:00Z,UNCERTAIN,False,,108742.3,DOWN,DOWN,-0.000050578293819424455800548636547139429642374678482982,,2025-09,ABSTENTION,,,,,,,,,,
18,4e4a75486ee54bf37523dd086510d4ea566f72a972b7dc7fb64cacfa4d5049c5,2025-09-01T17:00:00Z,UNCERTAIN,False,,108736.8,DOWN,UP,0.0012461282656837427623398886117671294354809043488497,,2025-09,ABSTENTION,,,,,,,,,,
19,54c98b40c893086548d76a610062b7d04e2fb2646b2e043e5ce62ff14adafd50,2025-09-01T18:00:00Z,UNCERTAIN,False,,108872.3,UP,UP,0.0029052385225626720478946435411027414686747685132031,,2025-09,ABSTENTION,,,,,,,,,,
20,4d8810ec82ddee32812075a83965f26a4832f2cf4f5e19a53a821fbdfc9e8a8b,2025-09-01T19:00:00Z,UNCERTAIN,False,,109188.6,UP,DOWN,-0.000081510340823126223799920504521534299368249066294467,,2025-09,ABSTENTION,,,,,,,,,,
21,dff695a80ef6bb4fefb35a744149221679413e17ecbab284181b2b1e2a223dc8,2025-09-01T20:00:00Z,BALANCED,False,,109179.7,DOWN,DOWN,-0.0031278708404584368705904119538705455318158961785020,,2025-09,ABSTENTION,,,,,,,,,,
22,42b27cd8a4432838a0c310ec4d977b38c57f8941b9488908bbb179b74ea98300,2025-09-01T21:00:00Z,BALANCED,False,,108838.2,DOWN,DOWN,-0.010082856938097101936636217798530295429362117344829,,2025-09,ABSTENTION,,,,,,,,,,
23,6c3b06fe37a2beeb6ea334e989779fd51c3be92f836b6f24f9c67be711c369d5,2025-09-01T22:00:00Z,UNCERTAIN,False,,107740.8,DOWN,UP,0.0059095532982862573881018147257120793608363776767947,,2025-09,ABSTENTION,,,,,,,,,,
24,abd01ba5bf91109874f1177b4e6f4e936b569b90e10cdf3b8781a99fff302792,2025-09-01T23:00:00Z,BALANCED,False,,108377.5,UP,UP,0.0074277409979008558049410624899079606006781850476344,,2025-09,ABSTENTION,,,,,,,,,,
25,5ffadda6f8a3bfb32d46f24131ec05c151196e749d4a2de28bd22b1256c9451e,2025-09-02T00:00:00Z,UNCERTAIN,False,,109182.5,UP,DOWN,-0.0017429533121150367503949808806356329997939230187988,,2025-09,ABSTENTION,,,,,,,,,,
26,910b4b98f26303a57c34adb09ef95d2713119b5b7917120636152519c48781b3,2025-09-02T01:00:00Z,BALANCED,False,,108992.2,DOWN,UP,0.0025955985841188635517036998977908510884265112549338,,2025-09,ABSTENTION,,,,,,,,,,
27,e56b80fd22f7ca3b1b6987f2c8c4c7eb53fd7daadfed575ce36b5ea4ec83c8e9,2025-09-02T02:00:00Z,BALANCED,False,,109275.1,UP,UP,0.0087137874959620261157390842012498730268835260731859,,2025-09,ABSTENTION,,,,,,,,,,
28,59985d82772b16e41fc6ec91f47239a5904905cf60a84ab932cfdebec84bcf22,2025-09-02T03:00:00Z,UNCERTAIN,False,,110227.3,UP,UP,0.00060420603607273334282886362997188536778093993048909,,2025-09,ABSTENTION,,,,,,,,,,
29,fa32d4f5ba5663bd4417c0d19fc44d586b3b1a320ebc8adc1e577e28bb8acbeb,2025-09-02T04:00:00Z,UNCERTAIN,False,,110293.9,UP,DOWN,-0.00016501365896028701496637620031570195631852713522688,,2025-09,ABSTENTION,,,,,,,,,,
30,538082edb88db7fa514fba5b116b52710f0b85e5acc4aab230ba6311e5131606,2025-09-02T05:00:00Z,UNCERTAIN,False,,110275.7,DOWN,DOWN,-0.00099387263014426569044676206997552497966460426005004,,2025-09,ABSTENTION,,,,,,,,,,
31,889adeacac43162883866edeab8b9ed4018ba3b0b30b80cb926e6b94aa93fa8a,2025-09-02T06:00:00Z,UNCERTAIN,False,,110166.1,DOWN,UP,0.0015358626655568273724857283683456163012033647374283,,2025-09,ABSTENTION,,,,,,,,,,
32,d5086a400b915db158116d485253c6d30971b796acc1bce1bd084d6aa53bb4c4,2025-09-02T07:00:00Z,UNCERTAIN,False,,110335.3,UP,DOWN,-0.0012271684583265736350923050012099482214667472694595,,2025-09,ABSTENTION,,,,,,,,,,
33,02585b498393199ff292088199104f9be8c56351507a8d3494248ccd7f066b34,2025-09-02T08:00:00Z,UNCERTAIN,False,,110199.9,DOWN,UP,0.0011324874160502867969934636964280366860586987828483,,2025-09,ABSTENTION,,,,,,,,,,
34,12e3dc3de628a6c6fbfceee98c78f9d68d0fa4cd49933bf8c0bbc24c80c98345,2025-09-02T09:00:00Z,UNCERTAIN,False,,110324.7,UP,UP,0.00077770435813557616744029215579104225980220204541685,,2025-09,ABSTENTION,,,,,,,,,,
35,853e3424d648ec0d51577dbfb7a640ccfdf34a59816a0d6ab42704684632e043,2025-09-02T10:00:00Z,UNCERTAIN,False,,110410.5,UP,DOWN,-0.0017969305455549970337966044896092310061090204283107,,2025-09,ABSTENTION,,,,,,,,,,
36,e22d342c00efc275a3d76ccdc0fa7288f8494a0c2b43ff5ea03dd2884a7accb9,2025-09-02T11:00:00Z,BALANCED,False,,110212.1,DOWN,DOWN,-0.0045675565568571871872507646619563550644620690468651,,2025-09,ABSTENTION,,,,,,,,,,
37,c1e56003bababbab0fe5b54bd10f6bf733945cdef950cf7e2c352f179bb79145,2025-09-02T12:00:00Z,UNCERTAIN,False,,109708.7,DOWN,DOWN,-0.0087358614221114642685584643697354904396825411293726,,2025-09,ABSTENTION,,,,,,,,,,
38,80734db25a496a4a070b652af066de9b2fd837554ae0c250308489cf54bb5dc6,2025-09-02T13:00:00Z,UNCERTAIN,False,,108750.3,DOWN,UP,0.021643158685539258282505887340080900926250318389926,,2025-09,ABSTENTION,,,,,,,,,,
39,5c98dc59dd03f628e356abad0fa0739c06011695bd3f0db86ba024d0e1fa98e1,2025-09-02T14:00:00Z,UNCERTAIN,False,,111104,UP,UP,0.0018154161866359447004608294930875576036866359447005,,2025-09,ABSTENTION,,,,,,,,,,
40,8dfe1ba59b27f7801c79befbd659d74cd45d045d36689fa4096c0fdf350d4597,2025-09-02T15:00:00Z,UNCERTAIN,False,,111305.7,UP,DOWN,-0.0045954519849387767203296866198227044976133297755641,,2025-09,ABSTENTION,,,,,,,,,,
41,04bf456686de90246fc980ad842bfa869b99b5f3493120504518970b336eda14,2025-09-02T16:00:00Z,UNCERTAIN,False,,110794.2,DOWN,DOWN,-0.00039984042485978507900233044690065003402705195759345,,2025-09,ABSTENTION,,,,,,,,,,
42,2bed4a544742e5f2c073159d3f4ba4958fa4b53f521b18a32747ae019e33c9f0,2025-09-02T17:00:00Z,UNCERTAIN,False,,110749.9,DOWN,UP,0.0011079016775635914795408393145275977675826343861259,,2025-09,ABSTENTION,,,,,,,,,,
43,823c415456196f326e62cba0ab391ff16a00e541b86ee49a635a6d1fe64fa5bd,2025-09-02T18:00:00Z,UNCERTAIN,False,,110872.6,UP,DOWN,-0.0025091862191380016343082059949888430504921865276001,,2025-09,ABSTENTION,,,,,,,,,,
44,d77aff61c34747f57db6d2ea55657ef3d6d1178f215233ded99790e36562cd71,2025-09-02T19:00:00Z,BALANCED,False,,110594.4,DOWN,UP,0.0013834335192378637616371172500596775243592803975608,,2025-09,ABSTENTION,,,,,,,,,,
45,c3fb968faac21345ab95ed1c4d9362dff53388c6b80fe1e9c88f9e778689f4c8,2025-09-02T20:00:00Z,UNCERTAIN,False,,110747.4,UP,UP,0.0055044181624128421976497868121508947388381126780403,,2025-09,ABSTENTION,,,,,,,,,,
46,f9012ad98f316cfafa0a8798957bd71f8c4ba315949dae3cc1576da0c72aa045,2025-09-02T21:00:00Z,UNCERTAIN,False,,111357,UP,DOWN,-0.0025377838842641234947062151458821627737816212721248,,2025-09,ABSTENTION,,,,,,,,,,
47,5f1c0dd447c698c88813901b891e355777c63ada4c7801e7fc8751df5446665d,2025-09-02T22:00:00Z,BALANCED,False,,111074.4,DOWN,UP,0.0012748212009247855491454376526004191784965752684687,,2025-09,ABSTENTION,,,,,,,,,,
48,254a2352cb3ac064b5c38b27bc63ace14af364aaa0d9b58ac66776e505398184,2025-09-02T23:00:00Z,BALANCED,False,,111216,UP,DOWN,-0.00027424111638613149187167314055531578190188462091785,,2025-09,ABSTENTION,,,,,,,,,,
49,171f4e76d40c11f77ca647e5b4edd0b5f4d6458f36ff78c3bda40262ee4bbabf,2025-09-03T00:00:00Z,BALANCED,False,,111185.5,DOWN,UP,0.00081575385279555337701408906736939618925129625715583,,2025-09,ABSTENTION,,,,,,,,,,
50,576ec3d70b35643d729988f21fd88dc82ff97d2c8e31f318063d20c22fae8f52,2025-09-03T01:00:00Z,DOWN,True,CS-2025-09-03T00:30:00+00:00-80e52f178967,111276.2,UP,DOWN,-0.0013722610944658426509891603056179129050057424678413,True,2025-09,PAIRED,True,False,MV_ONLY,box-2025-09-02T23:00:00+00:00-540ddac96ca3,1,ALREADY_ACTIVE_AT_CUTOFF,2025-09-03T00:46:00Z,,DESTINATION_REACHED,2025-09-03T01:24:00Z
51,16bdaee8309fefb3835ab94184873a2799bf3b0be4397300d783fce52f2d4b0e,2025-09-03T02:00:00Z,UNCERTAIN,False,,111123.5,DOWN,UP,0.0018177973155993106768595301623868938613344612075754,,2025-09,ABSTENTION,,,,,,,,,,
52,92415f1ac1b4f23c642dc2d9ae1ddc784ea2b5c6e7ff3a020cba1baa4b9f2d5c,2025-09-03T03:00:00Z,UNCERTAIN,False,,111325.5,UP,DOWN,-0.0030792585705880503568364840041140619175301256226112,,2025-09,ABSTENTION,,,,,,,,,,
53,4e0165b6df4f0156a844ce1e04ea9253518cf2433057a9349c1669ea44f1f75d,2025-09-03T04:00:00Z,UNCERTAIN,False,,110982.7,DOWN,DOWN,-0.00026760927604031979759007484950357127732520473911700,,2025-09,ABSTENTION,,,,,,,,,,
54,4a9597e7fc008a0e5ce526d09e8e26827b3482a634067c1d465fa26d05aa2e97,2025-09-03T05:00:00Z,UNCERTAIN,False,,110953,DOWN,DOWN,-0.0027993835227528773444611682424089479329085288365344,,2025-09,ABSTENTION,,,,,,,,,,
55,cc917795e60c259f73036e5376070e8db4423e6640f9e1cf94d9c9c7bb0bdb3a,2025-09-03T06:00:00Z,UNCERTAIN,False,,110642.4,DOWN,UP,0.00025939422861398523531665979769057793395660253212150,,2025-09,ABSTENTION,,,,,,,,,,
56,4f4d7a45df3d2316c8dc35317b11b3f5011461977d6e7ff408b19e544c8ea78f,2025-09-03T07:00:00Z,UNCERTAIN,False,,110671.1,UP,UP,0.0033233608412675034403742259722727975054011390507549,,2025-09,ABSTENTION,,,,,,,,,,
57,e3a15ae3097029e56188e22e4f2d73c8e4f60d11893e75536f8357c8d76c2778,2025-09-03T08:00:00Z,UNCERTAIN,False,,111038.9,UP,DOWN,-0.00067363779720440314160172696235283310623574260912167,,2025-09,ABSTENTION,,,,,,,,,,
58,0b01aef4f9d79fc6e942e487ccd6ebd58b9bda19ba1b5cb8c09f3c08d34bb787,2025-09-03T09:00:00Z,UNCERTAIN,False,,110964.1,DOWN,UP,0.0026576162921160988103359555027256563158715296208413,,2025-09,ABSTENTION,,,,,,,,,,
59,691da84ceab6f265e6bb3bceff1ec6bfbde513d84bc0470e88cbf134e2f75004,2025-09-03T10:00:00Z,BALANCED,False,,111259,UP,UP,0.0012268670399698001959392049182538041866275986661753,,2025-09,ABSTENTION,,,,,,,,,,
60,7a4a1258ae74d89341ccb487dd04a97aa4d86fd45fa03fdb1cb6e5686ae74165,2025-09-03T11:00:00Z,UNCERTAIN,False,,111395.5,UP,DOWN,-0.000043089711882436902747417983670794601218182063009727,,2025-09,ABSTENTION,,,,,,,,,,
61,24cfb3ebb2643d68b2b33d42af4bbd4b5fcdf84234f753675f7141be950f3546,2025-09-03T12:00:00Z,UNCERTAIN,False,,111390.7,DOWN,DOWN,-0.0029679317932286986256482812299410992120527117613948,,2025-09,ABSTENTION,,,,,,,,,,
62,a68ff99d5999fe8748fcc451b7439afe46e75bd14779b7862e55122d89465b68,2025-09-03T13:00:00Z,UNCERTAIN,False,,111060.1,DOWN,UP,0.0032865088362067024971164261512460370556122315755163,,2025-09,ABSTENTION,,,,,,,,,,
63,dc9480acf35bce82a28857640087fd31ee5cd2a86e53acbb081659aaf29b8cc9,2025-09-03T14:00:00Z,UNCERTAIN,False,,111425.1,UP,UP,0.0070962467164041136153344264443110214843872700136684,,2025-09,ABSTENTION,,,,,,,,,,
64,3361cd2aae83ca361e41a08da6521ac4c34431d3057976bf11f58919c73fe4a4,2025-09-03T15:00:00Z,UP,True,AL-2025-09-03T14:30:00+00:00-1afc790249f6,112215.8,UP,DOWN,-0.00037160542454805829482122838316885857428276588501797,True,2025-09,PAIRED,False,False,NEITHER,AL-2025-09-03T14:30:00+00:00-1afc790249f6,1,ACTIVATED_WITHIN_1H,2025-09-03T15:37:00Z,,INVALIDATED,2025-09-03T16:44:00Z
65,00658cbcca718013b8cd1e642fab31e8a4c8d7b78554b55922a79b9e34bac82f,2025-09-03T16:00:00Z,UP,True,AL-2025-09-03T14:30:00+00:00-1afc790249f6,112174.1,DOWN,DOWN,-0.0031852272494274525046334225101872892227350163718719,True,2025-09,PAIRED,False,True,PERSISTENCE_ONLY,AL-2025-09-03T14:30:00+00:00-1afc790249f6,2,ALREADY_ACTIVE_AT_CUTOFF,2025-09-03T15:37:00Z,,INVALIDATED,2025-09-03T16:44:00Z
66,3976da454ed3377cd0695f31a2518a90dacae5daaa0ef234e146cd6f766b7d6a,2025-09-03T17:00:00Z,UNCERTAIN,False,,111816.8,DOWN,UP,0.0040333831767677129018179736855284715713560037489894,,2025-09,ABSTENTION,,,,,,,,,,
67,ab3d8c5053a17dd3d0cb227e3748b0a96a1b9f79b0a2c47c7d97c5912acf5375,2025-09-03T18:00:00Z,UNCERTAIN,False,,112267.8,UP,DOWN,-0.0027069204170741744293555231330800104749536376414252,,2025-09,ABSTENTION,,,,,,,,,,
68,6ca8c6874df6b3124a0c0617a633082039bd2c022b36d2d8bce13ba3876abe82,2025-09-03T19:00:00Z,UNCERTAIN,False,,111963.9,DOWN,UP,0.0016103404758140793595078413667262394396765385986019,,2025-09,ABSTENTION,,,,,,,,,,
69,9888185ab6449adbc394f41dc8a0093eab931fe9d7624bea07f3279dcfbfb349,2025-09-03T20:00:00Z,BALANCED,False,,112144.2,UP,UP,0.00030407279199459267621508736073733639367885276278220,,2025-09,ABSTENTION,,,,,,,,,,
70,31d402aec9a5cdb8c99414a397c70f8e2685673aa5e05c8a792873c2fc8cc7bb,2025-09-03T21:00:00Z,UNCERTAIN,False,,112178.3,UP,DOWN,-0.0021822402371938244740738627702505743089349722718208,,2025-09,ABSTENTION,,,,,,,,,,
71,b75e209f0bcad52bc9df938ca17876d161d80bc920cca8e0134ee70739f60cc4,2025-09-03T22:00:00Z,BALANCED,False,,111933.5,DOWN,DOWN,-0.00024925513809538699317005186114970049180986925272595,,2025-09,ABSTENTION,,,,,,,,,,
72,3603d3a1d9554e9302097ea7579b68ead6f276f3404b57eec93059a7d37a881f,2025-09-03T23:00:00Z,BALANCED,False,,111905.6,DOWN,DOWN,-0.0022393874837362920175576557384080868160306544087159,,2025-09,ABSTENTION,,,,,,,,,,
73,faae84695c202cb19322f4ee380cfcfbaa3cbb60b388376d9c8fd1fd5b0efdf5,2025-09-04T00:00:00Z,UNCERTAIN,False,,111655,DOWN,UP,0.0031624199543235860463033451256101383726658009045721,,2025-09,ABSTENTION,,,,,,,,,,
74,b46aeb142ff4249d3bbc79d247b9cf82d419280fd834a68031d1ebd76ce748ee,2025-09-04T01:00:00Z,UNCERTAIN,False,,112008.1,UP,DOWN,-0.00094814571446172196475076356084961712590428727922356,,2025-09,ABSTENTION,,,,,,,,,,
75,d7fb6a4b45086875bb57746c3b4f457ef3afb9b524a8881f6d3be4bba2beefda,2025-09-04T02:00:00Z,BALANCED,False,,111901.9,DOWN,DOWN,-0.0043609625931284455402455186194336289196161995462097,,2025-09,ABSTENTION,,,,,,,,,,
76,14f22536f10714f394905b06e6da8f123c933178e4e98b66688129d98c0c3bbb,2025-09-04T03:00:00Z,UNCERTAIN,False,,111413.9,DOWN,DOWN,-0.0026370138734933432901998763170484113741642649615533,,2025-09,ABSTENTION,,,,,,,,,,
77,7fb8eda1be96d1b4854ebf2c92947f79922b549bef9fc984019736a8ed0a8e73,2025-09-04T04:00:00Z,UNCERTAIN,False,,111120.1,DOWN,DOWN,-0.0022138209018890371768923894056970791063003003057053,,2025-09,ABSTENTION,,,,,,,,,,
78,9200cce707f0bcefe26a37a6f6d81bbd53560c9d756736b9883b18af181d1fcd,2025-09-04T05:00:00Z,UNCERTAIN,False,,110874.1,DOWN,DOWN,-0.0023413944284553380816619931976899925230509199172755,,2025-09,ABSTENTION,,,,,,,,,,
79,01ad724824f282a2536165d699c6712076c2025093e6aaf4ab95ff58385ee02c,2025-09-04T06:00:00Z,UNCERTAIN,False,,110614.5,DOWN,DOWN,-0.0023459853816633443174267388091073051001450985178254,,2025-09,ABSTENTION,,,,,,,,,,
80,bb5225507666428566a806af4f901f316159de0bd8e5b6ce30aadb88006fff17,2025-09-04T07:00:00Z,UNCERTAIN,False,,110355,DOWN,UP,0.00055457387522087807530243305695256218567350822346065,,2025-09,ABSTENTION,,,,,,,,,,
81,f8f13ebc148b3b1191300cdf5125a4edc090e4f1029b995b2d9d9904fb56fc03,2025-09-04T08:00:00Z,UNCERTAIN,False,,110416.2,UP,UP,0.0016030256429763023904101028653404120047601710618551,,2025-09,ABSTENTION,,,,,,,,,,
82,e276fd89de63c3677640ef6e2fc8d87fb8495f29772f2c5a5718c8f88428c1af,2025-09-04T09:00:00Z,UNCERTAIN,False,,110593.2,UP,UP,0.0015344523894778340802146967444653016641167811402509,,2025-09,ABSTENTION,,,,,,,,,,
83,f56d009436967374581716ec218f3c66f1461ffda3089b001e79ef4cddede60b,2025-09-04T10:00:00Z,UNCERTAIN,False,,110762.9,UP,DOWN,-0.0016684286886674148112770611820383901107681362622322,,2025-09,ABSTENTION,,,,,,,,,,
84,eddcf1d3e5067846204ba47bf4c40ad07a92826d664f26ca864b42f28451e1c7,2025-09-04T11:00:00Z,UNCERTAIN,False,,110578.1,DOWN,UP,0.0016124350119960462333861768288657518984319679936624,,2025-09,ABSTENTION,,,,,,,,,,
85,8f8c5b5ae971a741475570f6d58edf9f8f336acf3251150a99e833015ef470ee,2025-09-04T12:00:00Z,BALANCED,False,,110756.4,UP,UP,0.0011231856578942616408622887706714916700073314047766,,2025-09,ABSTENTION,,,,,,,,,,
86,dbfd3d5330fc76618f22daf89ed8b7e88131db735586cb9a618701ddfdc81c60,2025-09-04T13:00:00Z,BALANCED,False,,110880.8,UP,DOWN,-0.0041882814698306650024170099782829849712484036911711,,2025-09,ABSTENTION,,,,,,,,,,
87,4760707eceb3ce6e939e6cc9f86277ddf3593262d2ec82ddd681add54c0716ef,2025-09-04T14:00:00Z,UNCERTAIN,False,,110416.4,DOWN,DOWN,-0.0056114852503794726145753710499527244141268869479534,,2025-09,ABSTENTION,,,,,,,,,,
88,c58ef26fb4cdbec00daace955f7c64b3aeb4336435f8cf2e287cde507bc6a725,2025-09-04T15:00:00Z,UNCERTAIN,False,,109796.8,DOWN,DOWN,-0.0030620200224414554886845518266470425367588126429914,,2025-09,ABSTENTION,,,,,,,,,,
89,91463a6b172074846e88a6d7b565d6bf50fc3ee8438a9330f25087fbd82a8232,2025-09-04T16:00:00Z,UNCERTAIN,False,,109460.6,DOWN,DOWN,-0.00070253588962603895831011341067014067162065619958232,,2025-09,ABSTENTION,,,,,,,,,,
90,71aded7c1f75fd9c6bff27e0be4033733a7cca0c625786aa8b92a6cd725f3295,2025-09-04T17:00:00Z,UNCERTAIN,False,,109383.7,DOWN,UP,0.0031311795084642410158003431955583875842561551675432,,2025-09,ABSTENTION,,,,,,,,,,
91,43025e259cef3ed9457d9631d89429f5a5129422dd1b771e3a6506660fa28235,2025-09-04T18:00:00Z,UNCERTAIN,False,,109726.2,UP,UP,0.0017962893092078282124050591381092209517872668514903,,2025-09,ABSTENTION,,,,,,,,,,
92,8deaddd3e8ad90df08e807c663996f3717c5f87d65cb9ec134562389bbda6455,2025-09-04T19:00:00Z,UNCERTAIN,False,,109923.3,UP,DOWN,-0.0016893597626708805139583691537644885115348611258941,,2025-09,ABSTENTION,,,,,,,,,,
93,5bd3125c161e326884d9dc79674f4f845096906db8a46fb6a45f53ef0235f842,2025-09-04T20:00:00Z,UNCERTAIN,False,,109737.6,DOWN,UP,0.0056133904878546642171871810573586446213512961828945,,2025-09,ABSTENTION,,,,,,,,,,
94,8b59ef260a23672d28e1b88b072e8bfe7672e70e650e2c28c1d87287b72a5a66,2025-09-04T21:00:00Z,UNCERTAIN,False,,110353.6,UP,UP,0.00071950529932870336808223746212176131997506198257239,,2025-09,ABSTENTION,,,,,,,,,,
95,f2b5fcde012f3ec5a399a310ce789b7ba2b7671b83f29d8f9805c7affa947208,2025-09-04T22:00:00Z,BALANCED,False,,110433,UP,UP,0.0091593998170836615866634067715266270046091295174450,,2025-09,ABSTENTION,,,,,,,,,,
96,bf5f77218257c8a6fc895209a9d0ca0f3c1067b7482012cf1eba1f6c318d71ec,2025-09-04T23:00:00Z,UNCERTAIN,False,,111444.5,UP,DOWN,-0.0069137552772904898850997581755941298134946094244220,,2025-09,ABSTENTION,,,,,,,,,,
97,091a1aa27ff97e25be80f6c886999554d700c1c723d3fc0083c9f95ccf4b663b,2025-09-05T00:00:00Z,UNCERTAIN,False,,110674,DOWN,DOWN,-0.0023356885989482624645354825885031714765889007354934,,2025-09,ABSTENTION,,,,,,,,,,
98,49e0561f210c3c3d206633f62dfad57bcbecd1ac7f89bd34cf07eca65f708e96,2025-09-05T01:00:00Z,UNCERTAIN,False,,110415.5,DOWN,UP,0.0060163654559368929181138517689998233943603932418909,,2025-09,ABSTENTION,,,,,,,,,,
99,6f8f678f43cb1842251aedee08d1c3921481eb4ea5ab17e352ebb3d8f5a711bb,2025-09-05T02:00:00Z,UNCERTAIN,False,,111079.8,UP,UP,0.0018914330058210403691760338063266228423169649207147,,2025-09,ABSTENTION,,,,,,,,,,
100,95f7bff9ce42a0c6b0c1e53ba03cf19235390a011d67879fac47cda6b61f2778,2025-09-05T03:00:00Z,UP,True,AL-2025-09-05T02:15:00+00:00-8d66a296a207,111289.9,UP,DOWN,-0.00016892817766931230956268268728788506414328703682904,True,2025-09,PAIRED,False,False,NEITHER,AL-2025-09-05T02:15:00+00:00-8d66a296a207,1,ACTIVATED_WITHIN_1H,2025-09-05T03:47:00Z,,DESTINATION_REACHED,2025-09-05T04:53:00Z
101,79c95989327d93a95d449b483a691531de10d8ac00d4f41ed053b0c997ba2914,2025-09-05T04:00:00Z,UP,True,AL-2025-09-05T02:15:00+00:00-8d66a296a207,111271.1,DOWN,UP,0.0010748523201442243313852383952347015532334990846680,True,2025-09,PAIRED,True,False,MV_ONLY,AL-2025-09-05T02:15:00+00:00-8d66a296a207,2,ALREADY_ACTIVE_AT_CUTOFF,2025-09-05T03:47:00Z,,DESTINATION_REACHED,2025-09-05T04:53:00Z
102,8b10231f7dafb8407f54ffc89ec77e6c06f0be9f040823044953def4efabf5cb,2025-09-05T05:00:00Z,UNCERTAIN,False,,111390.7,UP,UP,0.0011688588006000500939485971450040263684490716011301,,2025-09,ABSTENTION,,,,,,,,,,
103,b71c02874b1b4090d0a2f19816e950c497cb75153887dbc149c1316b2ac1df45,2025-09-05T06:00:00Z,UNCERTAIN,False,,111520.9,UP,UP,0.0029501196636684244836618068900089579621398320852863,,2025-09,ABSTENTION,,,,,,,,,,
104,f83a53c194637c9121eadfd8c7ceaae884dceb69547dc3ab64662fb50c861d0a,2025-09-05T07:00:00Z,UNCERTAIN,False,,111849.9,UP,UP,0.0094501649085068471227958183243793691366733452600315,,2025-09,ABSTENTION,,,,,,,,,,
105,f0e1a6d4a631e1451c55050ca62cd9f194ae96902b95ae9e79182601c04d3a45,2025-09-05T08:00:00Z,UNCERTAIN,False,,112906.9,UP,DOWN,-0.0028182511431985113398738252489440415067635370380375,,2025-09,ABSTENTION,,,,,,,,,,
106,e370a9f709400830d5701c025c7ce985e7feb4c00d2cd24566db8397c984b96d,2025-09-05T09:00:00Z,UP,True,AL-2025-09-05T07:45:00+00:00-e3c0ea7c2824,112588.7,DOWN,DOWN,-0.0028182224326242331601661623235724366654912970839880,False,2025-09,PAIRED,False,True,PERSISTENCE_ONLY,AL-2025-09-05T07:45:00+00:00-e3c0ea7c2824,1,NOT_ACTIVATED_AT_1H,,,WITHDRAWN,2025-09-05T09:30:00Z
107,1a80f1b442db588d4ac5025d85c7fc35cac5be704fa0544a75264a1dbcbd1d5c,2025-09-05T10:00:00Z,UNCERTAIN,False,,112271.4,DOWN,DOWN,-0.00047563315323403823235481164392712658789326578273719,,2025-09,ABSTENTION,,,,,,,,,,
108,0cd1a0be3e9eaae67ce516078dd30dee0e1c902cff3f84ecba1f86a0a39da40e,2025-09-05T11:00:00Z,UNCERTAIN,False,,112218,DOWN,UP,0.00087508242884385749166800335062111247749915343349552,,2025-09,ABSTENTION,,,,,,,,,,
109,bdc2884da4201c7989a2e4df7611a6eddf4642f30d8998c326adae86aef68385,2025-09-05T12:00:00Z,UNCERTAIN,False,,112316.2,UP,UP,0.0076881162290034741203851269896951641882471094997872,,2025-09,ABSTENTION,,,,,,,,,,
110,ab3fff2b35ea74a797d820eae2937db163d05cc235b9f851610f33ecfad5ab6a,2025-09-05T13:00:00Z,UNCERTAIN,False,,113179.7,UP,DOWN,-0.0012228341301487810976703419429455989015698044790718,,2025-09,ABSTENTION,,,,,,,,,,
111,4f2d2531782e07a2cd100c5182c9d6815fe021a658e2007080ffc60476b0725d,2025-09-05T14:00:00Z,UNCERTAIN,False,,113041.3,DOWN,DOWN,-0.022095464224137549727400516448413102114006119887156,,2025-09,ABSTENTION,,,,,,,,,,
112,7d9545c9bb25710f1dc41367379b27501e03fb792de7226f2f35e7b60ed46432,2025-09-05T15:00:00Z,UNCERTAIN,False,,110543.6,DOWN,UP,0.0011714834689660912074511776348879537123813590293785,,2025-09,ABSTENTION,,,,,,,,,,
113,28b57bcbca253c926b94700a0e75042af4226a2dbd5506e949229414f3efe186,2025-09-05T16:00:00Z,UNCERTAIN,False,,110673.1,UP,UP,0.00076983476562958840043334830234266501977445287066143,,2025-09,ABSTENTION,,,,,,,,,,
114,874e06c96b95dd890c008c275aefd7f602f430b38bbe15b4739059a1bf2b4613,2025-09-05T17:00:00Z,UNCERTAIN,False,,110758.3,UP,DOWN,-0.0016793323841192939942198462778861719618304000693402,,2025-09,ABSTENTION,,,,,,,,,,
115,b151a4d03a5cd1e6fa852b09ca8c475e43c49012e4a83a984465683de633c7c0,2025-09-05T18:00:00Z,UNCERTAIN,False,,110572.3,DOWN,UP,0.0050971174516583267237816342791096866032451165436551,,2025-09,ABSTENTION,,,,,,,,,,
116,0393ccae3b5ecc982776d1c417b606ecfffaec9a13e12dacf79a49323bfaa1ae,2025-09-05T19:00:00Z,UNCERTAIN,False,,111135.9,UP,UP,0.0036144936064763951162495647221104971480862619549578,,2025-09,ABSTENTION,,,,,,,,,,
117,1d11dc4ea9c75ab76cce0115f254edf81fb79be13b263e64f645307331a4fa54,2025-09-05T20:00:00Z,UNCERTAIN,False,,111537.6,UP,UP,0.00045186555923742307526789172440504368033739295089728,,2025-09,ABSTENTION,,,,,,,,,,
118,c7cccd350d4cad4d83be72f36dda506f5709363ad9d4202a0c8d38eb3ffbdf4f,2025-09-05T21:00:00Z,UNCERTAIN,False,,111588,UP,DOWN,-0.0091990178155357206868122020288919955550776069111374,,2025-09,ABSTENTION,,,,,,,,,,
119,75480a95b0c9181d0ebbd8d71a90f9bee9fb4890ae8b2fcde4043b31b1530372,2025-09-05T22:00:00Z,UNCERTAIN,False,,110561.5,DOWN,UP,0.0017374945166264929473641367021974195357335057863723,,2025-09,ABSTENTION,,,,,,,,,,
120,e184308030d2f80645845e1a4e1ff478ef74137787bfe4e7b036fa0031f8b232,2025-09-05T23:00:00Z,BALANCED,False,,110753.6,UP,DOWN,-0.0011394663469178428511578856127475766024761271868364,,2025-09,ABSTENTION,,,,,,,,,,
121,c26b12dc69943c290c4a4739097efa2469281759bacc0fa8d08c25282427ceb8,2025-09-06T00:00:00Z,BALANCED,False,,110627.4,DOWN,UP,0.0010729710722660028166620565971902078508579248902171,,2025-09,ABSTENTION,,,,,,,,,,
122,7b703bc15f43d6fd0dea684c49305ff5e772e8c15aaf464eef1f29449e667ae8,2025-09-06T01:00:00Z,BALANCED,False,,110746.1,UP,UP,0.00074314129346315581316181788794368379563704726396686,,2025-09,ABSTENTION,,,,,,,,,,
123,f30ba944295c0b3b9ae2090f0a827676539f69e0ea989f6423f1d46442ba94d4,2025-09-06T02:00:00Z,UNCERTAIN,False,,110828.4,UP,UP,0.0031571330092286814570994438248679941242497410411050,,2025-09,ABSTENTION,,,,,,,,,,
124,4d6b45fcdb03525680650d8d0bcb3c222aa97f2900d4bc56bc170aec04e3017d,2025-09-06T03:00:00Z,UNCERTAIN,False,,111178.3,UP,DOWN,-0.0012520428896646198044042767338590354412686648383722,,2025-09,ABSTENTION,,,,,,,,,,
125,c1ac3de723ef3afd0d785b6b998eda23f45e2256fe783c7ada4265ced1d0cc84,2025-09-06T04:00:00Z,UNCERTAIN,False,,111039.1,DOWN,DOWN,-0.0019911904905569299462981958607373438725638086043565,,2025-09,ABSTENTION,,,,,,,,,,
126,be2dca4460f9490f628c1fccd3fdb101b41dc8f4bb508514fdac4cebfab97251,2025-09-06T05:00:00Z,UNCERTAIN,False,,110818,DOWN,DOWN,-0.0012714540959049973830966088541572668700030680936310,,2025-09,ABSTENTION,,,,,,,,,,
127,9a0a2f15cc7438f9f24b7fa57226dc1eba7553dfba66364380ed205080d70c1e,2025-09-06T06:00:00Z,UNCERTAIN,False,,110677.1,DOWN,UP,0.00035147288824878859312360009432845638347950931132095,,2025-09,ABSTENTION,,,,,,,,,,
128,b3ff7b9456f1b413ea5b9b61f129b61c91930f0c154f196bd5f9088c86577401,2025-09-06T07:00:00Z,BALANCED,False,,110716,UP,UP,0.00058437804833989667256765056541060009393402940857690,,2025-09,ABSTENTION,,,,,,,,,,
129,d6b584fbc0df50b37299c9b55e423a65f3c5c8790e38e0d29f687e1b0017a11d,2025-09-06T08:00:00Z,BALANCED,False,,110780.7,UP,UP,0.0011572412884193726885639827154007873212572226028541,,2025-09,ABSTENTION,,,,,,,,,,
130,ab25cca70bd9a3e12d2d5c6a4e32c52aa7017ed1f061042de5ffb7a649b4a9ae,2025-09-06T09:00:00Z,UNCERTAIN,False,,110908.9,UP,DOWN,-0.0021810693280701548748567518026055618620327133349984,,2025-09,ABSTENTION,,,,,,,,,,
131,ce5be0f1df16298e75c354a8257edf2192fd6d4fb4726f5b9e46d214cc47654b,2025-09-06T10:00:00Z,BALANCED,False,,110667,DOWN,UP,0.00075993747006786124138180306685823235472182312703877,,2025-09,ABSTENTION,,,,,,,,,,
132,78d5d8dda4702c86e1ead8357d919f0e6e3130aafd02a80d3341446c85c81f3d,2025-09-06T11:00:00Z,UP,True,CL-2025-09-06T10:00:00+00:00-5e6b7e617101,110751.1,UP,DOWN,-0.00013634176093962046426626913863609481079646161527967,True,2025-09,PAIRED,False,False,NEITHER,box-2025-09-06T07:45:00+00:00-c0ea8083aa1d,1,ALREADY_ACTIVE_AT_CUTOFF,2025-09-06T10:40:00Z,,STALLED,2025-09-06T11:40:00Z
133,4322f2ec4845025903b2e829af8e5187086a161b96a2eea3c54024f02a36bbff,2025-09-06T12:00:00Z,UNCERTAIN,False,,110736,DOWN,UP,0.00040095361941915908105765062852188990030342436064153,,2025-09,ABSTENTION,,,,,,,,,,
134,805c918630afd1b9fe9d9a04f702a2ae871fac3a365b48a4beaef127fbb70de6,2025-09-06T13:00:00Z,UNCERTAIN,False,,110780.4,UP,UP,0.00093157273308274748962812916364266603117518983502497,,2025-09,ABSTENTION,,,,,,,,,,
135,02d19448f015baa87d669791aedf8b83fe9c10c08ccc1024a7ae1435663b01a7,2025-09-06T14:00:00Z,UNCERTAIN,False,,110883.6,UP,DOWN,-0.0010154792954052718346085444556273425465984149143787,,2025-09,ABSTENTION,,,,,,,,,,
136,36a982694af4729d6aa92001d22b3a20c27c10cc8e56d8a937d732e905722dba,2025-09-06T15:00:00Z,UNCERTAIN,False,,110771,DOWN,DOWN,-0.0038466746711684466150887867763223226295691110489207,,2025-09,ABSTENTION,,,,,,,,,,
137,d6edbf57d6dcea99fe90a97b741eb35a2b2432a9f39df432b261eb6fa243d1cf,2025-09-06T16:00:00Z,UNCERTAIN,False,,110344.9,DOWN,DOWN,-0.0011454992482661183253598489825991051693372326224411,,2025-09,ABSTENTION,,,,,,,,,,
138,73a4cb70eb409dbd246e0bec050753a7297bceb0f40af5ff6649714937a60b75,2025-09-06T17:00:00Z,UNCERTAIN,False,,110218.5,DOWN,DOWN,-0.0010424747206684903169613086732263639951550783216974,,2025-09,ABSTENTION,,,,,,,,,,
139,bbed68f9be6f95b8e32e76d7f9ce890cd43abac34f3c11a1a53a63c88ae61af1,2025-09-06T18:00:00Z,UNCERTAIN,False,,110103.6,DOWN,UP,0.00066755310453064204985123102241888548603315422928951,,2025-09,ABSTENTION,,,,,,,,,,
140,c470bb55f2fb72e66dffd557611f420800ab92c6615f3a1d84fb0c0396ada280,2025-09-06T19:00:00Z,UNCERTAIN,False,,110177.1,UP,DOWN,-0.0015529542890491762807334736528734192495536731317125,,2025-09,ABSTENTION,,,,,,,,,,
141,1e567ef6fc2427e20e3cc565527ed164f8cff0fb83e60a51db116b3929f5af59,2025-09-06T20:00:00Z,UNCERTAIN,False,,110006,DOWN,UP,0.0010844863007472319691653182553678890242350417249968,,2025-09,ABSTENTION,,,,,,,,,,
142,9503cf518b1cbb30e18b0cf2f8de60a986300c11932318f62287bb7cafc2671d,2025-09-06T21:00:00Z,UNCERTAIN,False,,110125.3,UP,UP,0.00031691173599527084148692443970640715621206026226489,,2025-09,ABSTENTION,,,,,,,,,,
143,08a7ceb1a9e758cce019d744b086f0c686a0c12c7dc35fe56c25f273c9539f4d,2025-09-06T22:00:00Z,UNCERTAIN,False,,110160.2,UP,DOWN,-0.00029411711307713675174881672328118503779041795494198,,2025-09,ABSTENTION,,,,,,,,,,
144,e9a45e1e5bad730ec46e7de108a8d3cf07582606c682ca0c31531fa5daeb925f,2025-09-06T23:00:00Z,UNCERTAIN,False,,110127.8,DOWN,UP,0.00010442413268947531867521189018576599187489444082239,,2025-09,ABSTENTION,,,,,,,,,,
145,6d5d7b6aec4878b0425d0c875d4e10ca670baf0558d6f67630511392b723b218,2025-09-07T00:00:00Z,UNCERTAIN,False,,110139.3,UP,UP,0.0014935631513910112012696648698511793701249236194528,,2025-09,ABSTENTION,,,,,,,,,,
146,9c219c6719156a4b37fd9c9a10ce918709e82231133e24739683f5b7fd87b96a,2025-09-07T01:00:00Z,BALANCED,False,,110303.8,UP,UP,0.0017778172646817244736808704686511253465429114862770,,2025-09,ABSTENTION,,,,,,,,,,
147,78aed5a871b2b60dfbc324974055bd41c18f153d26a010f6b31ce2d0371b0920,2025-09-07T02:00:00Z,UNCERTAIN,False,,110499.9,UP,UP,0.0010298651853983578265681688399718008794578094640810,,2025-09,ABSTENTION,,,,,,,,,,
148,e29f486bcd502fdbcecbd1e0d965488439d94b86715d3ad5c133cc80c4c4a0c6,2025-09-07T03:00:00Z,UNCERTAIN,False,,110613.7,UP,DOWN,-0.00013922326077149575504661719117975440655181049002068,,2025-09,ABSTENTION,,,,,,,,,,
149,bd8e97feb3ebf2ea96f21a7bee4f7377b742d08a8469685c429c8c1f5222a31b,2025-09-07T04:00:00Z,UNCERTAIN,False,,110598.3,DOWN,DOWN,-0.00062930442872991718679220205012192773306642145494099,,2025-09,ABSTENTION,,,,,,,,,,
150,205e951e3531e83b1199bba3b92391c3d7dab81e28739f765b67ac70f4d26d01,2025-09-07T05:00:00Z,UNCERTAIN,False,,110528.7,DOWN,UP,0.00074460298546893250350361489821195761824756827864618,,2025-09,ABSTENTION,,,,,,,,,,
151,8c563195b90874884bc35f25e92bc1814db164c9b608cacdb7c68acf33c7ddcd,2025-09-07T06:00:00Z,UNCERTAIN,False,,110611,UP,DOWN,-0.0012611765556771026389780401587545542486732784261963,,2025-09,ABSTENTION,,,,,,,,,,
152,3da55a21830d9828ef35044755fd0a909c5c2f5bfe2800a6b8016ac506f93630,2025-09-07T07:00:00Z,UNCERTAIN,False,,110471.5,DOWN,UP,0.0021598330791199540152890111929321137125865042114935,,2025-09,ABSTENTION,,,,,,,,,,
153,3a63514e057130b039405945a6fb0afbf384b18610399f2407f2f0b2bcab4ffc,2025-09-07T08:00:00Z,UNCERTAIN,False,,110710.1,UP,UP,0.0026763592481625434355131103666241833400927286670322,,2025-09,ABSTENTION,,,,,,,,,,
154,b4e688342932c90d02444e7a824d8dfd87ebe81a0b05b28c44779ecb44ae0f6c,2025-09-07T09:00:00Z,UNCERTAIN,False,,111006.4,UP,UP,0.00053870767811585638305539140085616685164098646564522,,2025-09,ABSTENTION,,,,,,,,,,
155,eec2e6d34882af62430cd2dfef3adab2b96ad247e35fbb232f479de4e2753080,2025-09-07T10:00:00Z,UNCERTAIN,False,,111066.2,UP,UP,0.00086795082572375754279879927466682032877689161959264,,2025-09,ABSTENTION,,,,,,,,,,
156,beb3f7f66a630c2931bff571fc4e35abf7abd47b7f33db40a567f33eee4c7cda,2025-09-07T11:00:00Z,UNCERTAIN,False,,111162.6,UP,UP,0.00069627734507829072008031478212996097608368282138057,,2025-09,ABSTENTION,,,,,,,,,,
157,501a5231ebbb8bafb1fbdc36053e49ce6370370c4090cbbe6a0be748a1c78443,2025-09-07T12:00:00Z,UNCERTAIN,False,,111240,UP,DOWN,-0.0015462064005753326141675656238763034879539733908666,,2025-09,ABSTENTION,,,,,,,,,,
158,9b3e3655dff92c51a49e2bc0005914a6ac0c43ad39ad6a7c481a3f74466e4be4,2025-09-07T13:00:00Z,UP,True,AL-2025-09-07T11:45:00+00:00-82fb5a80dee3,111068,DOWN,UP,0.00098228112507652969352108618143839809846220333489394,True,2025-09,PAIRED,True,False,MV_ONLY,AL-2025-09-07T11:45:00+00:00-82fb5a80dee3,1,ALREADY_ACTIVE_AT_CUTOFF,2025-09-07T12:35:00Z,,DESTINATION_REACHED,2025-09-07T14:08:00Z
159,a6defd23435e1f3937a67cdaeebb77e1cff212732f9b52a7f3f349e5dc0bee29,2025-09-07T14:00:00Z,UP,True,AL-2025-09-07T11:45:00+00:00-82fb5a80dee3,111177.1,UP,DOWN,-0.00067280042382828837953139630373521165779643469743319,True,2025-09,PAIRED,False,False,NEITHER,AL-2025-09-07T11:45:00+00:00-82fb5a80dee3,2,ALREADY_ACTIVE_AT_CUTOFF,2025-09-07T12:35:00Z,,DESTINATION_REACHED,2025-09-07T14:08:00Z
160,659b76b7d1f67a75cf840320cd9f79f174530737a85900133476bdbf1b79d76c,2025-09-07T15:00:00Z,UP,True,AL-2025-09-07T14:30:00+00:00-920e94fc7bd0,111102.3,DOWN,UP,0.0017614396821667958269090738895594420637556558235068,True,2025-09,PAIRED,True,False,MV_ONLY,AL-2025-09-07T14:30:00+00:00-920e94fc7bd0,1,ACTIVATED_WITHIN_1H,2025-09-07T15:19:00Z,,INVALIDATED,2025-09-07T17:10:00Z
161,34de39552f8e6fb01c757b12e69952790952646d44785066262c75ba3380ee6d,2025-09-07T16:00:00Z,UP,True,AL-2025-09-07T14:30:00+00:00-920e94fc7bd0,111298,UP,DOWN,-0.0012120613128717497169760462901399845459936386997071,True,2025-09,PAIRED,False,False,NEITHER,AL-2025-09-07T14:30:00+00:00-920e94fc7bd0,2,ALREADY_ACTIVE_AT_CUTOFF,2025-09-07T15:19:00Z,,INVALIDATED,2025-09-07T17:10:00Z
162,fde3f0ef0802806c69dea791c8b9dca10fb09faf1bb8619b558336f0b13d41c1,2025-09-07T17:00:00Z,UP,True,AL-2025-09-07T14:30:00+00:00-920e94fc7bd0,111163.1,DOWN,DOWN,-0.0020402453691917551777523296849404163791761834637573,True,2025-09,PAIRED,False,True,PERSISTENCE_ONLY,AL-2025-09-07T14:30:00+00:00-920e94fc7bd0,3,ALREADY_ACTIVE_AT_CUTOFF,2025-09-07T15:19:00Z,,INVALIDATED,2025-09-07T17:10:00Z
163,051a1114ab6634a9a45195f43e76b861999a3153f2ee9ef9810ed4076b0f8cb0,2025-09-07T18:00:00Z,UNCERTAIN,False,,110936.3,DOWN,UP,0.00070220477877845213874989521013410398580086049381492,,2025-09,ABSTENTION,,,,,,,,,,
164,7935deefd28a08a25bbc927c0b201814bf93ed36ac4ae59eb35a23a8de99d188,2025-09-07T19:00:00Z,BALANCED,False,,111014.2,UP,UP,0.0017790516888830437907943308153371370509358262276357,,2025-09,ABSTENTION,,,,,,,,,,
165,41f2e9e9f5bdf6779f0dc45717dbe708114a9404706a31b4c4ec98b07209156b,2025-09-07T20:00:00Z,UNCERTAIN,False,,111211.7,UP,UP,0.00049724983972010139220963261958948563865132895189985,,2025-09,ABSTENTION,,,,,,,,,,
166,7048be1bf276deccb42bf70b83ed910c9e6ed52ca61ff196030618ba2818084e,2025-09-07T21:00:00Z,UNCERTAIN,False,,111267,UP,DOWN,-0.0024742286571939568784994652502538937870168154079826,,2025-09,ABSTENTION,,,,,,,,,,
167,1b1860fc7f73f786531de63c673519c9a7da9f51203adf6f9726047b2b2b460b,2025-09-07T22:00:00Z,UNCERTAIN,False,,110991.7,DOWN,UP,0.0018271636527776401298475471589317039021836767974542,,2025-09,ABSTENTION,,,,,,,,,,
168,5f9aa0fbba2cba3f387f47abf859720cca8becfb1a9e14973658c7c6baedb825,2025-09-07T23:00:00Z,BALANCED,False,,111194.5,UP,DOWN,-0.0010387204403095476844628106605992202851759754304395,,2025-09,ABSTENTION,,,,,,,,,,
169,215c33e29a95e8989db2f2e019d2479e9b788293be1b42db4a8f9d7588839c97,2025-09-08T00:00:00Z,BALANCED,False,,111079,DOWN,DOWN,-0.0026809748017176964142637222157203431791787826681911,,2025-09,ABSTENTION,,,,,,,,,,
170,20e5df6f3fecb3d0ba51e63f12c9f6ff1e2f87d4e78cdf4563f7606fb61dcbaf,2025-09-08T01:00:00Z,UNCERTAIN,False,,110781.2,DOWN,UP,0.00055605102670850288677140164576661021906244019743422,,2025-09,ABSTENTION,,,,,,,,,,
171,cde2f7c5e760010b28dc360c152ef3acee869cab101b4e2ccee7e178b327b150,2025-09-08T02:00:00Z,UNCERTAIN,False,,110842.8,UP,UP,0.0031558206757678441901503751258539120267622254219489,,2025-09,ABSTENTION,,,,,,,,,,
172,ce4f93333069993a0720e96db632a968461df1d1b8109d5c1b0aadd1290860dd,2025-09-08T03:00:00Z,UNCERTAIN,False,,111192.6,UP,DOWN,-0.0018400505069581968584240318150668299868876166219694,,2025-09,ABSTENTION,,,,,,,,,,
173,96de3ad377b7a371c0e821a188ba9c92482893a61338418454960d2fc28be71a,2025-09-08T04:00:00Z,BALANCED,False,,110988,DOWN,DOWN,-0.00049645006667387465311565214257397196093271344649872,,2025-09,ABSTENTION,,,,,,,,,,
174,25734538698931a410fe616ab56a79e16b2b7c9a981549a26597b552d8b537a5,2025-09-08T05:00:00Z,UNCERTAIN,False,,110932.9,DOWN,UP,0.00035967688575706575776888551547827560624485612473847,,2025-09,ABSTENTION,,,,,,,,,,
175,a6e18e999ddd2c26ae09de6d8a64ae16d5ea5389cf53ab81e58e2bb5ba7bf0f0,2025-09-08T06:00:00Z,BALANCED,False,,110972.8,UP,UP,0.00083533983102165575708642117708123071599527091323279,,2025-09,ABSTENTION,,,,,,,,,,
176,2843975a079ff47bd902347ca69ef72a48eff97bf5c3b3c1efb1e75f22656654,2025-09-08T07:00:00Z,BALANCED,False,,111065.5,UP,UP,0.0014333884059406386321585010646870540356816473162233,,2025-09,ABSTENTION,,,,,,,,,,
177,061ae4e67d6e139ee816ec78431456674a5b9435220cd0246223c771492c5488,2025-09-08T08:00:00Z,BALANCED,False,,111224.7,UP,UP,0.0037896258654777221246719478676948555491720813812040,,2025-09,ABSTENTION,,,,,,,,,,
178,8cfb5445e12909324fde877d351cd21a4a2d15c0bd0a4b643975c2c67f47b761,2025-09-08T09:00:00Z,UNCERTAIN,False,,111646.2,UP,UP,0.0036606709408828961487269607026481868617113703825119,,2025-09,ABSTENTION,,,,,,,,,,
179,f02e5f3e7167b35e0596c6484f6123ae0d4d05f87750b26a8743c089334391a8,2025-09-08T10:00:00Z,UNCERTAIN,False,,112054.9,UP,DOWN,-0.00037660111249039533300194815220039462799038685501482,,2025-09,ABSTENTION,,,,,,,,,,
180,55ee233912dbf5a872bb601a2fc560791aa9d8bc976be55f9a4aa6cf911078ef,2025-09-08T11:00:00Z,UNCERTAIN,False,,112012.7,DOWN,UP,0.00018837149716058982597509032457926645817840298466156,,2025-09,ABSTENTION,,,,,,,,,,
181,19187e9dbfe58597bfb1df58888cb66ec36dbc11335631786445058daba89cca,2025-09-08T12:00:00Z,UNCERTAIN,False,,112033.8,UP,DOWN,-0.00024367646192488338340750737723794069289803612838268,,2025-09,ABSTENTION,,,,,,,,,,
182,15ec46ca5c377a640d96d4e633af8638d0536adcf314334a6a78823eb00e346d,2025-09-08T13:00:00Z,UNCERTAIN,False,,112006.5,DOWN,DOWN,-0.0010419038180819863132943177404882752340265966707289,,2025-09,ABSTENTION,,,,,,,,,,
183,a6b840401ebc11e5786613a7503ba6d0aed2508b8f9468d75022a5394314e93f,2025-09-08T14:00:00Z,UNCERTAIN,False,,111889.8,DOWN,UP,0.0064751210566110583806566818423127041070767844790142,,2025-09,ABSTENTION,,,,,,,,,,
184,55aa44227e73384bd9dffa971662e5935d23fde6f1113d35d0e491f613e3fed2,2025-09-08T15:00:00Z,UNCERTAIN,False,,112614.3,UP,DOWN,-0.00012698209730025405299326994884308653519135669271132,,2025-09,ABSTENTION,,,,,,,,,,
185,6e5471b4a44e57524b06fdaaa06a5ba7900dbcd20e572f58c0ae8687a08a54ca,2025-09-08T16:00:00Z,UP,True,AL-2025-09-08T15:15:00+00:00-ff412165d931,112600,DOWN,DOWN,-0.0020488454706927175843694493783303730017761989342806,False,2025-09,PAIRED,False,True,PERSISTENCE_ONLY,AL-2025-09-08T15:15:00+00:00-ff412165d931,1,NOT_ACTIVATED_AT_1H,2025-09-08T17:16:00Z,2025-09-08T17:16:00Z,INVALIDATED,2025-09-08T17:52:00Z
186,2d53aef3ead45fc5bb82cd64e4c1661b4aeeb722822c8ebaaf979cda3489ff61,2025-09-08T17:00:00Z,UP,True,AL-2025-09-08T15:15:00+00:00-ff412165d931,112369.3,DOWN,DOWN,-0.0015644842497016533875355635391517078063136461649223,True,2025-09,PAIRED,False,True,PERSISTENCE_ONLY,AL-2025-09-08T15:15:00+00:00-ff412165d931,2,ACTIVATED_WITHIN_1H,2025-09-08T17:16:00Z,,INVALIDATED,2025-09-08T17:52:00Z
187,74fc8f120a6b1a113c5a90d264c1734075a78f19dd79087fbd6e53b4a3fd45db,2025-09-08T18:00:00Z,UNCERTAIN,False,,112193.5,DOWN,UP,0.0022327496690984771845071238529861355604379932883812,,2025-09,ABSTENTION,,,,,,,,,,
188,3e41945e04ee4fb5905c6ad7866dbe232065006ed82b7ba301d368239b3119a9,2025-09-08T19:00:00Z,BALANCED,False,,112444,UP,DOWN,-0.0033047561452812066450855536978407029276795560456761,,2025-09,ABSTENTION,,,,,,,,,,
189,5a5e669e487d173e6ec1a240f495c27d201b9838c2f407200362a94e0ae6d736,2025-09-08T20:00:00Z,UNCERTAIN,False,,112072.4,DOWN,DOWN,-0.0012242086365599380400526802317073605990413339948105,,2025-09,ABSTENTION,,,,,,,,,,
190,c40404b4cd9c658a3cf701d6148964e6f34c90fd116214b1f52aeb225abc8f60,2025-09-08T21:00:00Z,UNCERTAIN,False,,111935.2,DOWN,UP,0.0032795760404233878172371157598324745031053681058327,,2025-09,ABSTENTION,,,,,,,,,,
191,2bc5c940bb96cca93fea5d156e7f3d2138ca1e50c3236c78dbb334b636ac13dd,2025-09-08T22:00:00Z,UNCERTAIN,False,,112302.3,UP,DOWN,-0.00094477138936602367004059578477021396712266801303268,,2025-09,ABSTENTION,,,,,,,,,,
192,053b19bb6fa6920ac4be78a69d8f7c6c84e7e9258c1f53aa9f3b2ee8871d81da,2025-09-08T23:00:00Z,UNCERTAIN,False,,112196.2,DOWN,DOWN,-0.0015428330014742032261342184494662029551803002240718,,2025-09,ABSTENTION,,,,,,,,,,
193,ecaa420b2866d45853f28260b5b3c9052cbb7bf7b6de58385bb23f0998a9f7a2,2025-09-09T00:00:00Z,UNCERTAIN,False,,112023.1,DOWN,DOWN,-0.0036447839775903362788567715051627744634811927182876,,2025-09,ABSTENTION,,,,,,,,,,
194,9ad1ad5b8c2d62a9fd392840fc0e2a6b566c4a775d84ea6edc2b8ef9b3619086,2025-09-09T01:00:00Z,UNCERTAIN,False,,111614.8,DOWN,DOWN,-0.0025131075807151022982615208735759057042614420309851,,2025-09,ABSTENTION,,,,,,,,,,
195,395e6bb96a1dc0639d0b6b6fb1660b424b82b53c66670db2024b37261aee308c,2025-09-09T02:00:00Z,UNCERTAIN,False,,111334.3,DOWN,DOWN,-0.00030628476579095570727080513372788080582533864226927,,2025-09,ABSTENTION,,,,,,,,,,
196,2d67718cafd01384e1d7f8daa6fdc8817640648ba4e244c87043e2663a0246ea,2025-09-09T03:00:00Z,UNCERTAIN,False,,111300.2,DOWN,UP,0.0031976582252322996724174799326506151830814320189901,,2025-09,ABSTENTION,,,,,,,,,,
197,21e9089dc93506d3d1c27ca9bc077f54889d3a23e40a25f58a21b554ab854222,2025-09-09T04:00:00Z,UNCERTAIN,False,,111656.1,UP,UP,0.0027441402664072988399200760191337508653803956971451,,2025-09,ABSTENTION,,,,,,,,,,
198,ff6cb6f994ffaacbae26a02574d49043e351f6f89a3ea691f80e78f0292c8d0e,2025-09-09T05:00:00Z,UNCERTAIN,False,,111962.5,UP,UP,0.0015326560232220609579100145137880986937590711175617,,2025-09,ABSTENTION,,,,,,,,,,
199,e5932a5909582073649eacf804f6f7e921f65ad1f5a3e9eb002d4723a0a8442d,2025-09-09T06:00:00Z,UNCERTAIN,False,,112134.1,UP,UP,0.0075605904002439935755492753765357727934678211177510,,2025-09,ABSTENTION,,,,,,,,,,
200,b982c12d12b62390c138059f8ab973d0b7df84bd983957aa8198818bc9a0be3f,2025-09-09T07:00:00Z,UNCERTAIN,False,,112981.9,UP,DOWN,-0.00016728343212496868967507184779154891181684853945632,,2025-09,ABSTENTION,,,,,,,,,,
201,118a6a372140cb64c6ac6acf35cedeebe181ae4fab925adb4ee600c0c8644000,2025-09-09T08:00:00Z,UNCERTAIN,False,,112963,DOWN,UP,0.000015934421005107867177748466311978258367784141710117,,2025-09,ABSTENTION,,,,,,,,,,
202,84abce8e5d284b615eb4e4cb331bf34c359680549dc8f351d8f9ec960f14d21f,2025-09-09T09:00:00Z,UNCERTAIN,False,,112964.8,UP,DOWN,-0.00030717533249295355721428267920626602269025395521437,,2025-09,ABSTENTION,,,,,,,,,,
203,032137641f12ffc04daeaa24532ccc2698fba2fbf6c1e55ca864c1b71f5baa2c,2025-09-09T10:00:00Z,UNCERTAIN,False,,112930.1,DOWN,DOWN,-0.0019587337654000129283512544485482612695818032570590,,2025-09,ABSTENTION,,,,,,,,,,
204,3a6fde0e5fc1758ba55ef484067139dde6bd98a3f1e3a438cf1f45303c424fd5,2025-09-09T11:00:00Z,UNCERTAIN,False,,112708.9,DOWN,DOWN,-0.0026643858648252267567157518172921570523711969507288,,2025-09,ABSTENTION,,,,,,,,,,
205,ebce3bc91f6bb9010b62aa517d7fe3a07f851baa8055d403d46accc01011243a,2025-09-09T12:00:00Z,UNCERTAIN,False,,112408.6,DOWN,UP,0.0020025158217431762338468764845394391532320480817304,,2025-09,ABSTENTION,,,,,,,,,,
206,64ae19d7366afd8569502090bfc8fa1afad648e16565161b7fc22ce550ca89db,2025-09-09T13:00:00Z,UNCERTAIN,False,,112633.7,UP,UP,0.00074489251440732214248488685002801115474320740595399,,2025-09,ABSTENTION,,,,,,,,,,
207,3facc9badd57b624f90f474e5d264a5d29c09533ae8090b51ac03c248b6af8c6,2025-09-09T14:00:00Z,UNCERTAIN,False,,112717.6,UP,DOWN,-0.0087395402315166398149002462791968601176746133700505,,2025-09,ABSTENTION,,,,,,,,,,
208,45a0d4d186e418cc996cf931c3c18b441a37c09d9f6a79dba7e0a634ec45895c,2025-09-09T15:00:00Z,UNCERTAIN,False,,111732.5,DOWN,DOWN,-0.0081784619515360347257959859485825520775065446490502,,2025-09,ABSTENTION,,,,,,,,,,
209,d0d48dc9d11b91faa817d1db55a6f2696fb592c59afb9715ebced61fd32e43af,2025-09-09T16:00:00Z,UNCERTAIN,False,,110818.7,DOWN,UP,0.00086176791462090784317087278591068113955496680614373,,2025-09,ABSTENTION,,,,,,,,,,
210,dea4257006c6778743fadd916d5e2cc30f5ac2d41030868d5791478e20d929cc,2025-09-09T17:00:00Z,DOWN,True,AS-2025-09-09T16:15:00+00:00-7928da011612,110914.2,UP,UP,0.00066628078280328397986912406166207753380540994750898,True,2025-09,PAIRED,False,True,PERSISTENCE_ONLY,AS-2025-09-09T16:15:00+00:00-7928da011612,1,ALREADY_ACTIVE_AT_CUTOFF,2025-09-09T16:50:00Z,,INVALIDATED,2025-09-09T17:05:00Z
211,e1e964cf0f10d29120ad07bd1f51409767fc239bbd3d8e3c37fcb1c83bcb8358,2025-09-09T18:00:00Z,UNCERTAIN,False,,110988.1,UP,UP,0.0010010082161961507585047405983163960821024956729595,,2025-09,ABSTENTION,,,,,,,,,,
212,2ae891dc8902422ce2ac1bc65ab0a258f91b2cb5877e1a38b045eb16931d4fd1,2025-09-09T19:00:00Z,UNCERTAIN,False,,111099.2,UP,UP,0.0014293532266658985843282399873266414159597908895834,,2025-09,ABSTENTION,,,,,,,,,,
213,184eeed510f2e9164989f45da0a276d7eb7e225fa81a8734402b6ab25c2e42c9,2025-09-09T20:00:00Z,UNCERTAIN,False,,111258,UP,UP,0.0020304157903251900986895324381168095777382300598609,,2025-09,ABSTENTION,,,,,,,,,,
214,5c8c9f2a9613ea9f10c3676d3ea2571cfc1d22d671e97c8e2e46e037df504022,2025-09-09T21:00:00Z,UNCERTAIN,False,,111483.9,UP,DOWN,-0.0021061337107869387418272952417344567242444873205907,,2025-09,ABSTENTION,,,,,,,,,,
215,cc8e74f44407d62cf0122bdcdae29e963556aaaa8bbe3eb0154d9f98f81623ee,2025-09-09T22:00:00Z,UNCERTAIN,False,,111249.1,DOWN,UP,0.0023308053728075103528927425030854182191136827174332,,2025-09,ABSTENTION,,,,,,,,,,
216,b472a5611f3c96f657e105a51c84ce054747dc86b6df4281064818f73b698fd6,2025-09-09T23:00:00Z,BALANCED,False,,111508.4,UP,DOWN,-0.000075330647735955318164371473359854504234658554871203,,2025-09,ABSTENTION,,,,,,,,,,
217,02334dd7cb7594e319c2e58c270b9a81bb30c7c80cdb61ea9c604c856aa817a4,2025-09-10T00:00:00Z,UNCERTAIN,False,,111500,DOWN,DOWN,-0.0046771300448430493273542600896860986547085201793722,,2025-09,ABSTENTION,,,,,,,,,,
218,9be7a8f12ec58240c38f833684529c4c263c9bdadc0c3a7dbf4ca289fe5197a7,2025-09-10T01:00:00Z,UNCERTAIN,False,,110978.5,DOWN,UP,0.000013516131502948769356226656514550115562924350211978,,2025-09,ABSTENTION,,,,,,,,,,
219,c3f1664c1e6fac376dca87a4a40f5bdc872d06513442ebba8bc6d99648a54320,2025-09-10T02:00:00Z,BALANCED,False,,110980,UP,UP,0.0035411785907370697422959091728239322400432510362227,,2025-09,ABSTENTION,,,,,,,,,,
220,0565f42a908f1829cfc5cf54306c236a86dde73bb73c6df74be4a46b86207771,2025-09-10T03:00:00Z,UNCERTAIN,False,,111373,UP,UP,0.0011914916541711186732870623939374893376312032539305,,2025-09,ABSTENTION,,,,,,,,,,
221,772c1369c8f8c2e648561f1d6b2373e0219445f9e55f170857901034e04b4774,2025-09-10T04:00:00Z,UNCERTAIN,False,,111505.7,UP,DOWN,-0.00032913115652383689802404720117446910785726648951578,,2025-09,ABSTENTION,,,,,,,,,,
222,1f53d57fd8200907aaacb9b5088ff9560e3232e5765fbd49557b563162aebae6,2025-09-10T05:00:00Z,BALANCED,False,,111469,DOWN,UP,0.00054095757564883510213601987996662749284554450116176,,2025-09,ABSTENTION,,,,,,,,,,
223,4e80d7e5e25766e64aa0bb0f76acd0fdb3b974335b356b574f201b3ed716df8f,2025-09-10T06:00:00Z,DOWN,True,CS-2025-09-10T05:45:00+00:00-3867ab88c237,111529.3,UP,UP,0.0020416159699738095729104369883071085356045451733311,True,2025-09,PAIRED,False,True,PERSISTENCE_ONLY,box-2025-09-10T04:00:00+00:00-5b541c48d4a1,1,ACTIVATED_WITHIN_1H,2025-09-10T06:01:00Z,,INVALIDATED,2025-09-10T06:30:00Z
224,f1a9f0af6ea8824b09ab2df87beb5236b0e03e35e7e8014db4b127100904adf1,2025-09-10T07:00:00Z,BALANCED,False,,111757,UP,UP,0.0065884016213749474305860035612981737161878003167587,,2025-09,ABSTENTION,,,,,,,,,,
225,3aa841235760f44a669e0b011c7e7e5044998f7d24d3d1f4fc148b3a3bfe0fd8,2025-09-10T08:00:00Z,UNCERTAIN,False,,112493.3,UP,DOWN,-0.0013458579310945629650832538471180061390322801446842,,2025-09,ABSTENTION,,,,,,,,,,
226,5fe717f3a4a4e3ef508e4dc55c3899b611d9f1ba73d1ffe5bd6db55fbb3df241,2025-09-10T09:00:00Z,UNCERTAIN,False,,112341.9,DOWN,DOWN,-0.00075394843776008773218184844657247206963741934220447,,2025-09,ABSTENTION,,,,,,,,,,
227,8e68dc5c79d3df6226a913ec2a530cc749baa994d21c63f3fd12e241a1726403,2025-09-10T10:00:00Z,UNCERTAIN,False,,112257.2,DOWN,UP,0.000013362171869599455536036886720851758283655747693689,,2025-09,ABSTENTION,,,,,,,,,,
228,d139d17dc9dee6db5c01bf82c2f322aa37614702af611cd0f348de3e95a6434c,2025-09-10T11:00:00Z,UNCERTAIN,False,,112258.7,UP,UP,0.00033672223177357300592292624090605004333739834863579,,2025-09,ABSTENTION,,,,,,,,,,
229,25982ed5996565bef68f587e2d28ee6c2a0c832f1ef70d171bb259183ef85228,2025-09-10T12:00:00Z,UNCERTAIN,False,,112296.5,UP,UP,0.0096494547915562818075362989941805844349556753772379,,2025-09,ABSTENTION,,,,,,,,,,
230,d51ee2eb204e1ee0c3e94fe97e63cf04adbe1124f362b08259614052d0d0fbae,2025-09-10T13:00:00Z,UNCERTAIN,False,,113380.1,UP,UP,0.0046710136964070414473086546933721173292314965324603,,2025-09,ABSTENTION,,,,,,,,,,
231,6fb951231077617b02c545678e0bc6de182cbe24ae0751b5479333a0429d08e8,2025-09-10T14:00:00Z,UNCERTAIN,False,,113909.7,UP,DOWN,-0.00028970315960800528839949538976926460169766051530291,,2025-09,ABSTENTION,,,,,,,,,,
232,98b0c0d2e9c4f8c3bce0ded0af3584dfb3bac655f44471950cb92f3f8a3bb84e,2025-09-10T15:00:00Z,UNCERTAIN,False,,113876.7,DOWN,DOWN,-0.00052425122961940414500947076970091335628798516289987,,2025-09,ABSTENTION,,,,,,,,,,
233,f32c443b687ffd87762b8dbc21773690bc92cbdc6561a217f787ebb7e38eff4c,2025-09-10T16:00:00Z,UNCERTAIN,False,,113817,DOWN,DOWN,-0.00071166873138459105406046548406652784733387806742402,,2025-09,ABSTENTION,,,,,,,,,,
234,4f6d984a8b39a8b0d472c1335e56abf6f141b9dff00886e3200719150f171bef,2025-09-10T17:00:00Z,UNCERTAIN,False,,113736,DOWN,DOWN,-0.00031740170218752198072729830484631075473025251459520,,2025-09,ABSTENTION,,,,,,,,,,
235,1bc657e72518d784a86c4d0491a0e1abfe9a911fa3576222e2b9f86b6c76a211,2025-09-10T18:00:00Z,UNCERTAIN,False,,113699.9,DOWN,DOWN,-0.0014133697567016329829665637348845513496493840363976,,2025-09,ABSTENTION,,,,,,,,,,
236,c9b802717c4ff56be2278003501bed86d930e11d0fddb2e15089f39a5f12839d,2025-09-10T19:00:00Z,UNCERTAIN,False,,113539.2,DOWN,DOWN,-0.00026598742989205490262393957329274823144781714156873,,2025-09,ABSTENTION,,,,,,,,,,
237,a6ef1a605bafd35113a7740088697f9ac60175d5349645f080b790fabf1ab80c,2025-09-10T20:00:00Z,UNCERTAIN,False,,113509,DOWN,DOWN,-0.000047573320177254667030808129751825846408654820322618,,2025-09,ABSTENTION,,,,,,,,,,
238,efd683d75023fa68c4882e4c30698561c5b9ba01c25dae092a0ebf00ab1e99bb,2025-09-10T21:00:00Z,UNCERTAIN,False,,113503.6,DOWN,UP,0.0023884704978520505076490965925309858013314115147009,,2025-09,ABSTENTION,,,,,,,,,,
239,6b27f71ccd3180750e51523acf28b29314b1664411a14679b4fe67a399daa306,2025-09-10T22:00:00Z,BALANCED,False,,113774.7,UP,UP,0.00049132188439081799380705903860875924085055816451285,,2025-09,ABSTENTION,,,,,,,,,,
240,4ff6108ecb1e9d4c74238b0f330235bf2788bd98b4ee646f89d75dc970bce58e,2025-09-10T23:00:00Z,DOWN,True,CS-2025-09-10T22:30:00+00:00-4042e83e13f5,113830.6,UP,UP,0.00060879939137630830374257888476385084502761120472000,False,2025-09,PAIRED,False,True,PERSISTENCE_ONLY,box-2025-09-10T21:45:00+00:00-914de4ac30cc,1,NOT_ACTIVATED_AT_1H,,,INVALIDATED,2025-09-10T23:03:00Z
241,df5dcf0389748b67619b6aed05a246ee730b37df5a9cdfdc2b2c5fc7ee3a705d,2025-09-11T00:00:00Z,BALANCED,False,,113899.9,UP,DOWN,-0.00047058864845359829113107210805277265388292702627483,,2025-09,ABSTENTION,,,,,,,,,,
242,b7df5451c22197ee1dc25416b6eeec31f116794f8b5ae63246e28bf1e42318b3,2025-09-11T01:00:00Z,BALANCED,False,,113846.3,DOWN,UP,0.000051824257793182562806169370458240627934329003226280,,2025-09,ABSTENTION,,,,,,,,,,
243,67614abacb4a923a9c26f85766570e584bddd5b6b755be734bb421eafc9da396,2025-09-11T02:00:00Z,BALANCED,False,,113852.2,UP,DOWN,-0.00072023202011028333225005753072843563848568582776617,,2025-09,ABSTENTION,,,,,,,,,,
244,ce26d56a50971411f831c0d8344f1d714f682691fd83aae642ffd72442b27910,2025-09-11T03:00:00Z,UNCERTAIN,False,,113770.2,DOWN,UP,0.0050707478759815839297109436390197081485309861457570,,2025-09,ABSTENTION,,,,,,,,,,
245,c8c442fc9eb863a99c51f2038ef28b450c3783048b83af0aedfd84d3f01f12a4,2025-09-11T04:00:00Z,UNCERTAIN,False,,114347.1,UP,DOWN,-0.0020280356913292947525560333405919345571509902743489,,2025-09,ABSTENTION,,,,,,,,,,
246,08d6c6f18e5a6465a9e2e5e4d886fd6670aa61edfa4cbfbba86c48d4ff8f2ee9,2025-09-11T05:00:00Z,UP,True,AL-2025-09-11T03:45:00+00:00-26a45ba3d602,114115.2,DOWN,UP,0.00086228653150500546815849247076638344409859510389501,True,2025-09,PAIRED,True,False,MV_ONLY,AL-2025-09-11T03:45:00+00:00-26a45ba3d602,1,ACTIVATED_WITHIN_1H,2025-09-11T05:10:00Z,,INVALIDATED,2025-09-11T05:21:00Z
247,cf1a6126f4ea3b83f20d5c098f24ca6b9e035fbbdc15e10b5ae81f21ba55beb4,2025-09-11T06:00:00Z,UNCERTAIN,False,,114213.6,UP,UP,0.00041501187249154216310491920401773519090546134610940,,2025-09,ABSTENTION,,,,,,,,,,
248,24f469baaa7b1e5b270754b6674ca1b001efa67ae56e4613471586f7a6725f46,2025-09-11T07:00:00Z,UNCERTAIN,False,,114261,UP,DOWN,-0.0019341682638870655779312276279745494963285810556533,,2025-09,ABSTENTION,,,,,,,,,,
249,b64d2ed38382033f8b9eaec28de7006aa22a6c179cc376e67866b290e399a4a2,2025-09-11T08:00:00Z,BALANCED,False,,114040,DOWN,DOWN,-0.00037618379515959312521922132585057874430024552788495,,2025-09,ABSTENTION,,,,,,,,,,
250,8eebe7443374ddc3636c89542d249191802b4164c3501bcc551dca1239979a54,2025-09-11T09:00:00Z,BALANCED,False,,113997.1,DOWN,DOWN,-0.0012351191389956411171863143886993616504279494829254,,2025-09,ABSTENTION,,,,,,,,,,
251,6fdfc7f903b2367e8c2a54340c299c2bef1bb12379608de4468379d81f8a55a7,2025-09-11T10:00:00Z,UNCERTAIN,False,,113856.3,DOWN,UP,0.0011997579404916548315727807771726290069148567097297,,2025-09,ABSTENTION,,,,,,,,,,
252,77235de76fb77c8caa947bc3c036e87b1fbf4ab28230dbd5f9f68dfdfdeca646,2025-09-11T11:00:00Z,BALANCED,False,,113992.9,UP,DOWN,-0.00037546198052685737445051402324179839270691420255121,,2025-09,ABSTENTION,,,,,,,,,,
253,382f38ad5584727effba452d15c04aedd417b51a3ad88a5b79312e791f1723dc,2025-09-11T12:00:00Z,UNCERTAIN,False,,113950.1,DOWN,DOWN,-0.00015884145779600017902573143858583713397355509121975,,2025-09,ABSTENTION,,,,,,,,,,
254,897a68950343cf065b643509ce70167683a06213954e2217925fff6f0efc275f,2025-09-11T13:00:00Z,BALANCED,False,,113932,DOWN,UP,0.0057534318716427342625425692518344275532773935329846,,2025-09,ABSTENTION,,,,,,,,,,
255,21e49add65dcc4cb4f4d792c39bddcdb0e27906a87e94969ac63914d4c385f50,2025-09-11T14:00:00Z,UNCERTAIN,False,,114587.5,UP,DOWN,-0.0014914366750299989091305770699247300098178248063707,,2025-09,ABSTENTION,,,,,,,,,,
256,b4b7c1ca40fe5688f5afc771ac50de88d5904063e6551de77d37232cda21d4a0,2025-09-11T15:00:00Z,UNCERTAIN,False,,114416.6,DOWN,DOWN,-0.0025555732297586189416570672437391077868071591010395,,2025-09,ABSTENTION,,,,,,,,,,
257,7e45cf692978101540541be5c412877ae13faad075cdcb48831270cf7a4024cb,2025-09-11T16:00:00Z,BALANCED,False,,114124.2,DOWN,UP,0.0026769081404294619370825819589534910211856906773498,,2025-09,ABSTENTION,,,,,,,,,,
258,807c5ac5d815ac60521fd1dc7fbab1f13e4b3bd95bef5b1b3aec9b89a9a255c7,2025-09-11T17:00:00Z,BALANCED,False,,114429.7,UP,UP,0.00092982853227789638529158076967780217897975787754403,,2025-09,ABSTENTION,,,,,,,,,,
259,75632436a24db77da57a361d19693b01b0642ed73f0bb356366b1d7243d57f11,2025-09-11T18:00:00Z,UNCERTAIN,False,,114536.1,UP,DOWN,-0.0024219438238249774525237021340869821829100170164690,,2025-09,ABSTENTION,,,,,,,,,,
260,ab2c2e298fdf7479a88251aff5fbee73fa1e4da4740847a925c62d4396c157bc,2025-09-11T19:00:00Z,BALANCED,False,,114258.7,DOWN,UP,0.00098285732289970041668599415186764771522868718093239,,2025-09,ABSTENTION,,,,,,,,,,
261,42ab54278b2990b9d9a718e7397c1f85cf03b556a96f74b2f1dbfcebe383b748,2025-09-11T20:00:00Z,UNCERTAIN,False,,114371,UP,DOWN,-0.00031563945405740965804268564583679429225940142168906,,2025-09,ABSTENTION,,,,,,,,,,
262,53c94b71fd1ff2606a4e0d9ca53578ba24d0e3422ef7ea921f1ba46e179135fc,2025-09-11T21:00:00Z,BALANCED,False,,114334.9,DOWN,UP,0.00079678208491020676976146390996974677023376064526230,,2025-09,ABSTENTION,,,,,,,,,,
263,5617075a121c32d1a05db2179dfd1a0279ec0e1cdafed8870271d102a7a57498,2025-09-11T22:00:00Z,UNCERTAIN,False,,114426,UP,UP,0.0052269589079405030325275724048730183699508852883086,,2025-09,ABSTENTION,,,,,,,,,,
264,4d36eb89d5983488d53a6dfb0b8ca9be323248d3723ea5f7e294cd88c1a05e2d,2025-09-11T23:00:00Z,UNCERTAIN,False,,115024.1,UP,UP,0.0035975069572376571518490472866121099839077202081998,,2025-09,ABSTENTION,,,,,,,,,,
265,b2d7d40c7c998b2aa74eacf283f9bd95bdbafaed546597b9526134b10a77c51c,2025-09-12T00:00:00Z,UNCERTAIN,False,,115437.9,UP,UP,0.0030752465178247352039494827955116993639004174538865,,2025-09,ABSTENTION,,,,,,,,,,
266,6d642b67f720946923b98eb4fa3c80ea04bf3226e28b5699d0203805bd1184c2,2025-09-12T01:00:00Z,UNCERTAIN,False,,115792.9,UP,DOWN,-0.0038551586496235952290684489290794167863487312261805,,2025-09,ABSTENTION,,,,,,,,,,
267,d11b7e539e9363edb83c7c7b16965ba802d17be62bef674ff2ec43d61afcdee1,2025-09-12T02:00:00Z,UNCERTAIN,False,,115346.5,DOWN,UP,0.000041613746407563298409574629485940188909069629334223,,2025-09,ABSTENTION,,,,,,,,,,
268,3b81626dad13c325ae0b25963eefb94e6b5c51a6af74868a9dd8741485d11069,2025-09-12T03:00:00Z,UNCERTAIN,False,,115351.3,UP,DOWN,-0.0018057880578719095493505491485574935002899837279684,,2025-09,ABSTENTION,,,,,,,,,,
269,f2f1e1fa084704da3b9595b2a88e17a8212483cc411c545a20a7e32d936690dd,2025-09-12T04:00:00Z,UNCERTAIN,False,,115143,DOWN,UP,0.0016119086700884986495053976359830819068462694215020,,2025-09,ABSTENTION,,,,,,,,,,
270,c8de76125af21308ee5dc7729ab286e0bde23886f6d6f9e977a28d29ca45bc72,2025-09-12T05:00:00Z,UNCERTAIN,False,,115328.6,UP,UP,0.0021208962911194621282145105377157097198786771017770,,2025-09,ABSTENTION,,,,,,,,,,
271,a0ef37cee4752e7dc93197756175a9d4457253725c20aff99c8d7be569ef125e,2025-09-12T06:00:00Z,UNCERTAIN,False,,115573.2,UP,DOWN,-0.0024824094167159860590517524824094167159860590517525,,2025-09,ABSTENTION,,,,,,,,,,
272,1da41f5797d83373e33467b6843342317a35072a478af08713cdbf894424fd4e,2025-09-12T07:00:00Z,UNCERTAIN,False,,115286.3,DOWN,DOWN,-0.0019629392217462092200027236540681763574683201733424,,2025-09,ABSTENTION,,,,,,,,,,
273,d279ad56034b334153c8340f7964fbb56096c85876c19b22916fa5fa2bd2928a,2025-09-12T08:00:00Z,UNCERTAIN,False,,115060,DOWN,DOWN,-0.00042238831913784112636885103424300365026942464800973,,2025-09,ABSTENTION,,,,,,,,,,
274,f7ff06cbb212685a6fe45412d5bfa8e627bd0bc3a640e82f302364e3d6172207,2025-09-12T09:00:00Z,UNCERTAIN,False,,115011.4,DOWN,UP,0.000039126556150085991475627633434598657176592929048773,,2025-09,ABSTENTION,,,,,,,,,,
275,d2bd9b05ded6c5cbf25d68ced6c6535f54b8d9c78c7272d20d673923688db9ca,2025-09-12T10:00:00Z,UNCERTAIN,False,,115015.9,UP,DOWN,-0.00067642821557715063743360700564008976150254008358844,,2025-09,ABSTENTION,,,,,,,,,,
276,119284a1beee7ed10868afc0ee29ba9753f3ff1830fbb4bc6bd7a25e38757ba5,2025-09-12T11:00:00Z,BALANCED,False,,114938.1,DOWN,DOWN,-0.00039412518564340284031143719967530348944344825606131,,2025-09,ABSTENTION,,,,,,,,,,
277,4d2594f95ad9a310b15b036b3c6c9e24ca5b4a6d7cc1d8e18207d3b4ef651b05,2025-09-12T12:00:00Z,BALANCED,False,,114892.8,DOWN,UP,0.0011889343805704099821746880570409982174688057040998,,2025-09,ABSTENTION,,,,,,,,,,
278,f267d0e51489f9ddf4e79fbe588ba7d89230d02521a61fcb6cb4d7e2808bc1f1,2025-09-12T13:00:00Z,UNCERTAIN,False,,115029.4,UP,UP,0.00070938386186487976117409983882381373805305426264937,,2025-09,ABSTENTION,,,,,,,,,,
279,54a717ee5f082c89ed50ea9dfe855e179e17e7fb92cb19883f90df6de9e81042,2025-09-12T14:00:00Z,UNCERTAIN,False,,115111,UP,UP,0.00096689282518612469703156084127494331558235094821520,,2025-09,ABSTENTION,,,,,,,,,,
280,bff4077a04324f1d02788406e39bcaf45c4abb006a8a055f358f93785ec3a551,2025-09-12T15:00:00Z,BALANCED,False,,115222.3,UP,DOWN,-0.0012619085020868356212295710118614191870844445910210,,2025-09,ABSTENTION,,,,,,,,,,
281,b95de2bbbeeb7f71d9e3f18fa2035491c6129aedbcfbc604c96929a188a35dba,2025-09-12T16:00:00Z,BALANCED,False,,115076.9,DOWN,UP,0.0031266049050678285563827318949328666309224527250908,,2025-09,ABSTENTION,,,,,,,,,,
282,1687068abef3e13213871e8c777ab9ec240db5ec0a513469d6eb88d44e4866f7,2025-09-12T17:00:00Z,UNCERTAIN,False,,115436.7,UP,UP,0.0028405177902694723601766162754132784461094262050111,,2025-09,ABSTENTION,,,,,,,,,,
283,176f17d2c2e281976e994864f6c51069021f6c945331fcba3778ebacb1992d54,2025-09-12T18:00:00Z,UNCERTAIN,False,,115764.6,UP,UP,0.0059206354965162061631966939807160392728001478863141,,2025-09,ABSTENTION,,,,,,,,,,
284,54f48ecaefd516b4a070caa968ef8550f036672761729609ade258c249a09405,2025-09-12T19:00:00Z,UNCERTAIN,False,,116450,UP,UP,0.0010734220695577501073422069557750107342206955775011,,2025-09,ABSTENTION,,,,,,,,,,
285,6fef3ee0b76bb7c6ff0f35c07c9176e62d48935c1f9b62fd0896af1c28e8f44a,2025-09-12T20:00:00Z,UNCERTAIN,False,,116575,UP,DOWN,-0.0041441132318250053613553506326399313746515119022089,,2025-09,ABSTENTION,,,,,,,,,,
286,859cb008f33f156cc5cbce097f2a52915ed1dcf59a44856120651ebed387bc4a,2025-09-12T21:00:00Z,UNCERTAIN,False,,116091.9,DOWN,DOWN,-0.0025893279376080501740431502973075640936189346543557,,2025-09,ABSTENTION,,,,,,,,,,
287,163cd51c43879fb4f737e2709349eae45626c30aa542bdadd906e2aceb036f9e,2025-09-12T22:00:00Z,UNCERTAIN,False,,115791.3,DOWN,UP,0.0014880219843805190890852767004084071946683386402951,,2025-09,ABSTENTION,,,,,,,,,,
288,8dc485103aaeed851067e522df4704deb0b5fcbd987fe39f74392814d7f725a1,2025-09-12T23:00:00Z,UNCERTAIN,False,,115963.6,UP,UP,0.000068124825376238750780417303360709739952881766347371,,2025-09,ABSTENTION,,,,,,,,,,
289,15fa493f2756c1a2da5bff9e3310af03ab556c84c2b0affe6f817cce4f19fcdb,2025-09-13T00:00:00Z,UNCERTAIN,False,,115971.5,UP,UP,0.0016072914466054159858241033357333482795341959015793,,2025-09,ABSTENTION,,,,,,,,,,
290,88e2cac5d802cc1fa085cf13587975c86da87792db9e9ec64f920dd90de661bc,2025-09-13T01:00:00Z,UNCERTAIN,False,,116157.9,UP,DOWN,-0.0038120523873107210099356135054094469683077948206708,,2025-09,ABSTENTION,,,,,,,,,,
291,828a4ff2b8546478084971589751df708116d071f5a56ccb4539eed0de0418eb,2025-09-13T02:00:00Z,UNCERTAIN,False,,115715.1,DOWN,UP,0.0012219667096169817076595880745036732457561718392846,,2025-09,ABSTENTION,,,,,,,,,,
292,d3524719e7878c84daca0328d1e9f0a82feae289399f51664e6fb47641916540,2025-09-13T03:00:00Z,BALANCED,False,,115856.5,UP,UP,0.00076473913850323460487758563395234622140320137411367,,2025-09,ABSTENTION,,,,,,,,,,
293,6d520f719b2bac4aa45547fdcbd16b77a7f74d7221fe865f9f9c991fe842bb9e,2025-09-13T04:00:00Z,BALANCED,False,,115945.1,UP,DOWN,-0.0023545626335222445795466992568034354190043391225675,,2025-09,ABSTENTION,,,,,,,,,,
294,ed57794f1794c6c663eaa32da3f2bfae1ba1f1b0f5a29db0a08343b980c0ac19,2025-09-13T05:00:00Z,UNCERTAIN,False,,115672.1,DOWN,UP,0.00010892860076025247229020654073021930093773693051306,,2025-09,ABSTENTION,,,,,,,,,,
295,18471fb5afc649a77042a562a2d78aa1637d3da9dda970e661a8dbb964865325,2025-09-13T06:00:00Z,BALANCED,False,,115684.7,UP,UP,0.00036564904434207807946945447410072377764734662405660,,2025-09,ABSTENTION,,,,,,,,,,
296,0f3e7bf84cc75500bd265423f61811220f6dc407be008b77917e46dcaca6be16,2025-09-13T07:00:00Z,BALANCED,False,,115727,UP,UP,0.00036551539398757420480959499511782038763642019580565,,2025-09,ABSTENTION,,,,,,,,,,
297,74935e2d6b126631f6d337eedde8abd762676d7e89e42df49e8d7c88d5588f43,2025-09-13T08:00:00Z,UNCERTAIN,False,,115769.3,UP,UP,0.0016472415398555575614605944753920080712244092345726,,2025-09,ABSTENTION,,,,,,,,,,
298,275c09d88051a334875816308dce096cf4db62d3b16a41aa5b9f5fd84677aa6c,2025-09-13T09:00:00Z,UNCERTAIN,False,,115960,UP,UP,0.00050965850293204553294239392894101414280786478095895,,2025-09,ABSTENTION,,,,,,,,,,
299,a0bb90dda80fc67f3537f561c60cc84d37327920324f09a93d7eee5a6d8c4539,2025-09-13T10:00:00Z,UNCERTAIN,False,,116019.1,UP,DOWN,-0.00094725782220341305871188450867141703391941499287617,,2025-09,ABSTENTION,,,,,,,,,,
300,4c4e11de6972c41b00e0443e075a9220eace54b163256ef50c261af5bbe63705,2025-09-13T11:00:00Z,BALANCED,False,,115909.2,DOWN,UP,0.00034854869156201578476945747188316371780669696624599,,2025-09,ABSTENTION,,,,,,,,,,
301,e6d5915261e36eff42f84411fc131d4a8e891e6cc4a66db457f4c969b1cebdd0,2025-09-13T12:00:00Z,BALANCED,False,,115949.6,UP,UP,0.00013626610182355092212478525152307554316703119286311,,2025-09,ABSTENTION,,,,,,,,,,
302,0d1fb29c7080c149c5510e868869c983ef1fa2a56005a54a282f1da2d12fb0b7,2025-09-13T13:00:00Z,UNCERTAIN,False,,115965.4,UP,DOWN,-0.0021109744803191296714364801915053972995393453564598,,2025-09,ABSTENTION,,,,,,,,,,
303,29e1ac7ffae376f637a17c375d7b4cb2bc80b6ac3d4c32a0b8b6c10baedd7235,2025-09-13T14:00:00Z,BALANCED,False,,115720.6,DOWN,UP,0.00036035070678859252371660706909573576355463072261983,,2025-09,ABSTENTION,,,,,,,,,,
304,1a27b78873eca7089d88dde5187ea76ace60634519c65286a351d776f98ab6a9,2025-09-13T15:00:00Z,BALANCED,False,,115762.3,UP,DOWN,-0.00026174324456234888214902433693870975265695308403513,,2025-09,ABSTENTION,,,,,,,,,,
305,3399c6ca7a90ef0a369b6664d8454414f257705abfae1f6519806065b96c0f36,2025-09-13T16:00:00Z,UNCERTAIN,False,,115732,DOWN,DOWN,-0.0036204334151315107316904572633325268724294058687312,,2025-09,ABSTENTION,,,,,,,,,,
306,27af4674bd7f07113464f02d8ff96e36e31e5d8d2a7a12f7d84183558dbf71e7,2025-09-13T17:00:00Z,UNCERTAIN,False,,115313,DOWN,UP,0.0018350055934716814236035832906957585007761483961045,,2025-09,ABSTENTION,,,,,,,,,,
307,a1cec645493a36802694f2e77bce140004a93a18823a7136891d96d5df4cade1,2025-09-13T18:00:00Z,DOWN,True,AS-2025-09-13T16:45:00+00:00-18955ad23d59,115524.6,UP,UP,0.00057823182248629296271097238163992777295917925705867,True,2025-09,PAIRED,False,True,PERSISTENCE_ONLY,AS-2025-09-13T16:45:00+00:00-18955ad23d59,1,ACTIVATED_WITHIN_1H,2025-09-13T18:03:00Z,,INVALIDATED,2025-09-13T18:28:00Z
308,b464ea37267138e00b4ba486146725eff94077f0c241cdbcbafb6340efd0d665,2025-09-13T19:00:00Z,UNCERTAIN,False,,115591.4,UP,UP,0.0014776185771605846109658677029606008751516116250863,,2025-09,ABSTENTION,,,,,,,,,,
309,300bbc7cab0d74813a2c0bee028f9f9362613ce7137a3048c4c051208ab4c8e5,2025-09-13T20:00:00Z,UNCERTAIN,False,,115762.2,UP,UP,0.00071698706486227801475783977844235855918425876495091,,2025-09,ABSTENTION,,,,,,,,,,
310,d181ed6c953e845a7ad0a4183e190c836995a1ebc1842a6c90a00a6458b8e0d9,2025-09-13T21:00:00Z,UNCERTAIN,False,,115845.2,UP,UP,0.00017954995114169598740388035067486611443547078342478,,2025-09,ABSTENTION,,,,,,,,,,
311,b9068f8389477cf65f62028a4aefa9fa0b3cf215ce228823b0063f3754967507,2025-09-13T22:00:00Z,BALANCED,False,,115866,UP,DOWN,-0.00020799889527557695959125196347504876322648576804239,,2025-09,ABSTENTION,,,,,,,,,,
312,641f3f98a5ed60b859b13bd1d4a9b59ad464b8f56bfdf0feb3044b13e94dc88e,2025-09-13T23:00:00Z,BALANCED,False,,115841.9,DOWN,UP,0.00040227240747950439348802117368585977957889157550075,,2025-09,ABSTENTION,,,,,,,,,,
313,a1c784fdbbf3d6ce591d329c3b4acb93f3f7673509dbed001b15f598ae1b1c29,2025-09-14T00:00:00Z,DOWN,True,CS-2025-09-13T23:15:00+00:00-ba08f418a1fd,115888.5,UP,UP,0.00010009621317041811741458384567925203967606794461918,True,2025-09,PAIRED,False,True,PERSISTENCE_ONLY,box-2025-09-13T22:45:00+00:00-28b577fc0e62,1,ALREADY_ACTIVE_AT_CUTOFF,2025-09-13T23:31:00Z,,INVALIDATED,2025-09-14T00:18:00Z
314,fbb64e4523f9b49d0d06478e194c5d82d53d6f10e70a6accb8b07e28d87e5650,2025-09-14T01:00:00Z,UNCERTAIN,False,,115900.1,UP,UP,0.00024935267527810588601735460107454609616385145483050,,2025-09,ABSTENTION,,,,,,,,,,
315,6ae623570c227f2d61f54e6baaabba38303d9e5e81bb4faa5ea4b56fe2ce833f,2025-09-14T02:00:00Z,UNCERTAIN,False,,115929,UP,DOWN,-0.00080394034279602170293886775526399779175184811393180,,2025-09,ABSTENTION,,,,,,,,,,
316,6ad0fd3cb17d5b16795ad3b0f595ea0749a62fb7094341b368d228fe72bc384c,2025-09-14T03:00:00Z,UNCERTAIN,False,,115835.8,DOWN,DOWN,-0.0016911870078162364312241983911709506042173490406247,,2025-09,ABSTENTION,,,,,,,,,,
317,66d694446471b8f43663c6455febb68109ec24ca14ddc865648d36dd93937f9a,2025-09-14T04:00:00Z,UNCERTAIN,False,,115639.9,DOWN,UP,0.00054565941340315929017579572448609865625964740543705,,2025-09,ABSTENTION,,,,,,,,,,
318,e0c5c2f99083a57c6f7b39a8af313022a913813ad73681db24719f63cf62a7c2,2025-09-14T05:00:00Z,BALANCED,False,,115703,UP,UP,0.0010077526079704069903114007415538058650164645687666,,2025-09,ABSTENTION,,,,,,,,,,
319,b87a64bcaaf09cc87d53fc154d137d84cdb9a1f4b5335866bb2b38726ce50d97,2025-09-14T06:00:00Z,UNCERTAIN,False,,115819.6,UP,DOWN,-0.0010611330033949348814881073669741563604087736445299,,2025-09,ABSTENTION,,,,,,,,,,
320,e15207b560d4efa143e2c70dce1b85cea7ecdcbb314e630a7b575959e348b8a1,2025-09-14T07:00:00Z,BALANCED,False,,115696.7,DOWN,UP,0.00046846625703239591103289895044543189218015725599779,,2025-09,ABSTENTION,,,,,,,,,,
321,a3f3ae8a77a8a50eb2428a0686680e31b0233c22e69a1976d464a3cc9ca107e9,2025-09-14T08:00:00Z,BALANCED,False,,115750.9,UP,UP,0.0012656489064015916938874773327896370568177007694973,,2025-09,ABSTENTION,,,,,,,,,,
322,3f1b9bc76401950e6ac25982cba516a93e46876c271f30d911b9a13933895b6d,2025-09-14T09:00:00Z,UNCERTAIN,False,,115897.4,UP,UP,0.00087146044691252780476524926357278075263120656718787,,2025-09,ABSTENTION,,,,,,,,,,
323,45e52b1dd998ae6d223f9917f816bc13a8c1472cc025351da4b1a0e626867c60,2025-09-14T10:00:00Z,UNCERTAIN,False,,115998.4,UP,DOWN,-0.000032759072538931571469951309673236872232720451316570,,2025-09,ABSTENTION,,,,,,,,,,
324,995487eec0357f63b30e61001d191d310c3926823a799205d97bdc4aed510832,2025-09-14T11:00:00Z,BALANCED,False,,115994.6,DOWN,DOWN,-0.0018802599431352838839049404023980426675034872313021,,2025-09,ABSTENTION,,,,,,,,,,
325,23372662a8d9436dd8c91724b9adc49a66696c06f4a4184f88a7da8c73664ffa,2025-09-14T12:00:00Z,BALANCED,False,,115776.5,DOWN,DOWN,-0.000055278921024560251864583918152647558010477083000436,,2025-09,ABSTENTION,,,,,,,,,,
326,28afd94e7775bdd17ff6ed93fb973d76db1d92bacc9e0b8ce9af195f3aa87e0b,2025-09-14T13:00:00Z,BALANCED,False,,115770.1,DOWN,DOWN,-0.0038472800835448876696141749899153581106002327025717,,2025-09,ABSTENTION,,,,,,,,,,
327,e7ddebbd2abb97938a505352d40035a0c7ea9c228d977cfc5c640c0598fac2fb,2025-09-14T14:00:00Z,UNCERTAIN,False,,115324.7,DOWN,UP,0.00052200439281437541133859442079623879359755542394647,,2025-09,ABSTENTION,,,,,,,,,,
328,6789533afc6b13455e0c4bb980e3b9fec8285b804f55414a0b58e184b4e1a104,2025-09-14T15:00:00Z,UNCERTAIN,False,,115384.9,UP,DOWN,-0.0015287962289693018757220398856349487671263744216098,,2025-09,ABSTENTION,,,,,,,,,,
329,2168dd3d5b37c5b7c6cb7217b98533d5d2968d37fb9f8c73c20f2b797d4a27f8,2025-09-14T16:00:00Z,UNCERTAIN,False,,115208.5,DOWN,UP,0.0020467239830394458742193501347556820894291653827626,,2025-09,ABSTENTION,,,,,,,,,,
330,bceaf3ed009abd6adec62fb07cb2efd4d732010c2678d91eef3c641707b83fc2,2025-09-14T17:00:00Z,UNCERTAIN,False,,115444.3,UP,UP,0.00057343671363592658970603139349452506533453795466732,,2025-09,ABSTENTION,,,,,,,,,,
331,92df1785d1013e82367f9908beaf5f1b86e4c472788e6f724f3a19bf3e212844,2025-09-14T18:00:00Z,UNCERTAIN,False,,115510.5,UP,DOWN,-0.0013938126836954216283368178650425718874041753779959,,2025-09,ABSTENTION,,,,,,,,,,
332,aeb6c03fdd81c90eebfe52331ae656046fd2afc1d132c86daaf6b6b129d8f522,2025-09-14T19:00:00Z,UNCERTAIN,False,,115349.5,DOWN,UP,0.0022635555420699699608580878113905998725612161301089,,2025-09,ABSTENTION,,,,,,,,,,
333,c49fafd10cf061ba3b516038d26a5fb734b79f9f288356b3bad07dda97fe4606,2025-09-14T20:00:00Z,UNCERTAIN,False,,115610.6,UP,UP,0.0013554120469922308162054344497822863993440047884883,,2025-09,ABSTENTION,,,,,,,,,,
334,11b4d72885e897b77414b835cfb3d2062d422ccc7f6be9989e91788dc03d3efd,2025-09-14T21:00:00Z,UNCERTAIN,False,,115767.3,UP,UP,0.0022519312448333855933411248254040648784242182377925,,2025-09,ABSTENTION,,,,,,,,,,
335,2b2fad534cdc7527ad3c29af11465af64a27f7c27edf4ece0d7d5d544ef507ef,2025-09-14T22:00:00Z,UNCERTAIN,False,,116028,UP,DOWN,-0.00046454304133485020857034508911642017444065225635192,,2025-09,ABSTENTION,,,,,,,,,,
336,59ec5f84a8a21e0bf84da3e951d5917724d19e6bcba8358c59ab08caddbd4075,2025-09-14T23:00:00Z,UP,True,AL-2025-09-14T21:45:00+00:00-c4c67088d1ab,115974.1,DOWN,DOWN,-0.0064471291434897964286853702680167382199991204932826,True,2025-09,PAIRED,False,True,PERSISTENCE_ONLY,AL-2025-09-14T21:45:00+00:00-c4c67088d1ab,1,ALREADY_ACTIVE_AT_CUTOFF,2025-09-14T22:42:00Z,,INVALIDATED,2025-09-14T23:09:00Z
337,d4049fb883b429e46cb77f9f4a05b79302f7ccb9d01b2bb9e0e4323ea0959b92,2025-09-15T00:00:00Z,UNCERTAIN,False,,115226.4,DOWN,DOWN,-0.0016879812265244770295696125193532037796893767400526,,2025-09,ABSTENTION,,,,,,,,,,
338,b6872e1ca90ee0df7061a50ef08b09c1e37b8ad217aa12b1be3a62a367a98376,2025-09-15T01:00:00Z,UNCERTAIN,False,,115031.9,DOWN,UP,0.0012700824727749432983372438427949116723274152648092,,2025-09,ABSTENTION,,,,,,,,,,
339,7652e03dd44b3f209b4fb4d23199b13823527d679bfc239fd18472a3ab45e60e,2025-09-15T02:00:00Z,BALANCED,False,,115178,UP,UP,0.0011486568615534216603865321502370244317491187553179,,2025-09,ABSTENTION,,,,,,,,,,
340,20e89c57031a927a36ad1d370ce0db3b6a5d784d0d4f4ef5bd446f7ccb575cbf,2025-09-15T03:00:00Z,UNCERTAIN,False,,115310.3,UP,UP,0.00062180048096310563757097154373893745831898798286016,,2025-09,ABSTENTION,,,,,,,,,,
341,8a64a1c78e15504f84db2945db9198f681acc5471b01dd6ea67f75ca2ba01b28,2025-09-15T04:00:00Z,BALANCED,False,,115382,UP,UP,0.0053561214054185228198505832798876774540222911719332,,2025-09,ABSTENTION,,,,,,,,,,
342,9971c2b8894cbddf3cf63677c765bc9def5f33ed656945a84f661db1c7a6ea93,2025-09-15T05:00:00Z,UNCERTAIN,False,,116000,UP,UP,0.0041189655172413793103448275862068965517241379310345,,2025-09,ABSTENTION,,,,,,,,,,
343,f441c39ec079ce0cc1f2468b7b478a16558185000cf7109a6d542dc0e27f05a4,2025-09-15T06:00:00Z,UNCERTAIN,False,,116477.8,UP,DOWN,-0.0033431263296525174754330868199777124911356498834971,,2025-09,ABSTENTION,,,,,,,,,,
344,e0b80aac6022c86313b0db4fea1a3986c1266d75cfccb39c21975832cd231ec7,2025-09-15T07:00:00Z,BALANCED,False,,116088.4,DOWN,DOWN,-0.0026703787803087991565048704263302793388486704959324,,2025-09,ABSTENTION,,,,,,,,,,
345,e0daef5af469e1098bc8c803fefc25927ddc6468b7eaeaf57544c9cb2c83ca6c,2025-09-15T08:00:00Z,UNCERTAIN,False,,115778.4,DOWN,DOWN,-0.0095294113582498980811619438513574207278732475142168,,2025-09,ABSTENTION,,,,,,,,,,
346,4913fc6ba5cbbdcf5332ff04be4fa3578dbd01dc0d86009dffc7cc783b51e183,2025-09-15T09:00:00Z,UNCERTAIN,False,,114675.1,DOWN,UP,0.0011074766884877362217255533241305217959260554383646,,2025-09,ABSTENTION,,,,,,,,,,
347,7126975afc72431fa90fbda710c6a3eb12eb5990d89fa25ae8a8af93b2342c0a,2025-09-15T10:00:00Z,UNCERTAIN,False,,114802.1,UP,DOWN,-0.00078569991315489873443081616102841324331175126587406,,2025-09,ABSTENTION,,,,,,,,,,
348,252d98f2216dde4420eae502a7e6bd0b97b5f278a61ca6bb2b83e521f283c3c0,2025-09-15T11:00:00Z,UNCERTAIN,False,,114711.9,DOWN,UP,0.0025115092680009658980454512565827956820521672119458,,2025-09,ABSTENTION,,,,,,,,,,
349,d88fa480555c67ec0e613d4756298833d5d8f903e77a60f93ef92760af24687c,2025-09-15T12:00:00Z,UNCERTAIN,False,,115000,UP,DOWN,-0.0028547826086956521739130434782608695652173913043478,,2025-09,ABSTENTION,,,,,,,,,,
350,39a0bfe1d63c9f5088c78f7ec2e0612ad85446fae4c8579508073b94a85f47b4,2025-09-15T13:00:00Z,UNCERTAIN,False,,114671.7,DOWN,DOWN,-0.00057206791213525220259226993233727240461247195253929,,2025-09,ABSTENTION,,,,,,,,,,
351,2bdbe104e793c45583e76e7d57ea1a69df197411b4f9f6d9b589c845098f8f41,2025-09-15T14:00:00Z,UNCERTAIN,False,,114606.1,DOWN,UP,0.000034029602263753849053409897029913765497648030951232,,2025-09,ABSTENTION,,,,,,,,,,
352,25817517a0d9b1f28382ee2da1835659ae26b23f6e289780e3549d5fea426fdb,2025-09-15T15:00:00Z,UNCERTAIN,False,,114610,UP,UP,0.0015059767908559462525085071110723322572201378588256,,2025-09,ABSTENTION,,,,,,,,,,
353,f5b8467b0c5308c037db90cc85697b3c812daa1845cae295871a9c2f1a40f454,2025-09-15T16:00:00Z,UNCERTAIN,False,,114782.6,UP,DOWN,-0.0014514395038969321134039479851475746323920176054559,,2025-09,ABSTENTION,,,,,,,,,,
354,1ef367e4cc2ce00a736d72cbd43f2690ae64587c4abd6475a579554091830e56,2025-09-15T17:00:00Z,BALANCED,False,,114616,DOWN,UP,0.0039322607663851469253856355133663711872687931876876,,2025-09,ABSTENTION,,,,,,,,,,
355,a0bcae3469f0fb740d4df4eebd6bc2df02d86873b1d35bc62757ceb8a2df9b1d,2025-09-15T18:00:00Z,UNCERTAIN,False,,115066.7,UP,UP,0.0015590957244798017150052969277818865058266205600752,,2025-09,ABSTENTION,,,,,,,,,,
356,70a4722f60e3742a9f7528376063759c695d0dee2e39b6f16dd076b8bf4d3b8c,2025-09-15T19:00:00Z,UNCERTAIN,False,,115246.1,UP,DOWN,-0.000083299998871979181941948577869446341351247460868524,,2025-09,ABSTENTION,,,,,,,,,,
357,75fe75a8db2c6324e2f664efeefea15b8f8f6bd40dbc5f44af1bc5de9903ff1e,2025-09-15T20:00:00Z,BALANCED,False,,115236.5,DOWN,UP,0.00078534144997461741722457728237147084474103257214511,,2025-09,ABSTENTION,,,,,,,,,,
358,cb396ea6db5cad460d3297e3f2a37e15478434af781cdf96948182e3598943c4,2025-09-15T21:00:00Z,UNCERTAIN,False,,115327,UP,UP,0.0011272295299452860128157326558394825149357912717750,,2025-09,ABSTENTION,,,,,,,,,,
359,a4bc7da4b1773909c0b6837c7f0c74abc92559744fb85bc350fa6cb3ba70b31b,2025-09-15T22:00:00Z,UNCERTAIN,False,,115457,UP,DOWN,-0.0019401162337493612340525043955758420883965459002053,,2025-09,ABSTENTION,,,,,,,,,,
360,7a9e680aafc2852b446479992b3d80cf33af2a8e8b2a26a5e7932fb10f51fb71,2025-09-15T23:00:00Z,UNCERTAIN,False,,115233,DOWN,UP,0.00070899829042027891315855701057856690357796811677211,,2025-09,ABSTENTION,,,,,,,,,,
361,a514015d6fb89976efe2ee9cee034110c1887f54bb6f86ef5f64617be10d5d44,2025-09-16T00:00:00Z,BALANCED,False,,115314.7,UP,DOWN,-0.0024628256414836963544110161150313012998342795844762,,2025-09,ABSTENTION,,,,,,,,,,
362,d1916b4b11902058ef815695124afec04b3b74c5779e6adfcf84da015917513d,2025-09-16T01:00:00Z,UNCERTAIN,False,,115030.7,DOWN,DOWN,-0.00041380257618183667490504708742970354870482401654515,,2025-09,ABSTENTION,,,,,,,,,,
363,4a072f12630621db8d6ec66119c52ba7a920e9af5f13206c059e355e04e5d8d5,2025-09-16T02:00:00Z,BALANCED,False,,114983.1,DOWN,DOWN,-0.00012088733039898906882837564824743810177321710755755,,2025-09,ABSTENTION,,,,,,,,,,
364,dafb525648feec08151899f5a17f0b727e1479f00428492b3598447c60d47fff,2025-09-16T03:00:00Z,UNCERTAIN,False,,114969.2,DOWN,UP,0.0023632416334113832226370193060402264258601434123226,,2025-09,ABSTENTION,,,,,,,,,,
365,d61a037e1a0a7504bb794d75a80be05775daca02e1b6937cbe6498aa32a44c57,2025-09-16T04:00:00Z,BALANCED,False,,115240.9,UP,UP,0.0018760700411051978941504274957935941145895250731294,,2025-09,ABSTENTION,,,,,,,,,,
366,32dec9623a4b12910b4989f04edb3b35a66008dd2d3a6de352a6f55772b1fcab,2025-09-16T05:00:00Z,BALANCED,False,,115457.1,UP,UP,0.0038022780755795875697553463580845179724763570191872,,2025-09,ABSTENTION,,,,,,,,,,
367,fa5b8ff98ada8c319047b364e7337598cc959bfec8525389aa92bb0b4d6f03fb,2025-09-16T06:00:00Z,UNCERTAIN,False,,115896.1,UP,DOWN,-0.0014676939085957163355798857770019871246746007846683,,2025-09,ABSTENTION,,,,,,,,,,
368,a0095ea1ccf5804d20601a2899ebd55854646443066c5fde60571cedd7db91f6,2025-09-16T07:00:00Z,UNCERTAIN,False,,115726,DOWN,UP,0.00053574823289494149974940808461365639527850267010006,,2025-09,ABSTENTION,,,,,,,,,,
369,dd80bee9cdb863db1738a9338866312356a2465e7d994fac369f0fd6cb2ba92a,2025-09-16T08:00:00Z,UNCERTAIN,False,,115788,UP,DOWN,-0.0014146543683283241786713649082806508446471136905379,,2025-09,ABSTENTION,,,,,,,,,,
370,ecd5c2335e44e33ad972806bb4f17291f401996f6cb7d75e2910faeb91db72b3,2025-09-16T09:00:00Z,UNCERTAIN,False,,115624.2,DOWN,DOWN,-0.0016795791884397902861165742119729260829480333701768,,2025-09,ABSTENTION,,,,,,,,,,
371,118b27b73ae7195d51904561b6fd223833f4c480d61c7d807eaaff50be0f4065,2025-09-16T10:00:00Z,UNCERTAIN,False,,115430,DOWN,DOWN,-0.00090357792601576713159490600363856882959369314736204,,2025-09,ABSTENTION,,,,,,,,,,
372,f2ed8ca6396b5f7686726a8a9856ebd0afb22cfb47703a944b6a19ad8079bf03,2025-09-16T11:00:00Z,UNCERTAIN,False,,115325.7,DOWN,DOWN,-0.00074224565729928368091414142727943554645668745127929,,2025-09,ABSTENTION,,,,,,,,,,
373,4dda6dd05fe2b73709c503f7e8231530270688ff0be49b0188fb0fcfe20891fe,2025-09-16T12:00:00Z,UNCERTAIN,False,,115240.1,DOWN,UP,0.0012834074250195895352399034711007713460852602522907,,2025-09,ABSTENTION,,,,,,,,,,
374,0c2cfd97402477beefe105a8e3fb664e1ec92d99f089e0490f932c659b83d4d1,2025-09-16T13:00:00Z,BALANCED,False,,115388,UP,DOWN,-0.0020825389121919090373349048427912781225084064200783,,2025-09,ABSTENTION,,,,,,,,,,
375,78c54c02245906084f0382258da98c0d5cf02adbdce76b2a5688967ea4419edb,2025-09-16T14:00:00Z,UNCERTAIN,False,,115147.7,DOWN,UP,0.00058099293342376790852096915526753899556830053922050,,2025-09,ABSTENTION,,,,,,,,,,
376,e7111fd528bd00630cb9ce5d9eeadb83871575413556125c8c22d09172ac24a8,2025-09-16T15:00:00Z,UNCERTAIN,False,,115214.6,UP,UP,0.0059497667830292341422007280327319627894381441240954,,2025-09,ABSTENTION,,,,,,,,,,
377,f0e7fc26a9fd9c44cdcecd47c09136f51d1475657e7d2998f2129000cd6b9a56,2025-09-16T16:00:00Z,UNCERTAIN,False,,115900.1,UP,UP,0.0011932690308291364718408353400903019065557320485487,,2025-09,ABSTENTION,,,,,,,,,,
378,f90c4f2702e3efc8e7378ad2f7bee21d182d5cc649af2f193aedc9555d11431a,2025-09-16T17:00:00Z,UNCERTAIN,False,,116038.4,UP,UP,0.0032842576250620484253488500358502013126689096023385,,2025-09,ABSTENTION,,,,,,,,,,
379,5ad996798e631dc0be0f15bac712a97ff90e00dc8b9421ecc6627538b0a2ed52,2025-09-16T18:00:00Z,UNCERTAIN,False,,116419.5,UP,DOWN,-0.00028345766817414608377462538492262894102792058031515,,2025-09,ABSTENTION,,,,,,,,,,
380,afaf557f14d19cb3e8069b8094d54dfebc0442b9366e3961ebb883939f3a1f5a,2025-09-16T19:00:00Z,UNCERTAIN,False,,116386.5,DOWN,UP,0.0032426441210965189261641169723292649920738229949350,,2025-09,ABSTENTION,,,,,,,,,,
381,5f4673ef8984e9967b10c1cf398b5b8758d5688423daf4151dccca9100c64511,2025-09-16T20:00:00Z,UNCERTAIN,False,,116763.9,UP,UP,0.000080504333959382994230237256549327317775442581140233,,2025-09,ABSTENTION,,,,,,,,,,
382,c10a1ae4ae35aa37ab281e298fb6588df6f54937507dcd852becd09c41dc40e2,2025-09-16T21:00:00Z,UNCERTAIN,False,,116773.3,UP,DOWN,-0.00010704501799640842555618450450573889750482344851092,,2025-09,ABSTENTION,,,,,,,,,,
383,f48833a86380d6af96300b5be13b4cc7f584c281ea793cd091bdc8a622eac3fe,2025-09-16T22:00:00Z,UNCERTAIN,False,,116760.8,DOWN,UP,0.00031688717446266212633006968092030887078540057964659,,2025-09,ABSTENTION,,,,,,,,,,
384,5c4e6358112b10d88462428efa8c4e0da32080e67669d6054a3dc61d86ed6510,2025-09-16T23:00:00Z,UNCERTAIN,False,,116797.8,UP,DOWN,-0.00043065879665541645476199037995578683845072424309362,,2025-09,ABSTENTION,,,,,,,,,,
385,986ba838c79dbb319bf8184d0c0a496b4845ca484ff5a0a3795105c6407cabcc,2025-09-17T00:00:00Z,UNCERTAIN,False,,116747.5,DOWN,DOWN,-0.0019640677530568106383434334782329386068224158975567,,2025-09,ABSTENTION,,,,,,,,,,
386,eb1295eb211689c00f70e3ab3ea147d68808d5874c570cd81c4b1f7f16ba3e4f,2025-09-17T01:00:00Z,UNCERTAIN,False,,116518.2,DOWN,UP,0.00087282501789420021936487175394058610586157355674907,,2025-09,ABSTENTION,,,,,,,,,,
387,aa03f584449372c94ca25dcc626d6ea2560bfebc9f7993ab9aa3ea6baf338527,2025-09-17T02:00:00Z,BALANCED,False,,116619.9,UP,UP,0.000089178605023670917227677266058365682014819083192491,,2025-09,ABSTENTION,,,,,,,,,,
388,dc08b2457768783ae25f36ffdcd6df76530e249a140607134c4724d8e2697e8f,2025-09-17T03:00:00Z,UNCERTAIN,False,,116630.3,UP,DOWN,-0.0027102734023662804605664222762009529256119550408427,,2025-09,ABSTENTION,,,,,,,,,,
389,a607a93cc7f9e62f92a5387ac8b9dc4cdae8ade66c466798f0e9a1eba7ef07c2,2025-09-17T04:00:00Z,UNCERTAIN,False,,116314.2,DOWN,DOWN,-0.00042299220559484568522158085599178776108162202035521,,2025-09,ABSTENTION,,,,,,,,,,
390,30b130e8d4ddee5b69d3e069eca7e79d3a20493222b2309eb6bec474a954c2c0,2025-09-17T05:00:00Z,UNCERTAIN,False,,116265,DOWN,UP,0.0067612781146518728766180707865651743861007181869006,,2025-09,ABSTENTION,,,,,,,,,,
391,e6988b2a280e5e9fd919e9ddd4b7668a094524f69f4b1be4acdfa43fcad4a690,2025-09-17T06:00:00Z,UNCERTAIN,False,,117051.1,UP,UP,0.0010149413375867463014016954988035140207994627987264,,2025-09,ABSTENTION,,,,,,,,,,
392,d81da7f55fecf24a7d5b36ec01bf7d45575206150c63ca058530fe2b5a789bfb,2025-09-17T07:00:00Z,UNCERTAIN,False,,117169.9,UP,DOWN,-0.00050866306107626617416247688186129714201343519111990,,2025-09,ABSTENTION,,,,,,,,,,
393,752944e25b384c2f9ad9b9367d22d1fe794824e054057f3e1881916d3941ff17,2025-09-17T08:00:00Z,BALANCED,False,,117110.3,DOWN,DOWN,-0.0025787654886034789425012146668568008108595059529350,,2025-09,ABSTENTION,,,,,,,,,,
394,b6872f900af5e8843a40d66ba6a19ea9ee2aa6d09d69fa3e87828303bee81158,2025-09-17T09:00:00Z,UNCERTAIN,False,,116808.3,DOWN,DOWN,-0.0024544488704997846899578197782178150011600203067761,,2025-09,ABSTENTION,,,,,,,,,,
395,83cb6c34a7e416d0211eee8a55aa7055847f1af37bc99c28cf144e996078ffde,2025-09-17T10:00:00Z,UNCERTAIN,False,,116521.6,DOWN,DOWN,-0.0016572034712877269107186993656111828193227693406201,,2025-09,ABSTENTION,,,,,,,,,,
396,7b35c65bfe165d7374f31a1f1e6bcd926950014257ec680fa57197a46b988631,2025-09-17T11:00:00Z,UNCERTAIN,False,,116328.5,DOWN,DOWN,-0.00093786131515492764026012542068366737299973781145635,,2025-09,ABSTENTION,,,,,,,,,,
397,1b621d562d3dc7c28f5c25bcacb91876de31f6d99c80560492cb67e18df0d81a,2025-09-17T12:00:00Z,UNCERTAIN,False,,116219.4,DOWN,DOWN,-0.00052659022503988146557287337570147496889503817779132,,2025-09,ABSTENTION,,,,,,,,,,
398,5e7ef338eb18c860db97ff59a55b25b9d92f2210b6e1daab4239aface1cd52c8,2025-09-17T13:00:00Z,UNCERTAIN,False,,116158.2,DOWN,DOWN,-0.00084884235465081242650109936276560759378158408102054,,2025-09,ABSTENTION,,,,,,,,,,
399,01cda2096e80bd2395af2de2c3ea6d87eb15198b8a7757a0b841f28a5e1e82be,2025-09-17T14:00:00Z,UNCERTAIN,False,,116059.6,DOWN,DOWN,-0.0043968788450072204281248599857314690038566391750445,,2025-09,ABSTENTION,,,,,,,,,,
400,803df5c1efe1f4cd5438c1ee1a855b720115fb03693c6bf291a791797abf19e6,2025-09-17T15:00:00Z,UNCERTAIN,False,,115549.3,DOWN,UP,0.0022968551085986674086299094845230563923797028627607,,2025-09,ABSTENTION,,,,,,,,,,
401,28ddefe31fd48b274f7e5dec915c4760abd0f3555b3d3911949313c973c0cfcb,2025-09-17T16:00:00Z,DOWN,True,AS-2025-09-17T14:45:00+00:00-21ff75f96285,115814.7,UP,DOWN,-0.0019600275267301991888767142685686704710196546725070,True,2025-09,PAIRED,True,False,MV_ONLY,AS-2025-09-17T14:45:00+00:00-21ff75f96285,1,ACTIVATED_WITHIN_1H,2025-09-17T16:04:00Z,,DESTINATION_REACHED,2025-09-17T16:43:00Z
402,46cca42b3b13ad372bed6f0851e54630ff4540f7f44b6b55f68c2a3113aa4ecd,2025-09-17T17:00:00Z,UNCERTAIN,False,,115587.7,DOWN,DOWN,-0.0013314565477122565809337844770680617401332494720459,,2025-09,ABSTENTION,,,,,,,,,,
403,e450c574d7f8ac3d76ae6d082bb4fe5fdd5f68938d6432370870561f1b0978c5,2025-09-17T18:00:00Z,UNCERTAIN,False,,115433.8,DOWN,DOWN,-0.0021796042406989980404352971140168650776462353314194,,2025-09,ABSTENTION,,,,,,,,,,
404,3186dd0d6feace039b0d162e53f40850e59d62917b96de441842a55de63af26e,2025-09-17T19:00:00Z,UNCERTAIN,False,,115182.2,DOWN,UP,0.0035057500204024580186869151657113685968838935182693,,2025-09,ABSTENTION,,,,,,,,,,
405,487944b7c8b7396563a289ebfca2ab099ad982cfe080e0edde2004b9bfe5995a,2025-09-17T20:00:00Z,UNCERTAIN,False,,115586,UP,DOWN,-0.000096032391466094509715709514993165262228989670029242,,2025-09,ABSTENTION,,,,,,,,,,
406,16c4de21f9627da96d0df7849e42218783d6fc8f31534bb0efb63c82f0667456,2025-09-17T21:00:00Z,UNCERTAIN,False,,115574.9,DOWN,UP,0.0036945738218246349337096549510317551648325025589466,,2025-09,ABSTENTION,,,,,,,,,,
407,2ccad1382d1126d231482e2dd5d6e19d8834125ca8635832eb9d851833c849c3,2025-09-17T22:00:00Z,UNCERTAIN,False,,116001.9,UP,UP,0.0044956160200824296843413771670981251169161884417410,,2025-09,ABSTENTION,,,,,,,,,,
408,1d66e87bb616201f51e8cd8aea356ba225a3eddc0a9d21a0efe33e55f3692a7a,2025-09-17T23:00:00Z,UNCERTAIN,False,,116523.4,UP,DOWN,-0.0010246868869257162080749446034015485301664730002729,,2025-09,ABSTENTION,,,,,,,,,,
409,c4ff2f1dd77bd75e444201e83a1607d4e90b98d00040c1518ea56330c22b2a2a,2025-09-18T00:00:00Z,UNCERTAIN,False,,116404,DOWN,DOWN,-0.00084189546750970757018659152606439641249441599945019,,2025-09,ABSTENTION,,,,,,,,,,
410,4d9f7a991c175e21fa6afdbda76950b720b7b197fc4d994ae97c890b79397da3,2025-09-18T01:00:00Z,UNCERTAIN,False,,116306,DOWN,UP,0.0025269547572782143655529379395731948480731862500645,,2025-09,ABSTENTION,,,,,,,,,,
411,eb9a50d54df17c5e89f609547795f56e4a3b2fc2726e7acc7084c2a0cc1057f5,2025-09-18T02:00:00Z,UP,True,AL-2025-09-18T01:30:00+00:00-aa5901c5f735,116599.9,UP,UP,0.0026492304024274463357172690542616245811531570781793,True,2025-09,PAIRED,True,True,BOTH,AL-2025-09-18T01:30:00+00:00-aa5901c5f735,1,ACTIVATED_WITHIN_1H,2025-09-18T02:17:00Z,,INVALIDATED,2025-09-18T02:24:00Z
412,f2da3e703018db23b30ef3d2ce3e82855b5f0a22bdd5bfd3949205b889fd3200,2025-09-18T03:00:00Z,UNCERTAIN,False,,116908.8,UP,UP,0.0054589560409481578803306509005310122078064268900203,,2025-09,ABSTENTION,,,,,,,,,,
413,9bbe21d6c04f465401fa4ba10f6554729b39e99791ff8830d39a4026645ac802,2025-09-18T04:00:00Z,UNCERTAIN,False,,117547,UP,UP,0.00025011272086909916884310105744936068125941112916536,,2025-09,ABSTENTION,,,,,,,,,,
414,9b4d51111a6dd4786e12f670913d5f1fca15a93f9651bb2c9cd6acb21b5c8a2d,2025-09-18T05:00:00Z,UNCERTAIN,False,,117576.4,UP,DOWN,-0.0028398556172837406146131366498719130709904368563759,,2025-09,ABSTENTION,,,,,,,,,,
415,5e2911fa14050102f214b5c3dd59052167e711895fbdc49fb3933184e75c54fd,2025-09-18T06:00:00Z,UNCERTAIN,False,,117242.5,DOWN,DOWN,-0.0016077787491737211335479881442309742627460178689468,,2025-09,ABSTENTION,,,,,,,,,,
416,ba38e2ab1beb479d2b843a27c0ca00c84ab79ac946e00fa0498879762945893f,2025-09-18T07:00:00Z,UNCERTAIN,False,,117054,DOWN,DOWN,-0.000087139269055307806653339484340560766825567686708699,,2025-09,ABSTENTION,,,,,,,,,,
417,f4499223b66adaa849e8d56ea7e2ce8d78175e4b6350e7f36576bd3c9f95bb4b,2025-09-18T08:00:00Z,BALANCED,False,,117043.8,DOWN,UP,0.0014396320010115871152508718958201972253122335399227,,2025-09,ABSTENTION,,,,,,,,,,
418,37347d5df45143aac16b5da50e4274a50a8bd11014fcb5c743ed2796b0934e5f,2025-09-18T09:00:00Z,UNCERTAIN,False,,117212.3,UP,UP,0.00047605925316711642037567729666596423754162319142274,,2025-09,ABSTENTION,,,,,,,,,,
419,5f0274eee2a1e52d490a398ed52f07834b74bf24c1786d7ba45a4d18b32a212a,2025-09-18T10:00:00Z,UNCERTAIN,False,,117268.1,UP,DOWN,-0.00098065884925226894611578084747685005555645567720463,,2025-09,ABSTENTION,,,,,,,,,,
420,c2f354316f0ef72e701989778420dc28e467e1d5db77580c3d5268f36e389ac0,2025-09-18T11:00:00Z,BALANCED,False,,117153.1,DOWN,DOWN,-0.0010516153648516343144142152448377379685215329342544,,2025-09,ABSTENTION,,,,,,,,,,
421,ebb06c986bffc9e59fae95d0516cdc2a65d3d9b2c95e85ef8efd1fefc3cb1014,2025-09-18T12:00:00Z,UNCERTAIN,False,,117029.9,DOWN,UP,0.00032983023996431681134479308279337160845219896795605,,2025-09,ABSTENTION,,,,,,,,,,
422,95bf983f004fc37cce809a970d842a5c3636cced141f39e2cab91a2f6b70d208,2025-09-18T13:00:00Z,UNCERTAIN,False,,117068.5,UP,UP,0.0025950618654890085719044832726138969919320739567006,,2025-09,ABSTENTION,,,,,,,,,,
423,128c5190300687f802a094364b68f236be63f6c2a22a70de1eb1db3a2e47f766,2025-09-18T14:00:00Z,BALANCED,False,,117372.3,UP,UP,0.0017840665983370863483121656472608954582980822562053,,2025-09,ABSTENTION,,,,,,,,,,
424,b133ce6f9de214bb910979457a4d4a39a3c3401577034b9eebce3b9d0792dd54,2025-09-18T15:00:00Z,UNCERTAIN,False,,117581.7,UP,DOWN,-0.00033678710207455752043047515046984352156840732869145,,2025-09,ABSTENTION,,,,,,,,,,
425,8350efb6684bdd0b515df830e526c146a98199b5b824b6cedae450065c9ef72c,2025-09-18T16:00:00Z,UNCERTAIN,False,,117542.1,DOWN,DOWN,-0.00018631622201747288843741944375674758235559854724392,,2025-09,ABSTENTION,,,,,,,,,,
426,f2727433301ebe323c648cefd4f52db20d8d7a36cd4c8db8afcf1a499101d7ea,2025-09-18T17:00:00Z,UNCERTAIN,False,,117520.2,DOWN,UP,0.00018464910713222067355229143585528275139082472630237,,2025-09,ABSTENTION,,,,,,,,,,
427,039076b6d622a1d5c53e36364bdd5b8200f711284ce4b87f9cbe6f7df9811432,2025-09-18T18:00:00Z,UNCERTAIN,False,,117541.9,UP,UP,0.0019992870627410310706224759000832894482733391241761,,2025-09,ABSTENTION,,,,,,,,,,
428,79b249382c4f93e385245b7e5fb7e0942b3d5fc17a8c5ee5b1004064914b9d1a,2025-09-18T19:00:00Z,UNCERTAIN,False,,117776.9,UP,DOWN,-0.0031466272248632796414237426863841721084525063913212,,2025-09,ABSTENTION,,,,,,,,,,
429,38f329b246f53a5bd731e4473ffadb9c701648ba3af523be20c90e372a25ac2e,2025-09-18T20:00:00Z,UNCERTAIN,False,,117406.3,DOWN,UP,0.00036624951131242531278134137605903601425136470530116,,2025-09,ABSTENTION,,,,,,,,,,
430,f43c7caf541e7536d5a360dce30633d6fd54f8adff5f26f00bc88217be2a4fd1,2025-09-18T21:00:00Z,BALANCED,False,,117449.3,UP,DOWN,-0.0019089087802141008928959133856055336217414663178069,,2025-09,ABSTENTION,,,,,,,,,,
431,86449cf23666578859c36adb1474d15aeddad2040a7d38ef43904f244be23f3e,2025-09-18T22:00:00Z,BALANCED,False,,117225.1,DOWN,DOWN,-0.0017445069358012917028861566336902250456600164981732,,2025-09,ABSTENTION,,,,,,,,,,
432,fa57b193a4e6f6ce6ae2d75db1152eb533ac9f8623d717354696d2d4294f83ce,2025-09-18T23:00:00Z,UNCERTAIN,False,,117020.6,DOWN,DOWN,-0.0000042727519770023397589826064812520188753091336055361,,2025-09,ABSTENTION,,,,,,,,,,
433,62c219ab28c1a4412acaa4f1135d530c75c7a230f829be9c5efabd8ae23b4071,2025-09-19T00:00:00Z,UNCERTAIN,False,,117020.1,DOWN,UP,0.0030199940010305921803177402856432356492602552894759,,2025-09,ABSTENTION,,,,,,,,,,
434,18b01d9d91b479bcc692253dec0942ce053b2bcba65f46f656b6774f59f23065,2025-09-19T01:00:00Z,UNCERTAIN,False,,117373.5,UP,DOWN,-0.0016766987437539137880356298483047706679957571342765,,2025-09,ABSTENTION,,,,,,,,,,
435,cd141cae7fa826c7b97074fdbebda767ebc43540435356e4e1a5ce23741c0f8b,2025-09-19T02:00:00Z,BALANCED,False,,117176.7,DOWN,DOWN,-0.0010420160321975273241181907324579033203700052996884,,2025-09,ABSTENTION,,,,,,,,,,
436,7f4b84e45580ba641a7e079b7d6622b9913dae23805aae51c54df6d84cebd626,2025-09-19T03:00:00Z,UNCERTAIN,False,,117054.6,DOWN,DOWN,-0.0011319503889637827133662410533204162843664409600306,,2025-09,ABSTENTION,,,,,,,,,,
437,1adbbb638b705b7d0d0040ce242d5b18d72530b9c05ddd3c59bd596faf5b0d40,2025-09-19T04:00:00Z,UNCERTAIN,False,,116922.1,DOWN,UP,0.000066711083704449372701995602200097329760584183828378,,2025-09,ABSTENTION,,,,,,,,,,
438,3290792cf1471157eaadeb5b4dcb9839d70b577f4f7b11912b78f35c82edcc5d,2025-09-19T05:00:00Z,UNCERTAIN,False,,116929.9,UP,DOWN,-0.00076199500726503657319470896665438010295057123969147,,2025-09,ABSTENTION,,,,,,,,,,
439,db1a3b7dffe3111e15c4785f4da194b073bbe66aba89bc0cf85d92d988f6af3f,2025-09-19T06:00:00Z,UNCERTAIN,False,,116840.8,DOWN,DOWN,-0.0018041642987723466460346043505350870586302045176000,,2025-09,ABSTENTION,,,,,,,,,,
440,ba9080c40afe4ab612cfb0e76c619af4c407a5be743d094fcf5aa7abd18ca1fb,2025-09-19T07:00:00Z,UNCERTAIN,False,,116630,DOWN,UP,0.0019180313812912629683614850381548486667238274886393,,2025-09,ABSTENTION,,,,,,,,,,
441,e6f10b4f8fc5f30a0da9e4293e6251733784613a9c580c99e0e79e9c176233b8,2025-09-19T08:00:00Z,BALANCED,False,,116853.7,UP,UP,0.000078730925935592967959080457015909637435528357253557,,2025-09,ABSTENTION,,,,,,,,,,
442,1ed8a7953a83d8b58e09cd21ea2d1afbfa280d8bdab55f0aebb1b7a9fa648d6c,2025-09-19T09:00:00Z,UNCERTAIN,False,,116862.9,UP,DOWN,-0.0036110690390192268033738680111481060285171769654869,,2025-09,ABSTENTION,,,,,,,,,,
443,a02e170aad8d957a08591ee86ac22118b452e7e25a3dd11055fb1ffc356b2322,2025-09-19T10:00:00Z,UNCERTAIN,False,,116440.9,DOWN,UP,0.00047406023141353253023636883603613506937854310641708,,2025-09,ABSTENTION,,,,,,,,,,
444,bfa6a5c56608671b08cd1650c7c7143f4db145b67076fab0345eefc7aa269210,2025-09-19T11:00:00Z,UNCERTAIN,False,,116496.1,UP,DOWN,-0.0011837306141578988481159455123390396760063212416553,,2025-09,ABSTENTION,,,,,,,,,,
445,a29a69f15de95a49e4f8b60cd338477ea1447a3a5ba38860ca44e40faf878527,2025-09-19T12:00:00Z,UNCERTAIN,False,,116358.2,DOWN,DOWN,-0.0019938431498596575058741025557287754537282288656923,,2025-09,ABSTENTION,,,,,,,,,,
446,11b2273dfafd251394932f020ed9d0ddd20576cd9745b7dd34d1556f931c2cc3,2025-09-19T13:00:00Z,UNCERTAIN,False,,116126.2,DOWN,UP,0.00093605060701202657109248386668985982491461875097954,,2025-09,ABSTENTION,,,,,,,,,,
447,0221914386c58092fd64bff469c8edc52b0dfe5ab002cb74ee0f8f18f7d4757a,2025-09-19T14:00:00Z,UNCERTAIN,False,,116234.9,UP,DOWN,-0.0033767827046781990606951956770298765689134674697531,,2025-09,ABSTENTION,,,,,,,,,,
448,a6bbb75a18774ac0d06c1afa54459e108ccf9d5372d74ebb70c3ff4e970ed8b9,2025-09-19T15:00:00Z,UNCERTAIN,False,,115842.4,DOWN,DOWN,-0.00022962231445481101910872012320186736462642348570126,,2025-09,ABSTENTION,,,,,,,,,,
449,976ed1a170f6b97a37e20ed1760b96b7c9a35f3f7ee27c1510acb81a010437cc,2025-09-19T16:00:00Z,UNCERTAIN,False,,115815.8,DOWN,UP,0.0018028628218256921767150941408685170762538444668171,,2025-09,ABSTENTION,,,,,,,,,,
450,fbdc6dbf4419387d6e5969683f4230a90300c87edd5de64100e072d340f021c9,2025-09-19T17:00:00Z,UNCERTAIN,False,,116024.6,UP,DOWN,-0.0046610804949984744614504165495937930404414236291269,,2025-09,ABSTENTION,,,,,,,,,,
451,d59f6dd8e36be031905a0928da55b7aec1d54adfcb3443cb54067cd8c20b153b,2025-09-19T18:00:00Z,UNCERTAIN,False,,115483.8,DOWN,DOWN,-0.0010962576569181131899019602749476549957656398559798,,2025-09,ABSTENTION,,,,,,,,,,
452,4395b7a7ba305d657780b2dbe748a0c77fa67e3a35cc80ca02f00540fb71f17b,2025-09-19T19:00:00Z,UNCERTAIN,False,,115357.2,DOWN,DOWN,-0.0025243331148814291609019636398941721886453554697930,,2025-09,ABSTENTION,,,,,,,,,,
453,cc29e0dc08ea8c23dd74724cf5065bfa9c06c3dcef6cdfd5235ade7a79f2b939,2025-09-19T20:00:00Z,UNCERTAIN,False,,115066,DOWN,UP,0.0019727808388229364017172753028696574140058748891940,,2025-09,ABSTENTION,,,,,,,,,,
454,de2168856bb437c9736b85d4a99df02432fc9800c2a4a3369d7819265089bd96,2025-09-19T21:00:00Z,UNCERTAIN,False,,115293,UP,UP,0.0010087342683423971967075191035015135350801870018128,,2025-09,ABSTENTION,,,,,,,,,,
455,14a984120b1c6764bff6fc88bc45d915ad45c93d6bb713eca9ba3af2738c1e3d,2025-09-19T22:00:00Z,UNCERTAIN,False,,115409.3,UP,UP,0.0013135856469106042580623918523030639645158579074650,,2025-09,ABSTENTION,,,,,,,,,,
456,3f1bed9d158c5aa4347fac0bb4582f79b70f0e1110b69f6f51fa89fb2a3da091,2025-09-19T23:00:00Z,UNCERTAIN,False,,115560.9,UP,UP,0.000088265148506112361534048281036232843461759124409727,,2025-09,ABSTENTION,,,,,,,,,,
457,bd2be9795a467585e28dadd76a432e85e537900f821a07a66d752a5a0ec1c030,2025-09-20T00:00:00Z,BALANCED,False,,115571.1,UP,UP,0.00079604676255569082582064201171400116465102434778245,,2025-09,ABSTENTION,,,,,,,,,,
458,a4cc4bf3eafdfb858a23a11990e15516124efabc09cb2db468c70ba6136562c4,2025-09-20T01:00:00Z,UNCERTAIN,False,,115663.1,UP,DOWN,-0.00082221555534997765060767003478205235723407033012257,,2025-09,ABSTENTION,,,,,,,,,,
459,d71a511e7ee5ea8cada309bb1137bb3732f699b3e8ff4a5a7324f2ed186a3d49,2025-09-20T02:00:00Z,BALANCED,False,,115568,DOWN,DOWN,-0.00015834833171812266371313858507545341270940052609719,,2025-09,ABSTENTION,,,,,,,,,,
460,08a2587a811cd211fb61bf8dd72f58cf7112f2f0293783097a63a9a6a2dc33d4,2025-09-20T03:00:00Z,BALANCED,False,,115549.7,DOWN,DOWN,-0.0012955464185540940391883319472054016583340328880127,,2025-09,ABSTENTION,,,,,,,,,,
461,ef99a49876cc3899a5ec7d661667e097b3832348d036061844ed07fec2936f7a,2025-09-20T04:00:00Z,UNCERTAIN,False,,115400,DOWN,UP,0.00098613518197573656845753899480069324090121317157712,,2025-09,ABSTENTION,,,,,,,,,,
462,43a0bf8ca14b398c0398b9b2afca41cfede63c1f1ddb4eaf9468d00a9345b9cd,2025-09-20T05:00:00Z,BALANCED,False,,115513.8,UP,UP,0.0012708438299146941750682602424991646019782917711996,,2025-09,ABSTENTION,,,,,,,,,,
463,c4409dec362a60e86bc1b6a49673570046dbe7ee2d784a32985dd7efdef6e4b1,2025-09-20T06:00:00Z,UNCERTAIN,False,,115660.6,UP,DOWN,-0.00023084784273987857576391614776336972140901914740197,,2025-09,ABSTENTION,,,,,,,,,,
464,a12b67fa2e7f4bb9103732da8d3a3ca8ce9433ff487a0a2051ad756a5c87c969,2025-09-20T07:00:00Z,BALANCED,False,,115633.9,DOWN,UP,0.0022329092074210071613947121043223483770762726155565,,2025-09,ABSTENTION,,,,,,,,,,
465,9667d9e29854eb8918fae825bf93946f36cbd20691cd71c4f3f6a222b314d5f3,2025-09-20T08:00:00Z,UNCERTAIN,False,,115892.1,UP,DOWN,-0.0021718477790979713026168306554113697137250942902924,,2025-09,ABSTENTION,,,,,,,,,,
466,96b3623dc7bcc0ab58047c16bf092697e1ba035bea794e55b325fab571ec4f1e,2025-09-20T09:00:00Z,BALANCED,False,,115640.4,DOWN,DOWN,-0.00021878167145737994680059909858492360801242472353952,,2025-09,ABSTENTION,,,,,,,,,,
467,f09d170d1d25484b7c30e1a5aa905cb54c82c0be120df1294c6e2b18a85db02a,2025-09-20T10:00:00Z,BALANCED,False,,115615.1,DOWN,UP,0.00063918986360778133652092157512297269128340502235435,,2025-09,ABSTENTION,,,,,,,,,,
468,ac12528ee0991857d6b362898ce1341bd3f1a40b8db30eb845c5f9122ba98610,2025-09-20T11:00:00Z,BALANCED,False,,115689,UP,UP,0.0012766987354026744115689477824166515399043988624675,,2025-09,ABSTENTION,,,,,,,,,,
469,f1858fcbb9b2e1ee2dba4fde65c3b72ca9c8b000687780f068374c25bbda5be3,2025-09-20T12:00:00Z,UNCERTAIN,False,,115836.7,UP,DOWN,-0.00010791053267228779825392125293624559401295099048920,,2025-09,ABSTENTION,,,,,,,,,,
470,fdd26760aafc33dc1814ca2ee262e0041f5e0dfa4a2cf96c853060ae69a94c9d,2025-09-20T13:00:00Z,UNCERTAIN,False,,115824.2,DOWN,UP,0.00030045534525600004144211658703448847477470165992944,,2025-09,ABSTENTION,,,,,,,,,,
471,c4d93ae9fdb2674d68f6e9a43bcd9c72c31d70c704d134a6bf9d6df2b7b3a0db,2025-09-20T14:00:00Z,UNCERTAIN,False,,115859,UP,UP,0.00042206475111989573533346567810873561829465125713151,,2025-09,ABSTENTION,,,,,,,,,,
472,927c5df589f4942ecd3750c2b27ea3e798565f2c78ef7aea7f9cb610c67a5fa1,2025-09-20T15:00:00Z,UNCERTAIN,False,,115907.9,UP,UP,0.00020792370494159587051443430516815506104415661055027,,2025-09,ABSTENTION,,,,,,,,,,
473,426fc3bfcaa15a84a3cd6ab8fdf76139400b86eaea2f74272aaa5ef4546837e5,2025-09-20T16:00:00Z,BALANCED,False,,115932,UP,UP,0.00032432805437670358486009039781941137908429079115343,,2025-09,ABSTENTION,,,,,,,,,,
474,860b56cd318748743a515dc8a7f787be5172a48bec39d41be5335322ff7e17b5,2025-09-20T17:00:00Z,UNCERTAIN,False,,115969.6,UP,DOWN,-0.0017116554683296312136973827623791062485340985913550,,2025-09,ABSTENTION,,,,,,,,,,
475,3aab1c9b1205bfb1e0d36d81c7b4d7f7a356883dd559bf3a43afb04b87b228d2,2025-09-20T18:00:00Z,UNCERTAIN,False,,115771.1,DOWN,DOWN,-0.0010097511382374357676484027533641815617196346929415,,2025-09,ABSTENTION,,,,,,,,,,
476,fd29c19866e75aee56a60b157719a2fd06db963706ad35e2e90e75948d52e5c0,2025-09-20T19:00:00Z,UNCERTAIN,False,,115654.2,DOWN,DOWN,-0.00027149900306257792626640450584587503091111260983172,,2025-09,ABSTENTION,,,,,,,,,,
477,b3007bf2cb9e5ca9b43a507fea0f3f7004104594b3e88a41b7b8b2dfee6e020e,2025-09-20T20:00:00Z,UNCERTAIN,False,,115622.8,DOWN,UP,0.00025081558308568898175792317778154481642029080769537,,2025-09,ABSTENTION,,,,,,,,,,
478,54b1b350244d95698ea694453809642cf9a96711da8b22b20b1fc00c4be2f13d,2025-09-20T21:00:00Z,UNCERTAIN,False,,115651.8,UP,UP,0.00055338524778689134107726814455114403753335443114591,,2025-09,ABSTENTION,,,,,,,,,,
479,e78d07d7ad03d4fabdd2cc989863a5a0ee366ca98af09a1376f5e513e3f3670c,2025-09-20T22:00:00Z,UNCERTAIN,False,,115715.8,UP,DOWN,-0.000069999083962604933811977275359112584452598521550212,,2025-09,ABSTENTION,,,,,,,,,,
480,fbf747b4c9fbcce11a56f070132c2e613c4ec82715dc4c04fdb2ed70e5a9627c,2025-09-20T23:00:00Z,UNCERTAIN,False,,115707.7,DOWN,DOWN,-0.00073028847691208104560024959445222746627925367110400,,2025-09,ABSTENTION,,,,,,,,,,
481,3fa00fcfe61697da41fac1d31397bc5ec996caf161f2c113aff6b57c4a70fe21,2025-09-21T00:00:00Z,DOWN,True,AS-2025-09-20T23:30:00+00:00-39a9f4f28921,115623.2,DOWN,DOWN,-0.00035114060154017532813483799099142732600377778854071,True,2025-09,PAIRED,True,True,BOTH,AS-2025-09-20T23:30:00+00:00-39a9f4f28921,1,ACTIVATED_WITHIN_1H,2025-09-21T00:20:00Z,,DESTINATION_REACHED,2025-09-21T00:29:00Z
482,d4413d30acc1571ac89c16b4fcf2c7623928a6580e9374c19b8e9c5a0ea71f38,2025-09-21T01:00:00Z,UNCERTAIN,False,,115582.6,DOWN,DOWN,-0.0012467274485952037763469587982966294234599325504012,,2025-09,ABSTENTION,,,,,,,,,,
483,deb39a1d06fb719a976d33317c534f12fb0b27243f4e5b6dca9bc0c47e5c7ebd,2025-09-21T02:00:00Z,UNCERTAIN,False,,115438.5,DOWN,UP,0.0016944087111319014020452448706454085941865148975428,,2025-09,ABSTENTION,,,,,,,,,,
484,3f74d755b7c0118049dcee147ab991fe25b01e5464de2f1deb7fe40af299398b,2025-09-21T03:00:00Z,BALANCED,False,,115634.1,UP,DOWN,-0.00017382415740685489833881182108045982975610135764450,,2025-09,ABSTENTION,,,,,,,,,,
485,62f4a12833eea67ef5ab292862d429a127892ebecfc9763166c88104aa2db2d0,2025-09-21T04:00:00Z,UNCERTAIN,False,,115614,DOWN,DOWN,-0.0014565710035116854360198591866036985140207933295276,,2025-09,ABSTENTION,,,,,,,,,,
486,bee19ff385e4431ea47905345aed85a7f16dcaade54a529be55ca667d1d7171f,2025-09-21T05:00:00Z,UNCERTAIN,False,,115445.6,DOWN,UP,0.0016405995551151364798658415738668255871163561019216,,2025-09,ABSTENTION,,,,,,,,,,
487,b5c03efc9baa1b6437f7ef553d1eddc7425f567428229bbfc91a757f6d6e729f,2025-09-21T06:00:00Z,UNCERTAIN,False,,115635,UP,DOWN,-0.000097721278159726726337181649154667704414753318631902,,2025-09,ABSTENTION,,,,,,,,,,
488,0aa6955128b80ad01f0a944d68f4eccc6516316cd94438323e43abb96365af02,2025-09-21T07:00:00Z,UNCERTAIN,False,,115623.7,DOWN,UP,0.0013050957545901056617285210558043030970294152496417,,2025-09,ABSTENTION,,,,,,,,,,
489,b03bfbc157f21e140db0644793b6797794bcf10257090e838494d71d27b57a7f,2025-09-21T08:00:00Z,BALANCED,False,,115774.6,UP,DOWN,-0.0016894897499106021528038101621599210880452188994823,,2025-09,ABSTENTION,,,,,,,,,,
490,22c0ba3797c7479aca1d1df225fe89f63bc79ec7a3b07c221aa89a55c60197a3,2025-09-21T09:00:00Z,BALANCED,False,,115579,DOWN,UP,0.00039453533946478166448922382093632926396663753796105,,2025-09,ABSTENTION,,,,,,,,,,
491,060627beb30c28dff4cea81dce6b5fbc2ba030820010969ede590a06c229844f,2025-09-21T10:00:00Z,BALANCED,False,,115624.6,UP,DOWN,-0.0013526533280979999065942714612634335599863696825762,,2025-09,ABSTENTION,,,,,,,,,,
492,651224a970eab6d12e60105eca20842a7f10a8b45e8db56090f4a3bb134d23b7,2025-09-21T11:00:00Z,BALANCED,False,,115468.2,DOWN,UP,0.00081234487070899173971708227893047609644906563019082,,2025-09,ABSTENTION,,,,,,,,,,
493,26cab5c2ede78d4f24f61350f7b829a5ace2900d88c9a7a3db1f3da7a231cb42,2025-09-21T12:00:00Z,BALANCED,False,,115562,UP,UP,0.00055381526799466952804555130579256156868174659490144,,2025-09,ABSTENTION,,,,,,,,,,
494,d08b849ee354c5d97990e3160fc7b21ced08fc67da4a8eb7027311b5f97fbaf6,2025-09-21T13:00:00Z,BALANCED,False,,115626,UP,DOWN,-0.000070053448186394063618909241866016293913133724248871,,2025-09,ABSTENTION,,,,,,,,,,
495,a9e463da8201b0e70146b7ebfd379387156f45c5758818ec0cc62e18c19bf7cf,2025-09-21T14:00:00Z,BALANCED,False,,115617.9,DOWN,DOWN,-0.0014028969562671524046017095968703807974370750549872,,2025-09,ABSTENTION,,,,,,,,,,
496,678eadd8dbfef724655989e16d509699612d91a9c461733fd6bdce588e611e68,2025-09-21T15:00:00Z,UNCERTAIN,False,,115455.7,DOWN,UP,0.00012991996064291325590681101063005117980316259829528,,2025-09,ABSTENTION,,,,,,,,,,
497,cfa97b478e04d78a39678d404397074b517daf95e79159b4f533fa2665a504e6,2025-09-21T16:00:00Z,UNCERTAIN,False,,115470.7,UP,DOWN,-0.0016705536556026766963394177050974836040657933138017,,2025-09,ABSTENTION,,,,,,,,,,
498,b794e3254d125c869f8a9dca1afef20d50f5b602fb353d2a841f6856c0522158,2025-09-21T17:00:00Z,UNCERTAIN,False,,115277.8,DOWN,UP,0.0024905055439989312773144525658886619973663619534724,,2025-09,ABSTENTION,,,,,,,,,,
499,0913560b7d433d428a89ee9fbbb78b23369600dd59d5e93d04fe142fc6eb3f03,2025-09-21T18:00:00Z,UNCERTAIN,False,,115564.9,UP,DOWN,-0.00081685702146586030879618292405392986970957444691251,,2025-09,ABSTENTION,,,,,,,,,,
500,ea3b7d9d6b2e6fea014a801eda6ccae46d385ac63a91c42458b49f91ea3ea32d,2025-09-21T19:00:00Z,UNCERTAIN,False,,115470.5,DOWN,DOWN,-0.00031436600690219579892699867065614161192685577701664,,2025-09,ABSTENTION,,,,,,,,,,
501,fcb5067b74c8b56c6bc09921c0679fa9b819e7f1f0254a07b4a1d2f5ea0089fb,2025-09-21T20:00:00Z,BALANCED,False,,115434.2,DOWN,DOWN,-0.0014969567078040996515763959034670834120217405240388,,2025-09,ABSTENTION,,,,,,,,,,
502,619d088a66a2ddd7a4193fa9b93235c96b0869eed0f01d24be3bc6d087394f3c,2025-09-21T21:00:00Z,UNCERTAIN,False,,115261.4,DOWN,UP,0.00075740881162297178413588590803165673850916265115641,,2025-09,ABSTENTION,,,,,,,,,,
503,1e090de583063a33ec7f4fb0d008ac5d6ef6c306c1de3154ab515defe978b79b,2025-09-21T22:00:00Z,UNCERTAIN,False,,115348.7,UP,UP,0.0010828037073673131990217488363544625990583335572919,,2025-09,ABSTENTION,,,,,,,,,,
504,23fadbd729f41518ca587491235d4c4fcc01e0b8656020c6b76868b6d3bec179,2025-09-21T23:00:00Z,UNCERTAIN,False,,115473.6,UP,DOWN,-0.0026109864072827035789998752961715924678887641850605,,2025-09,ABSTENTION,,,,,,,,,,
505,c5a544e275203f9b26bdfb7db5e1c16ac6a991e4b1479b58d111c0e544340e4b,2025-09-22T00:00:00Z,BALANCED,False,,115172.1,DOWN,DOWN,-0.0072491514872091417973623820352324912022963894901630,,2025-09,ABSTENTION,,,,,,,,,,
506,3404452a3f03cb274adca7e10a30d592978a52a5a3aaa2f431a9b671fd71d7ba,2025-09-22T01:00:00Z,UNCERTAIN,False,,114337.2,DOWN,DOWN,-0.0010355334921617811176065182635222832114132583271236,,2025-09,ABSTENTION,,,,,,,,,,
507,0bcc550a350c5ef6ba253c40588483a11cb00073c090db728a177cbd08bc0502,2025-09-22T02:00:00Z,UNCERTAIN,False,,114218.8,DOWN,DOWN,-0.00068902842614350702336217855554427117077048611962304,,2025-09,ABSTENTION,,,,,,,,,,
508,d7b6a0908db9747170bd43a37b3ad83e02bab2f08a343211a6e11e4975751386,2025-09-22T03:00:00Z,UNCERTAIN,False,,114140.1,DOWN,UP,0.0039924618955126200169791335385197664974886126786292,,2025-09,ABSTENTION,,,,,,,,,,
509,a5e65011519ada0b48ea244f0a4615eadbd8635cf0886c1d481ec9eb3706625b,2025-09-22T04:00:00Z,UNCERTAIN,False,,114595.8,UP,DOWN,-0.0018840132011818932281985901752071192836037620925025,,2025-09,ABSTENTION,,,,,,,,,,
510,bd7870cb965651fecb72f0f1fe9f3e98618342d0704a6f884489d92d157e1865,2025-09-22T05:00:00Z,UNCERTAIN,False,,114379.9,DOWN,DOWN,-0.0068683396296027536306641289247498904964945764072184,,2025-09,ABSTENTION,,,,,,,,,,
511,608a7c25e5b570b2a9ba4300ed09b953272bdc0927d1eacb018639e3be72e411,2025-09-22T06:00:00Z,UNCERTAIN,False,,113594.3,DOWN,DOWN,-0.0075171025306727538265564381311386222724203591201319,,2025-09,ABSTENTION,,,,,,,,,,
512,2908bdc04a7bcfbca54c28d496d4f1994f0e96a9e6ea0003cc7506a7b1fd0989,2025-09-22T07:00:00Z,UNCERTAIN,False,,112740.4,DOWN,DOWN,-0.0024933386789473870945996288819269756005832869140078,,2025-09,ABSTENTION,,,,,,,,,,
513,f90fcf3580242d5cdd226146c13ba8c9044525773c1a8bb4c8494f55d94427c8,2025-09-22T08:00:00Z,UNCERTAIN,False,,112459.3,DOWN,UP,0.00092211137718267853347833393947854912844024460404786,,2025-09,ABSTENTION,,,,,,,,,,
514,79b5ad539d73ddd85dd3075a8cca15d7fb9f032c6e86aff8567e0ab8cdc83d45,2025-09-22T09:00:00Z,UNCERTAIN,False,,112563,UP,DOWN,-0.0023808889244245444773149258637385286461803612199391,,2025-09,ABSTENTION,,,,,,,,,,
515,2429169552c69dc7379e6c4b48d3a1827b553cd5be780b67f6052f09b3c2cb03,2025-09-22T10:00:00Z,UNCERTAIN,False,,112295,DOWN,UP,0.0038977692684447214924974397791531234694331893672915,,2025-09,ABSTENTION,,,,,,,,,,
516,69e2a00a93f612b32af5dbf1ab67a69147a9aca24a4adcc9b74c1b7af7b51c24,2025-09-22T11:00:00Z,UNCERTAIN,False,,112732.7,UP,UP,0.00067149992859214761998958598525538730111139004033435,,2025-09,ABSTENTION,,,,,,,,,,
517,49b44193fa457375cef029b0d1bde11eb12d3864f9b4fe564f5077fcc1982e29,2025-09-22T12:00:00Z,UNCERTAIN,False,,112808.4,UP,DOWN,-0.0011692391701327206130039961563146006857645352651044,,2025-09,ABSTENTION,,,,,,,,,,
518,f7b2b40867bdd4745a7ebd0d6909648a0e08b9ce53eb57fc5298baefaaec4602,2025-09-22T13:00:00Z,UNCERTAIN,False,,112676.5,DOWN,UP,0.0035419985533806960635092499323283914569586382253620,,2025-09,ABSTENTION,,,,,,,,,,
519,116ee00f9c3cbf4338fcf185fe4cd406c2e1f7e7dc5b762b3f9ca00ae12bd3da,2025-09-22T14:00:00Z,UNCERTAIN,False,,113075.6,UP,DOWN,-0.0017289317943039877745508314791166263986218070034561,,2025-09,ABSTENTION,,,,,,,,,,
520,085a20ebfddf0f7b7fb40ff40dcc9ef7e2e4bdfbaa67d8fa42c06fbe9799bed5,2025-09-22T15:00:00Z,BALANCED,False,,112880.1,DOWN,DOWN,-0.00097182762949359541672978673831791431793557943339880,,2025-09,ABSTENTION,,,,,,,,,,
521,6afe29b3704ee64c5fd8de55c7e47dcb5c9c33a24b9f1e673a4a0d83c499bfb8,2025-09-22T16:00:00Z,UNCERTAIN,False,,112770.4,DOWN,DOWN,-0.0018994346034065676808807985074097458198250604768627,,2025-09,ABSTENTION,,,,,,,,,,
522,7283a136d8a4de0dd8aabf56dfe1c5f48402c9897fc3124d2d7abd42cf4ce20d,2025-09-22T17:00:00Z,BALANCED,False,,112556.2,DOWN,DOWN,-0.0020540849815469960784034997627851686535259719144747,,2025-09,ABSTENTION,,,,,,,,,,
523,481b608d8a3ce668781bdb0337c313b5dc761c9e57cf4c1b6ec5b4ac19f068fd,2025-09-22T18:00:00Z,UNCERTAIN,False,,112325,DOWN,UP,0.00050834631649232138882706432227910082350322724237703,,2025-09,ABSTENTION,,,,,,,,,,
524,c961dbc97766ca89a1a4bc9970e6b1d585f1f4c8b5beafa1879939e76854887d,2025-09-22T19:00:00Z,BALANCED,False,,112382.1,UP,DOWN,-0.0027824715857774503234945778731666341881847731978669,,2025-09,ABSTENTION,,,,,,,,,,
525,e73b97494c5b14122fd9df226b60a9d055c675a716eea19fb35d6234ea6aed9e,2025-09-22T20:00:00Z,UNCERTAIN,False,,112069.4,DOWN,UP,0.0060507150033818330427395881480582567587584121981558,,2025-09,ABSTENTION,,,,,,,,,,
526,df983e173a5d3a5929fea6937982f437f394d018d19f1276546b59b45883c593,2025-09-22T21:00:00Z,BALANCED,False,,112747.5,UP,UP,0.0015308543426683518481562784097208363821814230914211,,2025-09,ABSTENTION,,,,,,,,,,
527,6e4b34bd897d36e7434d1d0493c8a415ca3c078284b9443cc1fce23ca8901324,2025-09-22T22:00:00Z,UNCERTAIN,False,,112920.1,UP,DOWN,-0.0029179924566131273351688494785250810086069707695973,,2025-09,ABSTENTION,,,,,,,,,,
528,4d74ab69a1a751fab50fc64e9eb75964c726e7f16055963d40533665ce2d8c62,2025-09-22T23:00:00Z,BALANCED,False,,112590.6,DOWN,UP,0.00017141750732299143978271720729794494389407286221052,,2025-09,ABSTENTION,,,,,,,,,,
529,242445b1249901f872edcea4d5ade969bea09981d32b338d39208f4a88318d57,2025-09-23T00:00:00Z,BALANCED,False,,112609.9,UP,DOWN,-0.0023008634231981379967480656674057964708253892419761,,2025-09,ABSTENTION,,,,,,,,,,
530,f869f5393001f6c0498cdf2bf5030e6a8a7e0e762888e4497d096c286c830a9b,2025-09-23T01:00:00Z,BALANCED,False,,112350.8,DOWN,DOWN,-0.0022029215635313678229260494807335595296161665070476,,2025-09,ABSTENTION,,,,,,,,,,
531,738f705c3e74e80d559862b42daa9d981c219bc385b770857d100897afdf1cec,2025-09-23T02:00:00Z,UNCERTAIN,False,,112103.3,DOWN,DOWN,-0.0030980354726399668876830566093950847120468353741594,,2025-09,ABSTENTION,,,,,,,,,,
532,3a320571a4db969c75841529be9f88f3c1ee73502f60c2769165aaff135cda47,2025-09-23T03:00:00Z,UNCERTAIN,False,,111756,DOWN,UP,0.0047406850638891871577364973692687640932030495006979,,2025-09,ABSTENTION,,,,,,,,,,
533,3c97b44d489b12f23e6e35d3caac6608c01ba504fc6db5e4f35c8607dc40e136,2025-09-23T04:00:00Z,BALANCED,False,,112285.8,UP,UP,0.00088256930083768383891818912097522571865721222095759,,2025-09,ABSTENTION,,,,,,,,,,
534,4991dfe528ea2c5f7ddd18235e2b52f77eaaae74762df1ba9c81fc6c442d2c51,2025-09-23T05:00:00Z,BALANCED,False,,112384.9,UP,UP,0.0019353133739497032074593650926414491626544135377617,,2025-09,ABSTENTION,,,,,,,,,,
535,cfb2cb39eb9164f982ecec8c264d6b364d98751df0bb1c41d2170a8478f55b96,2025-09-23T06:00:00Z,UNCERTAIN,False,,112602.4,UP,UP,0.0029111280043764608924854177175619702599589351559114,,2025-09,ABSTENTION,,,,,,,,,,
536,2bac877d6a2a2a92706bd514c3b6dafc65ccc70b7f9bfcc38ae376a1fd5e589c,2025-09-23T07:00:00Z,UNCERTAIN,False,,112930.2,UP,UP,0.00094040389550359425556671288990898802977414367458837,,2025-09,ABSTENTION,,,,,,,,,,
537,09010b231073f09a3623a38ca44579571d403821ad6d29c4ba223588fd16612f,2025-09-23T08:00:00Z,UNCERTAIN,False,,113036.4,UP,UP,0.00025124650112707057195735179110445838685591543962830,,2025-09,ABSTENTION,,,,,,,,,,
538,20dff9459e3847c0b8d7ae51bf66fe8c73ec031d9323126c667cb8cfc4e37dd6,2025-09-23T09:00:00Z,UNCERTAIN,False,,113064.8,UP,DOWN,-0.0016494965718773658999087249081942390558334689487798,,2025-09,ABSTENTION,,,,,,,,,,
539,800811585183f87d707060d3b16ea7ceab418b7fc3b0fc84cdadcff9098b8b56,2025-09-23T10:00:00Z,UNCERTAIN,False,,112878.3,DOWN,UP,0.00026311523118260994362955501633174844057715256165268,,2025-09,ABSTENTION,,,,,,,,,,
540,8a844123f395458a6d314049bad73f73b527193d2bdcc8e95d05a9f8c34956f4,2025-09-23T11:00:00Z,UNCERTAIN,False,,112908,UP,UP,0.000099195805434513054876536649307400715626882063272753,,2025-09,ABSTENTION,,,,,,,,,,
541,064841c25225721b1106fa29c2e27c6384c5b8b83d8a1d71636fc2d2ee312c48,2025-09-23T12:00:00Z,UNCERTAIN,False,,112919.2,UP,DOWN,-0.00040914211223600592281914855932383509624581116408901,,2025-09,ABSTENTION,,,,,,,,,,
542,b4e87f39c474b11941155e5a376d1989a97980dce25e1ee62d987a13ea0a3b63,2025-09-23T13:00:00Z,UNCERTAIN,False,,112873,DOWN,UP,0.00011340178785006157362699671312005528337157690501714,,2025-09,ABSTENTION,,,,,,,,,,
543,5ce64d0579ec3bf35d631312bb0b26be1aada47436fdacfff5fd03ce19285cd3,2025-09-23T14:00:00Z,UNCERTAIN,False,,112885.8,UP,DOWN,-0.0025335338900021083254049667894456167206149932055227,,2025-09,ABSTENTION,,,,,,,,,,
544,fe1a1ca64281b9097475034cae5ebc5460bd55d8e6ca9199674ee681f7578c18,2025-09-23T15:00:00Z,UNCERTAIN,False,,112599.8,DOWN,UP,0.0019831296325570738136302195918642839507707828965948,,2025-09,ABSTENTION,,,,,,,,,,
545,300ccb12ccbba35732f96c5e51c5a2caf453ed2af85f6d6673562e5aa704b36c,2025-09-23T16:00:00Z,UNCERTAIN,False,,112823.1,UP,DOWN,-0.00057612315208498968739557767868459561915955154573842,,2025-09,ABSTENTION,,,,,,,,,,
546,391f4e496f708bf85d7315368894d507c9f3e77f91b995570ed47a2238630618,2025-09-23T17:00:00Z,UNCERTAIN,False,,112758.1,DOWN,DOWN,-0.0076402493479404140367742982544047833370729020797619,,2025-09,ABSTENTION,,,,,,,,,,
547,c7e2e16288036dcc249d45d67c571db74b03d3848ab6d1eeb9acc7e217f7c8c2,2025-09-23T18:00:00Z,UNCERTAIN,False,,111896.6,DOWN,DOWN,-0.0015290902493909555786324159983413258311691329316530,,2025-09,ABSTENTION,,,,,,,,,,
548,f749f166978bde9385e96e4bc70f1422c055f238b83367ae168cd843cd928690,2025-09-23T19:00:00Z,UNCERTAIN,False,,111725.5,DOWN,DOWN,-0.0010310985406196436802699473262594483801817848208332,,2025-09,ABSTENTION,,,,,,,,,,
549,80629dc21580684cbaa3af879d766fa1df31fb2c1acc1d607a4d846fa21792fd,2025-09-23T20:00:00Z,UNCERTAIN,False,,111610.3,DOWN,UP,0.0028751826668327206359986488702207591951638872039588,,2025-09,ABSTENTION,,,,,,,,,,
550,d4d32c92705d2941ea98f6c8b984fcaee8ebf6d31bb220e4d7a67c766ef2fdf7,2025-09-23T21:00:00Z,UNCERTAIN,False,,111931.2,UP,UP,0.0015938362136741140986606058007061480623811770087339,,2025-09,ABSTENTION,,,,,,,,,,
551,b4c4cc28cabf2bca357f845115ebbd5ddb681e0a9c2e9ed7b451d286356660c6,2025-09-23T22:00:00Z,UNCERTAIN,False,,112109.6,UP,DOWN,-0.000019623653995732747240200660781949092673597979120432,,2025-09,ABSTENTION,,,,,,,,,,
552,54bab683b981f93cb2f23ba2e0a104bd1c4e5c81c2018c74340326d40ed89d8d,2025-09-23T23:00:00Z,BALANCED,False,,112107.4,DOWN,DOWN,-0.0014789389460463805243900045848891330991531335130420,,2025-09,ABSTENTION,,,,,,,,,,
553,1db328bbc28bdcfe6906d880d797d7ad4a0a02f855c993da7336487f78afaa1b,2025-09-24T00:00:00Z,UNCERTAIN,False,,111941.6,DOWN,UP,0.0020653626533835499939254039606366176649252824687158,,2025-09,ABSTENTION,,,,,,,,,,
554,32eee60a475b00104662b597f1c26cb8c430392f87196918af7b03bd698ed997,2025-09-24T01:00:00Z,UNCERTAIN,False,,112172.8,UP,UP,0.0019559108803560221372739202373480915159468248987277,,2025-09,ABSTENTION,,,,,,,,,,
555,ff7b2a8a89ed824678db5952b720f07c89ca645e1efcb1e56fab08b8dc8bde5d,2025-09-24T02:00:00Z,UNCERTAIN,False,,112392.2,UP,DOWN,-0.0028329368052231382604842684812647140993770030304594,,2025-09,ABSTENTION,,,,,,,,,,
556,b800774bb6536300d6cbb2464d7acdad8882bb7ce4edaf99c6b106b180c635a8,2025-09-24T03:00:00Z,UNCERTAIN,False,,112073.8,DOWN,DOWN,-0.0038786942175602147870421097526808228149665666730315,,2025-09,ABSTENTION,,,,,,,,,,
557,3bbbb211629bfe0795d2142eb1eb40979afaabf45d190ed46f58f674d4b69778,2025-09-24T04:00:00Z,UNCERTAIN,False,,111639.1,DOWN,UP,0.0043676453858907855760213043637936887703322581425325,,2025-09,ABSTENTION,,,,,,,,,,
558,abd37a04ea85da375879538fe888dc48f92b69983beb4ca68e27af4b82c8cbe6,2025-09-24T05:00:00Z,BALANCED,False,,112126.7,UP,UP,0.0041149877772198771568234862882792412511917322100802,,2025-09,ABSTENTION,,,,,,,,,,
559,0e97bc7d68857e9c942a451d94dd704ecce1214b0a021c610cbd7246e4fe1ff5,2025-09-24T06:00:00Z,UNCERTAIN,False,,112588.1,UP,DOWN,-0.00042810918738303604022094697396971793644266134698072,,2025-09,ABSTENTION,,,,,,,,,,
560,4172325022237378c52150733de5ddd088b2fe726e179bf77df2a633957240ab,2025-09-24T07:00:00Z,UNCERTAIN,False,,112539.9,DOWN,UP,0.000047094408294302731742253191979022551112983039792998,,2025-09,ABSTENTION,,,,,,,,,,
561,c9c159328a8f171a3b8c4fd38fccc3caa663500c58001eff904eb09302f741e1,2025-09-24T08:00:00Z,BALANCED,False,,112545.2,UP,UP,0.00027277929223103250960502980135980921443117965048709,,2025-09,ABSTENTION,,,,,,,,,,
562,303d5e29c4583397f3bb318d75d0bd7a492cd22515b0b6eabe32d88aac5ecd69,2025-09-24T09:00:00Z,BALANCED,False,,112575.9,UP,UP,0.0010126501320442474810327965399343909309186069132026,,2025-09,ABSTENTION,,,,,,,,,,
563,28ebea360689130127bee7f5001852701b5f7f179a649400ecabb0af738adaa6,2025-09-24T10:00:00Z,UNCERTAIN,False,,112689.9,UP,UP,0.0017011284951002707429858399022450104224069770227855,,2025-09,ABSTENTION,,,,,,,,,,
564,566d330b0de20b005c8711bcfa8923ab1d5a4e17edaf8a4285d4e196848f3736,2025-09-24T11:00:00Z,UNCERTAIN,False,,112881.6,UP,UP,0.00073439781151223937293589034882567220875678587121373,,2025-09,ABSTENTION,,,,,,,,,,
565,b3c1f1a573dfa335ecbbafc62c52e69a9d676d8e64910f0c805a132cac67ac0a,2025-09-24T12:00:00Z,UNCERTAIN,False,,112964.5,UP,UP,0.00031602848682550712834563070699201961678226345444808,,2025-09,ABSTENTION,,,,,,,,,,
566,4e675156f2f06c9ec97e735eed3c384ebdbf61f881f5ccc0afb2f3bdedd55085,2025-09-24T13:00:00Z,UP,True,AL-2025-09-24T11:45:00+00:00-0411a37b8add,113000.2,UP,DOWN,-0.0020345096734342063111392723198720002265482715959795,True,2025-09,PAIRED,False,False,NEITHER,AL-2025-09-24T11:45:00+00:00-0411a37b8add,1,ALREADY_ACTIVE_AT_CUTOFF,2025-09-24T12:37:00Z,,DESTINATION_REACHED,2025-09-24T13:41:00Z
567,bd207d742fdaa0cdf6654196e8b89bf9bfca16fa4f9e15f46c3690b8ee6c8958,2025-09-24T14:00:00Z,UNCERTAIN,False,,112770.3,DOWN,UP,0.0079152046239125017846010873430326956654367328986444,,2025-09,ABSTENTION,,,,,,,,,,
568,d705e6b8d746d40c62412e87c5546453a59f64a812afe7b946fd80f6c46070e0,2025-09-24T15:00:00Z,UNCERTAIN,False,,113662.9,UP,DOWN,-0.0032745953165016905252285486293240802407821725470668,,2025-09,ABSTENTION,,,,,,,,,,
569,2c543834c8a2a9bec1738069bcb111af1307ee53ff15d22f1ca4dc7bcb1920d6,2025-09-24T16:00:00Z,UP,True,AL-2025-09-24T15:15:00+00:00-66e5b0e97d2b,113290.7,DOWN,UP,0.0032253309406685632624743249004552006475377060959108,True,2025-09,PAIRED,True,False,MV_ONLY,AL-2025-09-24T15:15:00+00:00-66e5b0e97d2b,1,ACTIVATED_WITHIN_1H,2025-09-24T16:19:00Z,,DESTINATION_REACHED,2025-09-24T17:14:00Z
570,2e2c4e1a36baec729a5d90192cf79eacc885f3ae93deb7dac7d329bf9f40da64,2025-09-24T17:00:00Z,UP,True,AL-2025-09-24T15:15:00+00:00-66e5b0e97d2b,113656.1,UP,UP,0.00029122941927446041171569321840182797051808041979269,True,2025-09,PAIRED,True,True,BOTH,AL-2025-09-24T15:15:00+00:00-66e5b0e97d2b,2,ALREADY_ACTIVE_AT_CUTOFF,2025-09-24T16:19:00Z,,DESTINATION_REACHED,2025-09-24T17:14:00Z
571,cce70974d96e905ef8eb55ac6d9fd65155b3f12a28d0d2a5f97e88b940fe2c7b,2025-09-24T18:00:00Z,UP,True,AL-2025-09-24T17:30:00+00:00-1fbc991ded86,113689.2,UP,DOWN,-0.00096139299071503713633309056621033484271153284568807,True,2025-09,PAIRED,False,False,NEITHER,AL-2025-09-24T17:30:00+00:00-1fbc991ded86,1,ACTIVATED_WITHIN_1H,2025-09-24T18:41:00Z,,INVALIDATED,2025-09-24T19:30:00Z
572,19549dd421d0898024e453babb7ef9c14e9a56d5f6e7e9366401bef67e798d61,2025-09-24T19:00:00Z,UP,True,AL-2025-09-24T17:30:00+00:00-1fbc991ded86,113579.9,DOWN,DOWN,-0.0019598538121621871475498745816821462248161866668310,True,2025-09,PAIRED,False,True,PERSISTENCE_ONLY,AL-2025-09-24T17:30:00+00:00-1fbc991ded86,2,ALREADY_ACTIVE_AT_CUTOFF,2025-09-24T18:41:00Z,,INVALIDATED,2025-09-24T19:30:00Z
573,4c71cb746e67ba1ea09d2af1f2d6282af1f721be8d99c92b98429e251125a02f,2025-09-24T20:00:00Z,UNCERTAIN,False,,113357.3,DOWN,UP,0.00065986045892059884983146211139467859590868872141450,,2025-09,ABSTENTION,,,,,,,,,,
574,3c6c10764dacb241d53c7959d1b505961a8c9e5fbe094ac419d5bbc54c56cad8,2025-09-24T21:00:00Z,BALANCED,False,,113432.1,UP,DOWN,-0.0013876142643925308620751974088463494901355083790215,,2025-09,ABSTENTION,,,,,,,,,,
575,f5abca748817cd0aad99e76dc35084a491c2a377278c2d99f2caffbdb4d4998e,2025-09-24T22:00:00Z,UNCERTAIN,False,,113274.7,DOWN,DOWN,-0.0000026484289960600204635280428904247815266780666821453,,2025-09,ABSTENTION,,,,,,,,,,
576,1b45e5c0a4dcb9d258c83bd3c9814d7df6488f8a254d326cd402816813fa1681,2025-09-24T23:00:00Z,UNCERTAIN,False,,113274.4,DOWN,DOWN,-0.00018362489671099560006497496345158305848452960245210,,2025-09,ABSTENTION,,,,,,,,,,
577,3dff084140a74b0eed64d33e9c9f36fdbab37a76da64fb90c8049066a136a2bc,2025-09-25T00:00:00Z,UNCERTAIN,False,,113253.6,DOWN,DOWN,-0.0022189140124464034697351783960951351656812675270367,,2025-09,ABSTENTION,,,,,,,,,,
578,f0d1954656930f4eea20bdf0f0f46721f7c84637a9526c118bd1b359a31ec9cd,2025-09-25T01:00:00Z,UNCERTAIN,False,,113002.3,DOWN,DOWN,-0.0033468345334563986750712153646430205402898879049364,,2025-09,ABSTENTION,,,,,,,,,,
579,a586146796ac922d1229893c42dcf352079387abf05b1a8bafb081cf135b3c73,2025-09-25T02:00:00Z,UNCERTAIN,False,,112624.1,DOWN,UP,0.0020217697633099842751240631445667490350644311475075,,2025-09,ABSTENTION,,,,,,,,,,
580,d89e86c4dd567f196f5d4646000abcda0efeaab78a0bc79dfa253c50aa2ee56d,2025-09-25T03:00:00Z,UNCERTAIN,False,,112851.8,UP,DOWN,-0.0031811632601340873605915014204469933133543284201050,,2025-09,ABSTENTION,,,,,,,,,,
581,6a9f591ef91bb5b1e4f6b676c307a846e9c49d732baff587cbe637b965e249cc,2025-09-25T04:00:00Z,UNCERTAIN,False,,112492.8,DOWN,DOWN,-0.0071311230585424133811230585424133811230585424133811,,2025-09,ABSTENTION,,,,,,,,,,
582,242d3ea53a16d91f0996f3d14b9aa9cc1f9fc16faab2f5d03a88af0bac1dd860,2025-09-25T05:00:00Z,UNCERTAIN,False,,111690.6,DOWN,UP,0.000080579744401050759866989701908665545712888998716096,,2025-09,ABSTENTION,,,,,,,,,,
583,1922fd5f44181816c9f6a0bf41f82228703077580fe7af93fe44e79417a74a00,2025-09-25T06:00:00Z,UNCERTAIN,False,,111699.6,UP,DOWN,-0.0020009024204204849435450082184716865593072848962754,,2025-09,ABSTENTION,,,,,,,,,,
584,3df3b79a6d9d1b342fe7a36115f4764f5f85d9026c8982aec791be846d76c3d1,2025-09-25T07:00:00Z,UNCERTAIN,False,,111476.1,DOWN,UP,0.0021305015155714991823359446554014717055942933059194,,2025-09,ABSTENTION,,,,,,,,,,
585,fc80ae61731b8e36b54c6bbaf674eaee4353083b0c37842121ce00081e0ea486,2025-09-25T08:00:00Z,UNCERTAIN,False,,111713.6,UP,DOWN,-0.00030076910958021225705733232122140903166669053723092,,2025-09,ABSTENTION,,,,,,,,,,
586,b6cfc5d5cf89a543231af2c59aa3a0ad2705fd6e6f81f02c70672217fb2f366a,2025-09-25T09:00:00Z,UNCERTAIN,False,,111680,DOWN,DOWN,-0.0015034025787965616045845272206303724928366762177650,,2025-09,ABSTENTION,,,,,,,,,,
587,3eaac25f2884ffdc4fb0e339aa01af7d69db7ec6a9dfec832278597efc0f1e52,2025-09-25T10:00:00Z,UNCERTAIN,False,,111512.1,DOWN,UP,0.00079542937492881938372607098243150294900732745594424,,2025-09,ABSTENTION,,,,,,,,,,
588,591c2238ac523b33315c15c43cbfdd97c8eae20f2936e7c8862e93b2fe53be1c,2025-09-25T11:00:00Z,UNCERTAIN,False,,111600.8,UP,DOWN,-0.0025895871714181260349388176428842803994236600454477,,2025-09,ABSTENTION,,,,,,,,,,
589,ef6c5208f72ec00cd5e1d56a4c24c2e40b0f64ec5447d5d4f55b352951d5f021,2025-09-25T12:00:00Z,UNCERTAIN,False,,111311.8,DOWN,DOWN,-0.0020779468124673215238635975700689414779026123016607,,2025-09,ABSTENTION,,,,,,,,,,
590,3feb9a87e820b6c48c44b9c24cd5d20fd1becbad14f24b75a98583c8a2aa8edd,2025-09-25T13:00:00Z,UNCERTAIN,False,,111080.5,DOWN,DOWN,-0.0011748236639194097973991834750473755519645662379986,,2025-09,ABSTENTION,,,,,,,,,,
591,ad268ae399206a868a1f5f493de1c4486af672e5e2838d74e7a794e219d93572,2025-09-25T14:00:00Z,UNCERTAIN,False,,110950,DOWN,UP,0.0047345651194231635872014420910319963947724200090131,,2025-09,ABSTENTION,,,,,,,,,,
592,ec8ccf4b655c875830ca8dc7acf536ce9934716b8fdfafa8cef6463d7a183fd7,2025-09-25T15:00:00Z,BALANCED,False,,111475.3,UP,UP,0.00051760345116810629798708772257172665155420079605078,,2025-09,ABSTENTION,,,,,,,,,,
593,44ba836f7a32f8ef1ff9cace8a2631fca96db67b4701f5c0171d3b0e5b15c0d7,2025-09-25T16:00:00Z,BALANCED,False,,111533,UP,DOWN,-0.0055759282006222373647261348659141240709027821362287,,2025-09,ABSTENTION,,,,,,,,,,
594,3a2ff74382a417a97f165246d659011942b6a9ecb3e1f5a728fcecd7cd4f9e1c,2025-09-25T17:00:00Z,UNCERTAIN,False,,110911.1,DOWN,DOWN,-0.019118915960620713346094304357273528077893015216692,,2025-09,ABSTENTION,,,,,,,,,,
595,4db15b6005362fd43d81206b5391329227a9d65d7ebea3a60eea6acc238e6553,2025-09-25T18:00:00Z,UNCERTAIN,False,,108790.6,DOWN,UP,0.0085053304237682299757515814785468597470737361499983,,2025-09,ABSTENTION,,,,,,,,,,
596,9503573c827d3ce4b73ab60ee53cc0c5f295736613bc44e194661e0818fffb4d,2025-09-25T19:00:00Z,UNCERTAIN,False,,109715.9,UP,DOWN,-0.0035464321944221393617515783947449731533898003844475,,2025-09,ABSTENTION,,,,,,,,,,
597,57bc2af40cff05cb1aff938826c6768b89f9727b74d5fd3f0e43c1c09cd479b5,2025-09-25T20:00:00Z,UNCERTAIN,False,,109326.8,DOWN,DOWN,-0.0018943205142746334841960068345547477837090265149991,,2025-09,ABSTENTION,,,,,,,,,,
598,6c09fc5a523d665fcfd6936a5f990fdceb01d9c7d0014fb0453911ec6fadf462,2025-09-25T21:00:00Z,UNCERTAIN,False,,109119.7,DOWN,UP,0.0020830335860527475790347664078988486955151086375787,,2025-09,ABSTENTION,,,,,,,,,,
599,455356f34dc1fa01ffbb60b1bb2dff4aaae0ee19475609304ce06e3762bdf67c,2025-09-25T22:00:00Z,DOWN,True,AS-2025-09-25T20:45:00+00:00-12cf2bf6e873,109347,UP,UP,0.00019204916458613405031688112156712118302285385058575,True,2025-09,PAIRED,False,True,PERSISTENCE_ONLY,AS-2025-09-25T20:45:00+00:00-12cf2bf6e873,1,ALREADY_ACTIVE_AT_CUTOFF,2025-09-25T21:33:00Z,,STALLED,2025-09-25T23:33:00Z
600,cb5e8c4e37babf063e287fcfa65beeecd3a9100688a4719847323e3479b5c735,2025-09-25T23:00:00Z,DOWN,True,AS-2025-09-25T20:45:00+00:00-12cf2bf6e873,109368,UP,DOWN,-0.0039170506912442396313364055299539170506912442396313,True,2025-09,PAIRED,True,False,MV_ONLY,AS-2025-09-25T20:45:00+00:00-12cf2bf6e873,2,ALREADY_ACTIVE_AT_CUTOFF,2025-09-25T21:33:00Z,,STALLED,2025-09-25T23:33:00Z
601,0a3d4ee1adcdf046818ec2f4ae0def5e1ccde06c1e450f9b7674c9367f035507,2025-09-26T00:00:00Z,UNCERTAIN,False,,108939.6,DOWN,UP,0.0044125368552849468880003231148269316208247505957430,,2025-09,ABSTENTION,,,,,,,,,,
602,7760e200800da38462afeee048103b9865ec44780d5ab3f6e1ec2f6cf684b275,2025-09-26T01:00:00Z,UNCERTAIN,False,,109420.3,UP,UP,0.0019685561088755925545808227540959035937572826980003,,2025-09,ABSTENTION,,,,,,,,,,
603,2df06bccd158ff010d842110b127c9768f1df423f1ed765a10136ade25f60141,2025-09-26T02:00:00Z,BALANCED,False,,109635.7,UP,DOWN,-0.00057371823229112415025397749090852705824836253154766,,2025-09,ABSTENTION,,,,,,,,,,
604,2444d8185f91343e2b25d745e9f0968054a624f500d92696b14b389987c2ddf8,2025-09-26T03:00:00Z,BALANCED,False,,109572.8,DOWN,DOWN,-0.00041068586364499218784223821970416015653519851642013,,2025-09,ABSTENTION,,,,,,,,,,
605,71e346fa3a80f1c269e8f2774c20e192b0a791592bd538310a7a362cca5874ea,2025-09-26T04:00:00Z,BALANCED,False,,109527.8,DOWN,DOWN,-0.0021008364999570885199921846325773000096779082570818,,2025-09,ABSTENTION,,,,,,,,,,
606,5b93b3de678e25566d66b93c488e659d9c99b45daa09a1096a6814e7ddcd731b,2025-09-26T05:00:00Z,BALANCED,False,,109297.7,DOWN,DOWN,-0.0010503423219335814019874160206481929628894295122404,,2025-09,ABSTENTION,,,,,,,,,,
607,55e0b775017aa66b00d0e408c8d826fa62e96bfd98d2ece29a140e0ab9110af4,2025-09-26T06:00:00Z,BALANCED,False,,109182.9,DOWN,UP,0.00098733409718921186376254889730901084327307664478595,,2025-09,ABSTENTION,,,,,,,,,,
608,73f598c15fe96a10d918f0d757563238c16b73af952c696158cc17accf2402a6,2025-09-26T07:00:00Z,BALANCED,False,,109290.7,UP,DOWN,-0.00047671027818469458060017915522546749174449427078425,,2025-09,ABSTENTION,,,,,,,,,,
609,4bed0897a5e3235f6b181c800f8a5054125c05ac25f49d5314c985cdce85d37e,2025-09-26T08:00:00Z,BALANCED,False,,109238.6,DOWN,UP,0.0025247485778836418628580007433269924733564875419495,,2025-09,ABSTENTION,,,,,,,,,,
610,91b550bd0c796b2abd277393bb0a2317cd841baf1e42b004d259786286b998dc,2025-09-26T09:00:00Z,BALANCED,False,,109514.4,UP,UP,0.000025567413965652005581001219930894932538552007772494,,2025-09,ABSTENTION,,,,,,,,,,
611,236bcb025a34e32c669c2e56286db85ec8c61aa3650dce2b0043416e4f98c95f,2025-09-26T10:00:00Z,BALANCED,False,,109517.2,UP,DOWN,-0.0059972314851000573425909354877590004127205589624278,,2025-09,ABSTENTION,,,,,,,,,,
612,4671330f50f24568884cbb972a45b964b60a26eba18999b70f724d355d7645a6,2025-09-26T11:00:00Z,UNCERTAIN,False,,108860.4,DOWN,UP,0.0021109604594508195817762933077592953911615243008477,,2025-09,ABSTENTION,,,,,,,,,,
613,0d5e78be328b5b84a36bcd6e0e72e8cc6935db55b6ea9ffafe063def6a0f019c,2025-09-26T12:00:00Z,UNCERTAIN,False,,109090.2,UP,UP,0.0021074303649640389329197306449158586197476950266843,,2025-09,ABSTENTION,,,,,,,,,,
614,d962c52aa096218e1c101880f89e58f0792cd5fca332374d758791c6634dd3ce,2025-09-26T13:00:00Z,UNCERTAIN,False,,109320.1,UP,UP,0.0027442345918088256413962299705177730353338498592665,,2025-09,ABSTENTION,,,,,,,,,,
615,6f0d0d6b6d9f56d9b2b6f114e4db5a89ea748625667a19e5b19e080ee61d2eae,2025-09-26T14:00:00Z,UNCERTAIN,False,,109620.1,UP,DOWN,-0.0075168696251873515897175791665944475511334144011910,,2025-09,ABSTENTION,,,,,,,,,,
616,c22af92b239ca0bc2c77924f3bf634461a79c0452b95a7bebd71ecbc3ac76cee,2025-09-26T15:00:00Z,BALANCED,False,,108796.1,DOWN,UP,0.0016866413410039514284059814644091102530329671743748,,2025-09,ABSTENTION,,,,,,,,,,
617,b23dfc75ce5a5dc9c5455d5807e0bf0b1ee2290b387f0835410613b5ad1a31b5,2025-09-26T16:00:00Z,BALANCED,False,,108979.6,UP,UP,0.0038585203102231977360900572217185601708943692213956,,2025-09,ABSTENTION,,,,,,,,,,
618,7f4f77fad88d0836bce26628562c5104358f436cf9bd93507d06be7c7a1a57be,2025-09-26T17:00:00Z,BALANCED,False,,109400.1,UP,UP,0.0039771444450233592108233904722207749353062748571528,,2025-09,ABSTENTION,,,,,,,,,,
619,8196c1648f623ed88ab09562f26a0d288b90eb22b338f917d6bb3162b3eeed0f,2025-09-26T18:00:00Z,UNCERTAIN,False,,109835.2,UP,DOWN,-0.0015659824901306684924322985709499322621527524873629,,2025-09,ABSTENTION,,,,,,,,,,
620,03632ad185ff36fdd13f8693b33c6ca8aa593daeeb84fdd54cff4ea35176943d,2025-09-26T19:00:00Z,UNCERTAIN,False,,109663.2,DOWN,DOWN,-0.0049934709182296340066676879755469473807074752514973,,2025-09,ABSTENTION,,,,,,,,,,
621,1d08fa5b7cc89adf5d2aa72149682c20bcfe319dd4cdbb7459c366b757d5d7ad,2025-09-26T20:00:00Z,UNCERTAIN,False,,109115.6,DOWN,UP,0.0010209355949103519570070640678326472108479447485053,,2025-09,ABSTENTION,,,,,,,,,,
622,b62b6ba3864e36239c1f67d4156d9e957a2d9fb5aa2d043a5f8a7f7776748750,2025-09-26T21:00:00Z,BALANCED,False,,109227,UP,UP,0.0018173162313347432411400111693995074477922125481795,,2025-09,ABSTENTION,,,,,,,,,,
623,5e6fb4a746b64bcfae4a032e0f39ce8bfb2da86c7834fe18e10f40245865c713,2025-09-26T22:00:00Z,UNCERTAIN,False,,109425.5,UP,UP,0.00068082850889417914471489735025199793466787905926863,,2025-09,ABSTENTION,,,,,,,,,,
624,ea1cec23bb803d5a4362e435a2471019b9fe0a51f7e17c7ab2df6b22fa6b6ee6,2025-09-26T23:00:00Z,BALANCED,False,,109500,UP,UP,0.00076712328767123287671232876712328767123287671232877,,2025-09,ABSTENTION,,,,,,,,,,
625,c8feb9408188f121e578a955ffdfecfae092882f1a9f538d8d8d7dfc19cb487e,2025-09-27T00:00:00Z,UNCERTAIN,False,,109584,UP,UP,0.000048364724777339757628850927142648561833844356840415,,2025-09,ABSTENTION,,,,,,,,,,
626,040489ca0881e5da288bc3ab81efa1817f49165d41dec0e660f6a80c290bbd74,2025-09-27T01:00:00Z,BALANCED,False,,109589.3,UP,DOWN,-0.0019782953262772916698984298649594440333134712969241,,2025-09,ABSTENTION,,,,,,,,,,
627,b080d4bb223ba3889eb936a7dba717da8a027bbf778739d8f4093012772cb46e,2025-09-27T02:00:00Z,UNCERTAIN,False,,109372.5,DOWN,DOWN,-0.00022583373334247639946055909849367985553955518983291,,2025-09,ABSTENTION,,,,,,,,,,
628,6d2a4fcb64e9b343f917bfdfa954c204d3b025a14f99d03c85c531cf36ed52fb,2025-09-27T03:00:00Z,BALANCED,False,,109347.8,DOWN,UP,0.0013324456459114861021438017042866888954327384730191,,2025-09,ABSTENTION,,,,,,,,,,
629,665a9f94678a886905a6ac400676f7ded0d0b6c03b466fd36250987c292173b1,2025-09-27T04:00:00Z,UNCERTAIN,False,,109493.5,UP,UP,0.00082835967431856685556676880362761259800810093749857,,2025-09,ABSTENTION,,,,,,,,,,
630,94a1c79211b4e9bb655225c02c73d3ebc95aeca03f775b1fe11bea1b1628cfa0,2025-09-27T05:00:00Z,UNCERTAIN,False,,109584.2,UP,DOWN,-0.000092166571458294170144966153879847642269597259458937,,2025-09,ABSTENTION,,,,,,,,,,
631,a9baabc451ddff8e653cd5818ceaaa8bde894187ebe850e36a1ea69a6f214354,2025-09-27T06:00:00Z,BALANCED,False,,109574.1,DOWN,DOWN,-0.00078759487871677704859086225668292050767471510147015,,2025-09,ABSTENTION,,,,,,,,,,
632,ba56c7aadedb5017f396d43043caa069bb2cc12466f437733f7167fc02a08cc6,2025-09-27T07:00:00Z,BALANCED,False,,109487.8,DOWN,DOWN,-0.0011517264937280683327274819660272651382163126850663,,2025-09,ABSTENTION,,,,,,,,,,
633,43c242f4ac053b6c305e1cc52d165b3eb1259af13ebd645ba6d6d58953984689,2025-09-27T08:00:00Z,UNCERTAIN,False,,109361.7,DOWN,DOWN,-0.0015069260993565388979871380931349823567117190021735,,2025-09,ABSTENTION,,,,,,,,,,
634,27c3ff72552a99b022c3d18e5d4a1e36d2d42bfe58abe81ce5e4ecf981a1441e,2025-09-27T09:00:00Z,UNCERTAIN,False,,109196.9,DOWN,UP,0.00059708654732872453338876836247182841271134986432765,,2025-09,ABSTENTION,,,,,,,,,,
635,8b2d9c13544589038fe4bfbb5bd5ea4efd942a7ef277c831ca44a9dec65a4408,2025-09-27T10:00:00Z,BALANCED,False,,109262.1,UP,UP,0.0012410524783982735092955379770295463843363801354724,,2025-09,ABSTENTION,,,,,,,,,,
636,aee813e5ed1deac1008de2d867be5f39b0cde9276908976c7484f3ab793b3494,2025-09-27T11:00:00Z,UNCERTAIN,False,,109397.7,UP,DOWN,-0.0011087984482306300772319710560642499796613639957696,,2025-09,ABSTENTION,,,,,,,,,,
637,f9b0bc6313eb5c8a3046d900180190d84ac59626278b1cd5ea6a924093c3357f,2025-09-27T12:00:00Z,BALANCED,False,,109276.4,DOWN,UP,0.00076045696966591139532415050276180401257728109637580,,2025-09,ABSTENTION,,,,,,,,,,
638,20c14743b3c709b5852d8c619616a27438e39234c22bdcea92061ca145c05432,2025-09-27T13:00:00Z,UNCERTAIN,False,,109359.5,UP,DOWN,-0.00095373515789666192694736168325568423410860510518062,,2025-09,ABSTENTION,,,,,,,,,,
639,8ebcb64f572cfdf915818c1e0b09f110ed9d0d2f14610571f52068e655d494f2,2025-09-27T14:00:00Z,UNCERTAIN,False,,109255.2,DOWN,DOWN,-0.00024163609603936471673659468839927069832831755376403,,2025-09,ABSTENTION,,,,,,,,,,
640,5d1c33be306df49584e2dfe9342c31262be381003be2b087df98b7335121d225,2025-09-27T15:00:00Z,UNCERTAIN,False,,109228.8,DOWN,UP,0.00087705806527216265307318216441085135055955938360579,,2025-09,ABSTENTION,,,,,,,,,,
641,523f06caf39158d5c7fa5568facda0c9e7c525304a5fb8421de6f3818e55e122,2025-09-27T16:00:00Z,BALANCED,False,,109324.6,UP,UP,0.000087811892291396446911308159371266851193601440115034,,2025-09,ABSTENTION,,,,,,,,,,
642,914c0193c278055ce5f1cff8328726723c1196930b7f433919f4b15b81c19e48,2025-09-27T17:00:00Z,UNCERTAIN,False,,109334.2,UP,DOWN,-0.00012621851168252934580396618807289942213872694911565,,2025-09,ABSTENTION,,,,,,,,,,
643,e366267b42c09e49ee5db96e9ea6efefbf3fea759ea37540bf62e1433b60b00e,2025-09-27T18:00:00Z,BALANCED,False,,109320.4,DOWN,UP,0.00030735343083267166969751299848884563173936429065389,,2025-09,ABSTENTION,,,,,,,,,,
644,9ba585035960578ea06b665893727ee889238974048262af0ddde5f02ffdf046,2025-09-27T19:00:00Z,UNCERTAIN,False,,109354,UP,DOWN,-0.0000018289225817071163377654223896702452585182069243009,,2025-09,ABSTENTION,,,,,,,,,,
645,f59106319b02a9467c47dd8fccbac2473253a881fad460f451568d595680b0e5,2025-09-27T20:00:00Z,BALANCED,False,,109353.8,DOWN,DOWN,-0.00030268724086405776479646797825041288002794598815953,,2025-09,ABSTENTION,,,,,,,,,,
646,6ea14aaca289aef781386c86ae635695c76d6d2efd3e2df0fb8be557acf1f021,2025-09-27T21:00:00Z,BALANCED,False,,109320.7,DOWN,UP,0.00079124996455383106767519783535963454313775890567843,,2025-09,ABSTENTION,,,,,,,,,,
647,893cbac4e14b59c0ab477049cf200e68f68968bcbdf725b61af2d24a2d3469e9,2025-09-27T22:00:00Z,UNCERTAIN,False,,109407.2,UP,UP,0.0012293523643782127684466835820677249760527643518891,,2025-09,ABSTENTION,,,,,,,,,,
648,649d9488735cdaf256afe09d89917ee92677a0bfe48574971787302b6c5b289b,2025-09-27T23:00:00Z,UNCERTAIN,False,,109541.7,UP,UP,0.00036607063793970697916866362307687392107297951373769,,2025-09,ABSTENTION,,,,,,,,,,
649,abc5e66060dd460fa020e32217063518005442e3083f054564ed7a12b5606dcc,2025-09-28T00:00:00Z,UNCERTAIN,False,,109581.8,UP,DOWN,-0.00026372992595485746720714571215293050488311015150326,,2025-09,ABSTENTION,,,,,,,,,,
650,6273694db86a3e7d17c720d11f00ea213b216c317c0a78ffce9d6398869fdc7e,2025-09-28T01:00:00Z,UNCERTAIN,False,,109552.9,DOWN,DOWN,-0.0023532010562933523439361258350988426595735941266731,,2025-09,ABSTENTION,,,,,,,,,,
651,946e6177375439735e178bb628823839e15e90a1667f1bad088ade9ca242264b,2025-09-28T02:00:00Z,UNCERTAIN,False,,109295.1,DOWN,UP,0.00085822694704520147746788282365815118884561155989610,,2025-09,ABSTENTION,,,,,,,,,,
652,46cee538402f16fb0c5fb95ef8f553fd2143a5b75bd452d098744db33c33074e,2025-09-28T03:00:00Z,BALANCED,False,,109388.9,UP,UP,0.000039309290065079729296116882060245600787648472559830,,2025-09,ABSTENTION,,,,,,,,,,
653,d517b7effd354221ff3792903d8cff5102b06f8aa916c0aab3bc0c89f1dfc74d,2025-09-28T04:00:00Z,BALANCED,False,,109393.2,UP,DOWN,-0.00062252498327135507508693410559340068669716216364454,,2025-09,ABSTENTION,,,,,,,,,,
654,b0bfefab7d0d643eb39d2c250b175a1e0a919fe75976f19108a45f72e67b0aa9,2025-09-28T05:00:00Z,BALANCED,False,,109325.1,DOWN,DOWN,-0.00017836709044857951193275835100996934830153368256695,,2025-09,ABSTENTION,,,,,,,,,,
655,9a4aaae949d430232cc475a15f4a45e4aa9cc91ee334f0f26fbd83ee65574b84,2025-09-28T06:00:00Z,BALANCED,False,,109305.6,DOWN,UP,0.00059649276889747643304643128988816675449382282335031,,2025-09,ABSTENTION,,,,,,,,,,
656,d1d56a5057a2090e5133751f5988f5a4e99ee4dd1b07d854902c374bbab1ff69,2025-09-28T07:00:00Z,UNCERTAIN,False,,109370.8,UP,UP,0.00078814455046502357119084801427803399079096065860358,,2025-09,ABSTENTION,,,,,,,,,,
657,c1aee8496a7d38a3557db53479500d226848cc0660ade567fa0693b1a3f958b2,2025-09-28T08:00:00Z,UNCERTAIN,False,,109457,UP,DOWN,-0.000041112034863005563828718126752971486519820568807842,,2025-09,ABSTENTION,,,,,,,,,,
658,118494a3ce9443ba1d8d6b5ad87d05c8aba7b59df5589bb2cf5adfc6b6a1bcf4,2025-09-28T09:00:00Z,UNCERTAIN,False,,109452.5,DOWN,UP,0.00014983668714739270459788492725154747493204814874032,,2025-09,ABSTENTION,,,,,,,,,,
659,cad8bb1e0ba609d185eff5d8a5fd492730eb4241f278869d431db2e8e8025fcc,2025-09-28T10:00:00Z,UNCERTAIN,False,,109468.9,UP,DOWN,-0.0013684251874276621031178718339181265181252392231949,,2025-09,ABSTENTION,,,,,,,,,,
660,3e0570834f395384458f6cab704f07ccf5dca5030226c97bc9ff48a613696df7,2025-09-28T11:00:00Z,BALANCED,False,,109319.1,DOWN,UP,0.00016465558168700620477116990535048312691926662403917,,2025-09,ABSTENTION,,,,,,,,,,
661,fcc9be870a6740c569b91c45a56cf0541c9b79c9f7799cc21c28fd2fc1e3c765,2025-09-28T12:00:00Z,BALANCED,False,,109337.1,UP,DOWN,-0.00060821075371488726150592982619806085948868224966640,,2025-09,ABSTENTION,,,,,,,,,,
662,17f680f095254e1c0e34cc0fde2585134c5cfcf680ea251f504ff86e747eba14,2025-09-28T13:00:00Z,BALANCED,False,,109270.6,DOWN,UP,0.0028845819461044416338887129749447701394519660366100,,2025-09,ABSTENTION,,,,,,,,,,
663,972aa415a80923302926babf49ffda334d70e9e6452eaac03a2d753e316aba2c,2025-09-28T14:00:00Z,UNCERTAIN,False,,109585.8,UP,UP,0.0020294600212801293598258168485332953722106331294748,,2025-09,ABSTENTION,,,,,,,,,,
664,a09d6a5c68b6da1d96ee01e1528becbf77c8e2e0f8c722661211cf172ca5b7fe,2025-09-28T15:00:00Z,UNCERTAIN,False,,109808.2,UP,UP,0.0015062627381197396915713034181418145457260933154355,,2025-09,ABSTENTION,,,,,,,,,,
665,36bed2f935ff13fab8ca5dbb66fbf04e645647dd96a1c0669757ad55487cc169,2025-09-28T16:00:00Z,UNCERTAIN,False,,109973.6,UP,UP,0.0016894963882240828707980824488786399645005710461420,,2025-09,ABSTENTION,,,,,,,,,,
666,743cd0a13c5c4dccad8dbdd6c69ac02da985ae1a71bc4b39c67c918453a9c09d,2025-09-28T17:00:00Z,UNCERTAIN,False,,110159.4,UP,DOWN,-0.000084423117772972619676577759138121667329342752411506,,2025-09,ABSTENTION,,,,,,,,,,
667,aa361b2ce94c0457343c1e4a21e9a6e622d9b9d75c6f965695fbaddf646a589d,2025-09-28T18:00:00Z,UP,True,AL-2025-09-28T16:30:00+00:00-e6e588da20e6,110150.1,DOWN,UP,0.00088697150524602338082307687419257903533451172536384,True,2025-09,PAIRED,True,False,MV_ONLY,AL-2025-09-28T16:30:00+00:00-e6e588da20e6,1,ALREADY_ACTIVE_AT_CUTOFF,2025-09-28T17:42:00Z,,INVALIDATED,2025-09-28T18:11:00Z
668,4e990b641fc0e7122754319f57f46489ddb495ca8bd3cfc216514706487d2d50,2025-09-28T19:00:00Z,UNCERTAIN,False,,110247.8,UP,UP,0.00033197941364816350076826929879779913975607676525064,,2025-09,ABSTENTION,,,,,,,,,,
669,a11fa29478e497e71cc4c1f08f66558d5efbcf50e16956248256afc3877b977b,2025-09-28T20:00:00Z,UNCERTAIN,False,,110284.4,UP,UP,0.0041266035812862018562915516609783432652306219193286,,2025-09,ABSTENTION,,,,,,,,,,
670,6299651abf0f8facc5381b6d8860e992b368a0a828e168d869046fa9783e3a55,2025-09-28T21:00:00Z,UP,True,AL-2025-09-28T20:30:00+00:00-9a6c1af59614,110739.5,UP,UP,0.00025194262209961215284519074043137272608238252836612,True,2025-09,PAIRED,True,True,BOTH,AL-2025-09-28T20:30:00+00:00-9a6c1af59614,1,ACTIVATED_WITHIN_1H,2025-09-28T21:50:00Z,,DESTINATION_REACHED,2025-09-28T22:01:00Z
671,6201eb8cd88cf182f89ae0151498be15f309934f2a1ccb64995dc6627ac5e743,2025-09-28T22:00:00Z,UP,True,AL-2025-09-28T20:30:00+00:00-9a6c1af59614,110767.4,UP,UP,0.010124820118554737224129121022972463017097088132429,True,2025-09,PAIRED,True,True,BOTH,AL-2025-09-28T20:30:00+00:00-9a6c1af59614,2,ALREADY_ACTIVE_AT_CUTOFF,2025-09-28T21:50:00Z,,DESTINATION_REACHED,2025-09-28T22:01:00Z
672,800798028505fd53490cbe11ab5010f24acd5bbed70019fcbb2787dde43d7621,2025-09-28T23:00:00Z,UNCERTAIN,False,,111888.9,UP,UP,0.0020752728822966353230749430908696036872290280805335,,2025-09,ABSTENTION,,,,,,,,,,
673,e50dcb0882f2026b6b976c912717b21ea3e1c8adc55eb1b615c9806194f1a441,2025-09-29T00:00:00Z,UNCERTAIN,False,,112121.1,UP,UP,0.00074740615281155821696362236902777443317983858524399,,2025-09,ABSTENTION,,,,,,,,,,
674,8a292b5cb563c1d236a0f9a87872fe13e67cd20af6e17a86278ea9c3dd810721,2025-09-29T01:00:00Z,UNCERTAIN,False,,112204.9,UP,DOWN,-0.0034793489410890255238407591825312441791757757459790,,2025-09,ABSTENTION,,,,,,,,,,
675,3b91173aead245eb013e75b524cca6e909c6480459a75327a5fe311e90d3e758,2025-09-29T02:00:00Z,UNCERTAIN,False,,111814.5,DOWN,DOWN,-0.00092742891127715993900612174628514190914416287690774,,2025-09,ABSTENTION,,,,,,,,,,
676,0cb543e3d9535ea3735f9e418ca0c19009b9444d7c8697f6ef3d3bae1cb48911,2025-09-29T03:00:00Z,UNCERTAIN,False,,111710.8,DOWN,UP,0.0010679361350916831676077872506507875693308077643343,,2025-09,ABSTENTION,,,,,,,,,,
677,4f1958c9e350466f1a68f3d203c2595af34867ff330d2d66d61e79e8604631a5,2025-09-29T04:00:00Z,UNCERTAIN,False,,111830.1,UP,DOWN,-0.00070016927464072731760053867429252052890947964814482,,2025-09,ABSTENTION,,,,,,,,,,
678,97c8afa593e7fd5729b5dabb12822e05ebb0fa7fe816ee4c3132ba02d04b2fc8,2025-09-29T05:00:00Z,UNCERTAIN,False,,111751.8,DOWN,DOWN,-0.00042504908198346693297110203146615982919290785472807,,2025-09,ABSTENTION,,,,,,,,,,
679,4cdf8034332d4af0893dd95698dfd80391086e515f5c9de7c1f2bc7543a073ea,2025-09-29T06:00:00Z,UNCERTAIN,False,,111704.3,DOWN,DOWN,-0.0010993310015818549509732391680535127116861213041933,,2025-09,ABSTENTION,,,,,,,,,,
680,d71c8b24adf0f05a6fcb73ca8f334ed5909aaa8f1839c4e00865c2fe9e6df223,2025-09-29T07:00:00Z,UNCERTAIN,False,,111581.5,DOWN,UP,0.0021356586889403709396270887199042852085695209331296,,2025-09,ABSTENTION,,,,,,,,,,
681,05573504eb80b3c282dc9e3939ce21fbe1868a954725638c0652286db7654bb3,2025-09-29T08:00:00Z,UNCERTAIN,False,,111819.8,UP,UP,0.0019996458587835070354266417933138853762929284437998,,2025-09,ABSTENTION,,,,,,,,,,
682,bacba9b83e96940620f8478a8508334101d83aa5c433201080afe8403d3ce2d8,2025-09-29T09:00:00Z,UNCERTAIN,False,,112043.4,UP,UP,0.00019903001872488696344452239043085090241817010194264,,2025-09,ABSTENTION,,,,,,,,,,
683,343a24c2458066c1700e6e85fabbcaa96a00ac999baee27bd589f43833da2a53,2025-09-29T10:00:00Z,UNCERTAIN,False,,112065.7,UP,DOWN,-0.00028108511346469080191352037242439033531223202103766,,2025-09,ABSTENTION,,,,,,,,,,
684,71b15f663f4f2e3a9b3f008de4ee290476f0054f486c1308dfc5eed4269dab81,2025-09-29T11:00:00Z,UNCERTAIN,False,,112034.2,DOWN,UP,0.00016780590212631500024099783816013324502696498033636,,2025-09,ABSTENTION,,,,,,,,,,
685,4a565040bf875e68dcdccdb2d16169107c4afe9bd2c57f559d514e39321a0ec6,2025-09-29T12:00:00Z,UNCERTAIN,False,,112053,UP,DOWN,-0.00079158969416258377731966123173855229221886071769609,,2025-09,ABSTENTION,,,,,,,,,,
686,ff1fa817031de3ea2c08fb93f844e0f703e1df8389628c6131f33743adf5d586,2025-09-29T13:00:00Z,UNCERTAIN,False,,111964.3,DOWN,UP,0.010857925249387527988832154534972308137504543859069,,2025-09,ABSTENTION,,,,,,,,,,
687,5d10dea66f74ffe43a075cfc19985f45f74d4b06d6664d9841ade38b630ef69d,2025-09-29T14:00:00Z,UNCERTAIN,False,,113180,UP,UP,0.0070851740590210284502562290157271602756670789892207,,2025-09,ABSTENTION,,,,,,,,,,
688,293215a21cbe9518382b06d83b38fd6f68fc4db908dc8b64fdfda04a8b1533cf,2025-09-29T15:00:00Z,UNCERTAIN,False,,113981.9,UP,DOWN,-0.0018687177525554495933126224426860755962130829543989,,2025-09,ABSTENTION,,,,,,,,,,
689,24d64712b11d7629aeaf25dcb03cf0b353ef267cdb60fe774218a522a23ca93e,2025-09-29T16:00:00Z,UNCERTAIN,False,,113768.9,DOWN,DOWN,-0.0015056838907645235209270723369919195843503804642569,,2025-09,ABSTENTION,,,,,,,,,,
690,0a6ca5cec220c54fa6b08b413b429f86353a6f4c837cbd38c19e643378a8e6ff,2025-09-29T17:00:00Z,UNCERTAIN,False,,113597.6,DOWN,UP,0.0037395156235695120319443368521870180355923012458010,,2025-09,ABSTENTION,,,,,,,,,,
691,e2032300f9a61d24e06c475cd2f0f062a81c0c8000bf1219a79e0b0322cf0629,2025-09-29T18:00:00Z,UNCERTAIN,False,,114022.4,UP,DOWN,-0.00039904439829366861248316120341266277503367759317467,,2025-09,ABSTENTION,,,,,,,,,,
692,8fec3a740626877774c7fdc3a4d8dfc46e9487aedb42705397246c44c13e2dbb,2025-09-29T19:00:00Z,UNCERTAIN,False,,113976.9,DOWN,UP,0.0020135659067758466847229570202383114473195884429213,,2025-09,ABSTENTION,,,,,,,,,,
693,1727c2a1168d3ade752d0b4c5fbbe658f3f2faed7bd2cf61db84492c1db22858,2025-09-29T20:00:00Z,UNCERTAIN,False,,114206.4,UP,DOWN,-0.00017687274968828366886619313803779823197298925454265,,2025-09,ABSTENTION,,,,,,,,,,
694,3c26f46ff695a1f351ecc95fdc13588a5717c74f1c03188196cbad5238373af4,2025-09-29T21:00:00Z,UNCERTAIN,False,,114186.2,DOWN,DOWN,-0.00055961228239489535513047986534274719712189388910394,,2025-09,ABSTENTION,,,,,,,,,,
695,78add8ff57d6fdd724ca7510a8eabcd58680779f7b02f174b831c0c6446564ee,2025-09-29T22:00:00Z,UNCERTAIN,False,,114122.3,DOWN,UP,0.000049946417133198331964918337607987220727237358518011,,2025-09,ABSTENTION,,,,,,,,,,
696,07e1f8c1a44e2b3df9b79914d1ea2084df283a9cd13b29291d90ec5b34fe3323,2025-09-29T23:00:00Z,BALANCED,False,,114128,UP,UP,0.0010339268190102341230898640123370250946305902144960,,2025-09,ABSTENTION,,,,,,,,,,
697,11a5fa2d67fe6b9c2d5add2b32dc66d17b1818741d258658f4c3cde5345ca0dd,2025-09-30T00:00:00Z,UNCERTAIN,False,,114246,UP,UP,0.0019720602909511055091644346410377606218160810881781,,2025-09,ABSTENTION,,,,,,,,,,
698,e74b75748cb07ae660914b20e448fd058f241d566b5163f12445c996a324354a,2025-09-30T01:00:00Z,UNCERTAIN,False,,114471.3,UP,DOWN,-0.000090852466950231193320945948897234503320919741454845,,2025-09,ABSTENTION,,,,,,,,,,
699,8ec056c3846628b5818234de5caaa89c685f70ff33c76306f348bcd897a912c8,2025-09-30T02:00:00Z,UP,True,AL-2025-09-30T01:00:00+00:00-a7cb07de7751,114460.9,DOWN,DOWN,-0.00033985404622888689500082560944392364554184005193040,True,2025-09,PAIRED,False,True,PERSISTENCE_ONLY,AL-2025-09-30T01:00:00+00:00-a7cb07de7751,1,ACTIVATED_WITHIN_1H,2025-09-30T02:02:00Z,,STALLED,2025-09-30T04:02:00Z
700,11c567cf09574936bea0b4f46ba16f171eff7a228bd75e9a76825a86ae34ee46,2025-09-30T03:00:00Z,UP,True,AL-2025-09-30T01:00:00+00:00-a7cb07de7751,114422,DOWN,DOWN,-0.00082152033699812973029662127912464386219433325759032,True,2025-09,PAIRED,False,True,PERSISTENCE_ONLY,AL-2025-09-30T01:00:00+00:00-a7cb07de7751,2,ALREADY_ACTIVE_AT_CUTOFF,2025-09-30T02:02:00Z,,STALLED,2025-09-30T04:02:00Z
701,59c14b9ab884b50860936ddbe04026cef979c346d65982c3ab5a97f812fd0ec3,2025-09-30T04:00:00Z,UP,True,AL-2025-09-30T01:00:00+00:00-a7cb07de7751,114328,DOWN,DOWN,-0.0024211041914491638093905255055629417115667203134840,True,2025-09,PAIRED,False,True,PERSISTENCE_ONLY,AL-2025-09-30T01:00:00+00:00-a7cb07de7751,3,ALREADY_ACTIVE_AT_CUTOFF,2025-09-30T02:02:00Z,,STALLED,2025-09-30T04:02:00Z
702,3ea9db248adc51d4cb8fba4716857da0c3e650526472f04888201f5c18b5ae06,2025-09-30T05:00:00Z,UNCERTAIN,False,,114051.2,DOWN,DOWN,-0.0016027889228697286832580455093852585505457198170646,,2025-09,ABSTENTION,,,,,,,,,,
703,838391f66c7d0af673d598d546c7ce1bbd13d0bd5d2d97e54e15b4760839718d,2025-09-30T06:00:00Z,UNCERTAIN,False,,113868.4,DOWN,DOWN,-0.00013700025643637743219365513171345166876850820772049,,2025-09,ABSTENTION,,,,,,,,,,
704,6ddaf1780306e87d0bd52e12c2419e0b477091068781dbddd4a6ba60ca96a6be,2025-09-30T07:00:00Z,UNCERTAIN,False,,113852.8,DOWN,DOWN,-0.0016090952528176733466370611877793080187751201551477,,2025-09,ABSTENTION,,,,,,,,,,
705,a8d24d1abca70b0491ae8fdf196939657f1a571fe6564d4328b3916df9b7c8e9,2025-09-30T08:00:00Z,UNCERTAIN,False,,113669.6,DOWN,DOWN,-0.0022116731298429835241788481704870959341811706911962,,2025-09,ABSTENTION,,,,,,,,,,
706,f45d77cc49a118a7510f23eaf09ff725faf94b68ba4fd2a5ad5cc560ba9662ba,2025-09-30T09:00:00Z,UNCERTAIN,False,,113418.2,DOWN,DOWN,-0.0059805216446743115302482317652722402577364126745090,,2025-09,ABSTENTION,,,,,,,,,,
707,ed89b7582c1791e16f45418f218122e67ce0bf89247b17849927ab8c2f8d8b1d,2025-09-30T10:00:00Z,UNCERTAIN,False,,112739.9,DOWN,UP,0.0012533273490574321957000139258594339714688411112658,,2025-09,ABSTENTION,,,,,,,,,,
708,84ce59a347b64fa8b430eabe369f50e3230313d322e1076e6840c68a45114c52,2025-09-30T11:00:00Z,UNCERTAIN,False,,112881.2,UP,UP,0.0010559774346835434066965978391441621811249348872974,,2025-09,ABSTENTION,,,,,,,,,,
709,15c0ef4e59e0585f19dba8472ce658522f8e435a522cd8a4fde8b29caa76941b,2025-09-30T12:00:00Z,UNCERTAIN,False,,113000.4,UP,DOWN,-0.00048052927246275234423948941773657438380749094693470,,2025-09,ABSTENTION,,,,,,,,,,
710,eba4c2921431ce9e2c35c6c41f698d5cfa9093661a0f36fe49f5a703f4812924,2025-09-30T13:00:00Z,UNCERTAIN,False,,112946.1,DOWN,UP,0.0034635990087307131454738145008991014297970447850789,,2025-09,ABSTENTION,,,,,,,,,,
711,284ae002e6f903ab678a4d5450f28ff118dd95d30cb2abc6616032dda0b46675,2025-09-30T14:00:00Z,UNCERTAIN,False,,113337.3,UP,UP,0.0018096425448638709409876536674157580955254801376069,,2025-09,ABSTENTION,,,,,,,,,,
712,3bc060a79ed3ef72487c1f3ad3281b802f7031270f491484365ab2a97e22a47c,2025-09-30T15:00:00Z,BALANCED,False,,113542.4,UP,DOWN,-0.0042327800011273321684234259624598387914999154500874,,2025-09,ABSTENTION,,,,,,,,,,
713,867a2766b16e303525b42793d36f85c732930ac5d25d842fe4000f3c4b13c65e,2025-09-30T16:00:00Z,UNCERTAIN,False,,113061.8,DOWN,DOWN,-0.0023208546122563058433529273370846740455220065486309,,2025-09,ABSTENTION,,,,,,,,,,
714,4562636edac22f283af527189cd8c1b421d7d82806c668ede925a747575ba14e,2025-09-30T17:00:00Z,UNCERTAIN,False,,112799.4,DOWN,UP,0.0035514373303404096121078658219813225956875657140020,,2025-09,ABSTENTION,,,,,,,,,,
715,7473313d205ccb60abad387b6678121ce82d4de04fffcf705bdf1926167fc8cc,2025-09-30T18:00:00Z,BALANCED,False,,113200,UP,UP,0.0041157243816254416961130742049469964664310954063604,,2025-09,ABSTENTION,,,,,,,,,,
716,059671b93be3977915568086c6382dbf95a23cbbae22bf3f991dad68dcb91e63,2025-09-30T19:00:00Z,UNCERTAIN,False,,113665.9,UP,UP,0.0056032635997251594365592495198647967420308113515135,,2025-09,ABSTENTION,,,,,,,,,,
717,81a3b3219860c5d3190e7d50b373dda044b061ffbf7a3e4301ab0ecb4c82b218,2025-09-30T20:00:00Z,UNCERTAIN,False,,114302.8,UP,UP,0.0023114044450354671976539507343652124007460884597753,,2025-09,ABSTENTION,,,,,,,,,,
718,e524ff36636218a171a6ff69d3f09408b8a0a40e341dc7ea4735ecde4a247b45,2025-09-30T21:00:00Z,UNCERTAIN,False,,114567,UP,DOWN,-0.0039278326219592029118332504124224253057163057424913,,2025-09,ABSTENTION,,,,,,,,,,
719,ed85230bea0ab061d0656948d28afa15f30ca0c240ce19ee7d7eeb0f796aea5d,2025-09-30T22:00:00Z,BALANCED,False,,114117,DOWN,DOWN,-0.0020338775116766125993497901276759816679372924279468,,2025-09,ABSTENTION,,,,,,,,,,
720,a398defdf39a66e7c9576c8e03979bb6399e09d9c219a83de0a1aa3b1c29304a,2025-09-30T23:00:00Z,UNCERTAIN,False,,113884.9,DOWN,UP,0.00099925451047504980906160518207418191524951947097464,,2025-09,ABSTENTION,,,,,,,,,,
721,9dbcf31a60b57c64c2f2dd8c20d700bf34a3949433857cdcc77490d5c0cd9517,2025-10-01T00:00:00Z,BALANCED,False,,113998.7,UP,UP,0.0016430011921188574957433725121426823288335744179539,,2025-10,ABSTENTION,,,,,,,,,,
722,2e9a5bdd241515700df46d1886caa8c6ea7ca89bead929d58a184a0ee8d7c539,2025-10-01T01:00:00Z,UNCERTAIN,False,,114186,UP,UP,0.0027498992871280191967491636452805072425691415760251,,2025-10,ABSTENTION,,,,,,,,,,
723,7c70020019c6a519b41d251db045ce166f95670b6bc653650f5360b48b7b306f,2025-10-01T02:00:00Z,UNCERTAIN,False,,114500,UP,DOWN,-0.0023275109170305676855895196506550218340611353711790,,2025-10,ABSTENTION,,,,,,,,,,
724,c585d169ecaf90b443ad8642da6403d2aee900f2a81e7d6b30ff683fcc9e49ff,2025-10-01T03:00:00Z,BALANCED,False,,114233.5,DOWN,DOWN,-0.00079311235320637116082410151137801082869736110685569,,2025-10,ABSTENTION,,,,,,,,,,
725,f81a986a65ccc0128c005fd49cc538e1bad26c491da2c12851e9e1a010413f0e,2025-10-01T04:00:00Z,UNCERTAIN,False,,114142.9,DOWN,UP,0.00089274059096097961415033260938700523641855954246826,,2025-10,ABSTENTION,,,,,,,,,,
726,a61e1559d0eb48f0666036272308d175abb42311f6e2e1bbca46fb0b60cf204d,2025-10-01T05:00:00Z,DOWN,True,CS-2025-10-01T04:45:00+00:00-7a769fbec17f,114244.8,UP,UP,0.0023309594834950912426648740249009145274008094897973,True,2025-10,PAIRED,False,True,PERSISTENCE_ONLY,box-2025-10-01T02:30:00+00:00-0f4a7cb3e106,1,ACTIVATED_WITHIN_1H,2025-10-01T05:02:00Z,,INVALIDATED,2025-10-01T05:12:00Z
727,3710ed8cf234ba3a153dd4ef2e469a091cdf60fd8e92d0f7b0787b4354a5a06d,2025-10-01T06:00:00Z,BALANCED,False,,114511.1,UP,DOWN,-0.0025001943043076173401530506649573709448254361367588,,2025-10,ABSTENTION,,,,,,,,,,
728,73bed4252f539d8b6747fcba1a5c3573c349d30a5f3fb82d2e40bd751409a077,2025-10-01T07:00:00Z,UNCERTAIN,False,,114224.8,DOWN,UP,0.0022858433545079527388097856157331857880250173342391,,2025-10,ABSTENTION,,,,,,,,,,
729,742d5d03763871fcf1870c3f73b61b41d6f9dcaa0799f436cef349b15b039e3c,2025-10-01T08:00:00Z,UNCERTAIN,False,,114485.9,UP,UP,0.013808687358006531808720549866839497265602139652132,,2025-10,ABSTENTION,,,,,,,,,,
730,7e7274e112bd40883c4e3eb141267e2f85d4e5efc4d6967d70e8c0a8d85f9e22,2025-10-01T09:00:00Z,UNCERTAIN,False,,116066.8,UP,UP,0.0025045921831221331164467358452201663180168661494932,,2025-10,ABSTENTION,,,,,,,,,,
731,3168169a041bb67eb51c8234c874efc951ebe78268cf39c3f17491ab9938a0d2,2025-10-01T10:00:00Z,UNCERTAIN,False,,116357.5,UP,DOWN,-0.0011421696066003480652300023634058827320972004383044,,2025-10,ABSTENTION,,,,,,,,,,
732,1197d552c1ca05699aa56bd190fbdcf1599e7ce22b8fcb5caf680450c29b89e4,2025-10-01T11:00:00Z,UP,True,AL-2025-10-01T08:45:00+00:00-abfbcdd51e09,116224.6,DOWN,UP,0.0043364313579052971574004126493014387659755335789497,True,2025-10,PAIRED,True,False,MV_ONLY,AL-2025-10-01T08:45:00+00:00-abfbcdd51e09,1,ALREADY_ACTIVE_AT_CUTOFF,2025-10-01T10:18:00Z,,DESTINATION_REACHED,2025-10-01T11:51:00Z
733,b726b8b2428fb1362484f5015711df6d78baa6e25905e4a0c4c551b4b30181d4,2025-10-01T12:00:00Z,UNCERTAIN,False,,116728.6,UP,DOWN,-0.0031063509713986118226381538029240477483667241789930,,2025-10,ABSTENTION,,,,,,,,,,
734,7ef098060ba03a1a2089fa38dd4addf00b57efbbc226732563925f3b57bcd1c1,2025-10-01T13:00:00Z,UNCERTAIN,False,,116366,DOWN,UP,0.0034211023838578278878710276197514737981884742966158,,2025-10,ABSTENTION,,,,,,,,,,
735,5c3166a2b7e6f984dafe66e289f59b79c17b132e0ce2975b31019bc36c6756f7,2025-10-01T14:00:00Z,UNCERTAIN,False,,116764.1,UP,UP,0.0041262682622484136819450498911908711667370364692572,,2025-10,ABSTENTION,,,,,,,,,,
736,411cfaea5cdaf536461dd432b93cbc8621a76c0737724abae23637dd1713272c,2025-10-01T15:00:00Z,UNCERTAIN,False,,117245.9,UP,UP,0.0010055788731205099709243564167275785336630108174358,,2025-10,ABSTENTION,,,,,,,,,,
737,85f2576774ae38c5865d6be354b430c99d6591bb5e2c730eb28d71b74bf462c6,2025-10-01T16:00:00Z,UNCERTAIN,False,,117363.8,UP,UP,0.0011349325771660426809629545055630441413791986967020,,2025-10,ABSTENTION,,,,,,,,,,
738,5f22c4e80314cc733e1c9f104bac927170d37343c09054d55e83e9236b8cbb5e,2025-10-01T17:00:00Z,UNCERTAIN,False,,117497,UP,DOWN,-0.0063661199860421968220465203366894473901461313905887,,2025-10,ABSTENTION,,,,,,,,,,
739,1398bf5c4c5f4181f1ff70b3af4aabf5518b1fc4e2805679c58fdb6b1de6f07c,2025-10-01T18:00:00Z,UNCERTAIN,False,,116749,DOWN,UP,0.0038732665804418024993790096703183753179898757162802,,2025-10,ABSTENTION,,,,,,,,,,
740,8dc870426bb0998c34532efffa3effb7864e3b78d91700a778c45dd51cca0efd,2025-10-01T19:00:00Z,BALANCED,False,,117201.2,UP,UP,0.0015460592553659860137950805964444050060920877943229,,2025-10,ABSTENTION,,,,,,,,,,
741,d972bac975fcce40b9be55a70405e9d5dd15698242971359ce0c1c4f45e2fc4e,2025-10-01T20:00:00Z,UNCERTAIN,False,,117382.4,UP,UP,0.0010095210184831797611907747669156534540101412136743,,2025-10,ABSTENTION,,,,,,,,,,
742,3ef80ec81bfeec33f67bb052da377257ab9496f9d5f2b67d025c7143c13dc4f8,2025-10-01T21:00:00Z,UNCERTAIN,False,,117500.9,UP,UP,0.00023744498978305698084014675632271752812106120038229,,2025-10,ABSTENTION,,,,,,,,,,
743,acae42ea40b655638b13132760fe9829cd1923cd02bee0c01807432d6b4d024a,2025-10-01T22:00:00Z,BALANCED,False,,117528.8,UP,UP,0.0014473048308159361790471782235503127744008277120161,,2025-10,ABSTENTION,,,,,,,,,,
744,06b959a35945c09be992620d72fcc81174f8f14995c76b989faeda2db8ade127,2025-10-01T23:00:00Z,BALANCED,False,,117698.9,UP,UP,0.0073203742770748069863014862500839005292317940099695,,2025-10,ABSTENTION,,,,,,,,,,
745,35d62183b0778ba44d24ba34aaaba8eb8830663dfaeee188a7b66dd6e658c88c,2025-10-02T00:00:00Z,UNCERTAIN,False,,118560.5,UP,DOWN,-0.0011985442031705331876974203044015502633676477410267,,2025-10,ABSTENTION,,,,,,,,,,
746,185f6c59580ec4bbbc049f1f39142c1453a9e79fc98d62e3e504adb64d4c5e7b,2025-10-02T01:00:00Z,UNCERTAIN,False,,118418.4,DOWN,UP,0.0015588793633421833093505738972997439587091195287219,,2025-10,ABSTENTION,,,,,,,,,,
747,acb66d0c772d3fc63cedc0a08851e27f24a641287a4ad23ba1db141698221b62,2025-10-02T02:00:00Z,UNCERTAIN,False,,118603,UP,UP,0.00096118985185872195475662504321138588399956156252371,,2025-10,ABSTENTION,,,,,,,,,,
748,5ac17fe71aa58b42e2b3fa7858d4bcac655a3543c003903e0f95d9eaf2c85af0,2025-10-02T03:00:00Z,UNCERTAIN,False,,118717,UP,DOWN,-0.00021900822965539897403067799893865242551614343354364,,2025-10,ABSTENTION,,,,,,,,,,
749,d8aac6b42aa6ec398ba28977150c250f92f5c850548d0df2456db70b51847a18,2025-10-02T04:00:00Z,UNCERTAIN,False,,118691,DOWN,DOWN,-0.00048782131753881928705630586986376389111221575351122,,2025-10,ABSTENTION,,,,,,,,,,
750,2981514f4f8092c4c52b12a83981d2ae981273f8432747ede1f98e441fb127bb,2025-10-02T05:00:00Z,UNCERTAIN,False,,118633.1,DOWN,DOWN,-0.0023265007826652089509588807845365247978852445059600,,2025-10,ABSTENTION,,,,,,,,,,
751,932b4840ca77ef9540ceb1acbbb8b8bf78f76ada236d640e26439d1b256e9935,2025-10-02T06:00:00Z,UNCERTAIN,False,,118357.1,DOWN,UP,0.0022254685185764098647229443776503479723649869758553,,2025-10,ABSTENTION,,,,,,,,,,
752,164f4687c1804b0034108089f1a7e5b608bd84b91c36705d775059c13bcf5d35,2025-10-02T07:00:00Z,UNCERTAIN,False,,118620.5,UP,DOWN,-0.0014879384254829477198292032152958384090439679482046,,2025-10,ABSTENTION,,,,,,,,,,
753,383f86d421268db8d443052a4a6e6ad001b8bcb3f7516bc532cc5bd2000e990b,2025-10-02T08:00:00Z,BALANCED,False,,118444,DOWN,UP,0.0017392185336530343453446354395326061261017864982608,,2025-10,ABSTENTION,,,,,,,,,,
754,0b71064193f98b8a56baca77d1ba0354d12f074064e323a6c459585ac31dd4d0,2025-10-02T09:00:00Z,BALANCED,False,,118650,UP,UP,0.0015170670037926675094816687737041719342604298356511,,2025-10,ABSTENTION,,,,,,,,,,
755,329879c7bd30d76fb5282e4a39bd42f6b7c7cdfe869a7d1920d9a6024556a1e2,2025-10-02T10:00:00Z,UNCERTAIN,False,,118830,UP,DOWN,-0.0019851889253555499453000084153833207102583522679458,,2025-10,ABSTENTION,,,,,,,,,,
756,5463e04def4235b4f8f1801a1fad4cf07773a90a8bd71e1860dcaa26ecb4f83f,2025-10-02T11:00:00Z,BALANCED,False,,118594.1,DOWN,UP,0.0011771243257463904190849291828176949780806971004460,,2025-10,ABSTENTION,,,,,,,,,,
757,be93a1cee1b61434e0752e60e588d66d2e73960b545ff90fc56f7fb15447e3e1,2025-10-02T12:00:00Z,BALANCED,False,,118733.7,UP,UP,0.0052942003828736070719601932728450305178731901726300,,2025-10,ABSTENTION,,,,,,,,,,
758,de5f6dbccfce8600eb99fe0df3fb4a9eeb135c9ef7259287692a6a2a217f6c90,2025-10-02T13:00:00Z,UNCERTAIN,False,,119362.3,UP,UP,0.0018246967426063338256719248875063566972151173360433,,2025-10,ABSTENTION,,,,,,,,,,
759,13321b08c2a8c9476fa428ef71652628236631f61e867104683d1781f8669098,2025-10-02T14:00:00Z,UNCERTAIN,False,,119580.1,UP,DOWN,-0.0066658248320581769040166382199044824347863900431594,,2025-10,ABSTENTION,,,,,,,,,,
760,e324d0a52ccdccf03a731a2bbccc90ed29392be206b959605fb043a7142c0d66,2025-10-02T15:00:00Z,BALANCED,False,,118783,DOWN,UP,0.0092412213868987986496384162716887096638407852975594,,2025-10,ABSTENTION,,,,,,,,,,
761,29d74fddb78eef857d469a334fc0a54dad9a96592a0306c9e8174bbf90a0c87e,2025-10-02T16:00:00Z,UNCERTAIN,False,,119880.7,UP,DOWN,-0.0014664579035657949945237223339536722758542450953323,,2025-10,ABSTENTION,,,,,,,,,,
762,c4d4ad9ef85ea9f90ae6889f9e5102bce0447ce2e5dabc3e08b4c85566882ce9,2025-10-02T17:00:00Z,UNCERTAIN,False,,119704.9,DOWN,UP,0.0014193236868332039874725261873156403789652720983017,,2025-10,ABSTENTION,,,,,,,,,,
763,d8a2eca3f8862dfc2b3f2d41a92375eb1138c18029452299f9d54770af7988e4,2025-10-02T18:00:00Z,UNCERTAIN,False,,119874.8,UP,UP,0.0049484962644358947835575116705095649794619052544822,,2025-10,ABSTENTION,,,,,,,,,,
764,c7788944cccbb49ed06c96639ce33538ea7a7f321c93332b1d3964519acefd7a,2025-10-02T19:00:00Z,UNCERTAIN,False,,120468,UP,UP,0.0025608460338015074542617126539828004117275957100641,,2025-10,ABSTENTION,,,,,,,,,,
765,43d355309a8dcbb46f599ab6aff04b3cdb6c0d620bf39d494c59d9509c16ba7f,2025-10-02T20:00:00Z,UNCERTAIN,False,,120776.5,UP,DOWN,-0.0016021328652511043125111259226753548910591050411297,,2025-10,ABSTENTION,,,,,,,,,,
766,9deb3458e3cf20f93303cc3ced295d2ccf035cfb0472603378ed282afe724ead,2025-10-02T21:00:00Z,BALANCED,False,,120583,DOWN,DOWN,-0.0041373991358649229161656286541220570063773500410506,,2025-10,ABSTENTION,,,,,,,,,,
767,3b3521d4c1ce51a4fbe48869fd5340f0b03bb4dbfcbf9432ed424d2b4884d7af,2025-10-02T22:00:00Z,UNCERTAIN,False,,120084.1,DOWN,UP,0.00093267968032403956893543774737871208594643254186025,,2025-10,ABSTENTION,,,,,,,,,,
768,f1595f75925f9ee8229ea69cc3665c7a3ba659080cb7ce94bfcb9fdbd2732fbc,2025-10-02T23:00:00Z,UNCERTAIN,False,,120196.1,UP,UP,0.0023445020262720670637400048753661724465269671811315,,2025-10,ABSTENTION,,,,,,,,,,
769,c44ab311a33f126914bc4ff78e7b9e49b272a0f1df47a5d862c01d70b6678720,2025-10-03T00:00:00Z,UNCERTAIN,False,,120477.9,UP,DOWN,-0.0031657258302145040708710892205126417376132884122316,,2025-10,ABSTENTION,,,,,,,,,,
770,0dfd3e6a61820682f6c2de2d0ddca9918ea350e219225c14424c7e49571d9a70,2025-10-03T01:00:00Z,UNCERTAIN,False,,120096.5,DOWN,DOWN,-0.0022615146985965452781721365735054726823845823983213,,2025-10,ABSTENTION,,,,,,,,,,
771,8a67926cb623c39e897c4e4772467b7a2564041e6b84da69171344f4844e8742,2025-10-03T02:00:00Z,UNCERTAIN,False,,119824.9,DOWN,UP,0.0025286897798370789376832361220414120938135562808732,,2025-10,ABSTENTION,,,,,,,,,,
772,11ca14eeb8b33bca7771da8799d6fb48c5e13cb95c5a39021302b14e9ded3689,2025-10-03T03:00:00Z,BALANCED,False,,120127.9,UP,UP,0.00055024686188637277435133719976791403162795653632503,,2025-10,ABSTENTION,,,,,,,,,,
773,8f08eed659e0524ad8a69ff2a3c40115976742b1195eaa75b2a202cb42090695,2025-10-03T04:00:00Z,UNCERTAIN,False,,120194,UP,DOWN,-0.0014892590312328402416093981396741933873571060119474,,2025-10,ABSTENTION,,,,,,,,,,
774,68a50bb8e9685abcef5e2d351a215ba63e8650e1727caed72b0c292e635cd920,2025-10-03T05:00:00Z,BALANCED,False,,120015,DOWN,DOWN,-0.00092488438945131858517685289338832645919260092488439,,2025-10,ABSTENTION,,,,,,,,,,
775,0835d5e98d4d2b67da40277fe430d7c5c88668cb2bb37b2b205bbe3ea19118ee,2025-10-03T06:00:00Z,UNCERTAIN,False,,119904,DOWN,DOWN,-0.000092574059247397918334667734187349879903923138510809,,2025-10,ABSTENTION,,,,,,,,,,
776,38cdd23059bd013ba5afcd6fd22046733910c0739a4c89fc35f011bbd18d75bc,2025-10-03T07:00:00Z,BALANCED,False,,119892.9,DOWN,DOWN,-0.0022086378759709707580682425731632148359077143016809,,2025-10,ABSTENTION,,,,,,,,,,
777,7edd30dd0eaef2c38d6db923ed05ad76c48740f91d0eee826b2417919806e586,2025-10-03T08:00:00Z,UNCERTAIN,False,,119628.1,DOWN,UP,0.0032843454004535723630150441242483998324808301728440,,2025-10,ABSTENTION,,,,,,,,,,
778,72d1e7c8efda64563577f01ba7a2f3d72a1f3804fe45d1129c38f11cfe6af0ea,2025-10-03T09:00:00Z,BALANCED,False,,120021,UP,UP,0.0021171295023370910090734121528732471817431949408853,,2025-10,ABSTENTION,,,,,,,,,,
779,31ec13baa31f6fb60e00fb389cdca8477b8d5718d9a42a682daa744f497b0a2b,2025-10-03T10:00:00Z,UNCERTAIN,False,,120275.1,UP,UP,0.0010492612352847763169600357846304014712937258002695,,2025-10,ABSTENTION,,,,,,,,,,
780,aced044bee30cae8b28aaff08d0bb9ec749d05e2aec7caa224722302fa403f35,2025-10-03T11:00:00Z,BALANCED,False,,120401.3,UP,DOWN,-0.00077573913238478322077917763346409050400618597971949,,2025-10,ABSTENTION,,,,,,,,,,
781,69a4e9b0d2b019567837cf87aa693d65371d1fd13f51faa0fb4502c7962e4e78,2025-10-03T12:00:00Z,BALANCED,False,,120307.9,DOWN,UP,0.000087276064165362374374417640071848980823370701342140,,2025-10,ABSTENTION,,,,,,,,,,
782,c0a3018df2c97f0ef308bda3c9c7f9e1e8995b5b93b45bbeb15aaee8a0294934,2025-10-03T13:00:00Z,BALANCED,False,,120318.4,UP,DOWN,-0.000042387531749092408143725315496216705009375124669211,,2025-10,ABSTENTION,,,,,,,,,,
783,8d0eb86e557a1287bb5f2c743bcca3c16fa5fe21e8fa4bbe3de815f758c187fd,2025-10-03T14:00:00Z,UNCERTAIN,False,,120313.3,DOWN,UP,0.0044916064973697837229965431918166985694848366722549,,2025-10,ABSTENTION,,,,,,,,,,
784,e0e8a681da88c129f5f10e5859dfadcaedbac421a744155be6ae6ea1b190525a,2025-10-03T15:00:00Z,UNCERTAIN,False,,120853.7,UP,UP,0.011264032462390477080966490889397676695045331669614,,2025-10,ABSTENTION,,,,,,,,,,
785,aa6719b83e5d66d2decca74bd49cd98c850efb6260cfa248af7101e5f954cd63,2025-10-03T16:00:00Z,UNCERTAIN,False,,122215,UP,UP,0.0024677821871292394550587080145644969930041320623491,,2025-10,ABSTENTION,,,,,,,,,,
786,a04b0fd20c3021656f03294da56b0643765d21f3d2ea7915c298ff737ec895b4,2025-10-03T17:00:00Z,UNCERTAIN,False,,122516.6,UP,DOWN,-0.0039464039974991144057213471480599363678064849987675,,2025-10,ABSTENTION,,,,,,,,,,
787,440ac2db70de34eec2ec7837dd5f626200fd12cae4d83620d3391990125ea9b7,2025-10-03T18:00:00Z,UNCERTAIN,False,,122033.1,DOWN,UP,0.0038137193925254705485642829691288674957859793777262,,2025-10,ABSTENTION,,,,,,,,,,
788,516b608ed01404dd2b98ab93881d7a2efd006d093b22a47f6d157ac09c6756d1,2025-10-03T19:00:00Z,UNCERTAIN,False,,122498.5,UP,UP,0.00080409147867116740204982101821654959040314779364645,,2025-10,ABSTENTION,,,,,,,,,,
789,381e82db72fa3a8c66649e3831318f19567239cceee4e63b20b1aa5a9eb3d336,2025-10-03T20:00:00Z,UNCERTAIN,False,,122597,UP,DOWN,-0.0016892746152026558561791887240307674739186113852704,,2025-10,ABSTENTION,,,,,,,,,,
790,2c7a23a7f7d55e4c14be983d1b9949df599bc7afe27a320db9a9501c760318c0,2025-10-03T21:00:00Z,UNCERTAIN,False,,122389.9,DOWN,DOWN,-0.0011487876042059026112448821348820450053476634918404,,2025-10,ABSTENTION,,,,,,,,,,
791,ee0a891666779606ec6451082c53a7cef8262e4a7ae4f0e83900395f6d8e50c5,2025-10-03T22:00:00Z,UNCERTAIN,False,,122249.3,DOWN,UP,0.0014683110659938339115234197660027501179965856655212,,2025-10,ABSTENTION,,,,,,,,,,
792,35a7d4a351197aaed977fd0c3ea9fd6e40d886a945932bdccbfc6154f68dcf56,2025-10-03T23:00:00Z,UNCERTAIN,False,,122428.8,UP,DOWN,-0.0019586894586894586894586894586894586894586894586895,,2025-10,ABSTENTION,,,,,,,,,,
793,7d0a2d71819a3e1b14cc1bd56f7bf1c424572fe2b783edef08edaae7e299d98e,2025-10-04T00:00:00Z,UNCERTAIN,False,,122189,DOWN,DOWN,-0.00091006555418245504914517673440326052263297023463651,,2025-10,ABSTENTION,,,,,,,,,,
794,c2dbca2ca5a155b0c49780d475e134e24e1f036387c979022ade68e3030f6b3c,2025-10-04T01:00:00Z,UNCERTAIN,False,,122077.8,DOWN,DOWN,-0.0020314913931935208530953211804275634062868105421297,,2025-10,ABSTENTION,,,,,,,,,,
795,019493d60b16e89d22b0322e27c4766c7e0c8fcd863ff3300868d972b1a671c0,2025-10-04T02:00:00Z,UNCERTAIN,False,,121829.8,DOWN,DOWN,-0.000036115958492913884780242600743003764267855647797173,,2025-10,ABSTENTION,,,,,,,,,,
796,0c0e3537418b4989c998e791ff6626e1d221ba548469d332007b1774a73cf100,2025-10-04T03:00:00Z,UNCERTAIN,False,,121825.4,DOWN,UP,0.0031733940541135099905274269569400141514002826996669,,2025-10,ABSTENTION,,,,,,,,,,
797,e6bae77ae23b2e270c47b66df155cf67e93076f0d5e099c686af63602aeab750,2025-10-04T04:00:00Z,UNCERTAIN,False,,122212,UP,UP,0.0019498903544660098844630641835498969004680391450921,,2025-10,ABSTENTION,,,,,,,,,,
798,1d69a9cec048ec52a14c1a09b7ad25dbbc21d28955ca3c36f10d79049d655fbe,2025-10-04T05:00:00Z,UNCERTAIN,False,,122450.3,UP,UP,0.00028991354043232233812412056156661110671023264132468,,2025-10,ABSTENTION,,,,,,,,,,
799,9bdfb2dafabd4c82d5e811d0a9e16cd4f374a5b9fa79129910b60f26b1fdd13c,2025-10-04T06:00:00Z,BALANCED,False,,122485.8,UP,DOWN,-0.00082131969583412934397293400541123950694692772549961,,2025-10,ABSTENTION,,,,,,,,,,
800,c0c7bff808a2af02346d54222dfddceefc551b731a133b700ce2f63fdb9bb98f,2025-10-04T07:00:00Z,UNCERTAIN,False,,122385.2,DOWN,DOWN,-0.00092004588790147828332183956883675477100172243048996,,2025-10,ABSTENTION,,,,,,,,,,
801,03e366d363a51a7767d80b6149d853284632f64cb3feadcb337f60552d5a2da1,2025-10-04T08:00:00Z,UNCERTAIN,False,,122272.6,DOWN,DOWN,-0.00048907114104059290470636921109062864452052217749520,,2025-10,ABSTENTION,,,,,,,,,,
802,e2652434b087e0401777caa5e118ac52d7cd451ee506112aef91a2c6bb536aaf,2025-10-04T09:00:00Z,BALANCED,False,,122212.8,DOWN,DOWN,-0.00033793514263645051909456292630559155833104224762054,,2025-10,ABSTENTION,,,,,,,,,,
803,036e92e1ae11ef0bf3660d5960613209720784b888f86ce494202e9f667f8ee5,2025-10-04T10:00:00Z,UNCERTAIN,False,,122171.5,DOWN,DOWN,-0.00083161784867992944344630294299406981169912786533684,,2025-10,ABSTENTION,,,,,,,,,,
804,b1dc8b71fc65e2005cc6f8f6a054cc08af80275db0652473864ca6fee7256542,2025-10-04T11:00:00Z,UNCERTAIN,False,,122069.9,DOWN,DOWN,-0.0011862056084259919931121431245540464930339092601862,,2025-10,ABSTENTION,,,,,,,,,,
805,bc14d93215607277b2c4d7fa21aba73a856e7a225642f48661280869934bde45,2025-10-04T12:00:00Z,UNCERTAIN,False,,121925.1,DOWN,UP,0.00025999568587600092187744771175090280836349529342195,,2025-10,ABSTENTION,,,,,,,,,,
806,276b1e40f9fd7dc8cca8126f9f7e17e44dad36ee577838db632daf01b3183265,2025-10-04T13:00:00Z,UNCERTAIN,False,,121956.8,UP,UP,0.0030363210579483882817522270180916521259987142988337,,2025-10,ABSTENTION,,,,,,,,,,
807,0a9d01fbcc10f29fa133c17c4db3c495d90be9cf0e058279f65450d3601d3f1c,2025-10-04T14:00:00Z,UNCERTAIN,False,,122327.1,UP,DOWN,-0.0032069753962940346006731133166730838873806376510193,,2025-10,ABSTENTION,,,,,,,,,,
808,e31ee4db79d68047c439f8cf1da6066dc038981d49b06942f21f3467946395cb,2025-10-04T15:00:00Z,UNCERTAIN,False,,121934.8,DOWN,DOWN,-0.0014860400804364299609299396070686957291929785426310,,2025-10,ABSTENTION,,,,,,,,,,
809,7211f829d0cb29e45a773cbdd0480d30108e643be0e48d83e67996618fba4624,2025-10-04T16:00:00Z,UNCERTAIN,False,,121753.6,DOWN,DOWN,-0.00058150231286795626576955424726661059714045416316232,,2025-10,ABSTENTION,,,,,,,,,,
810,d0710f0287688e513afc01bfa893709f8d04365400e793d216f87f28e32db8bb,2025-10-04T17:00:00Z,UNCERTAIN,False,,121682.8,DOWN,UP,0.00030571288629124247634012366579335781227913887583126,,2025-10,ABSTENTION,,,,,,,,,,
811,377af67e1c16c576466f979da630f1b1afd203828f2003b66c97dd08bb545d08,2025-10-04T18:00:00Z,UNCERTAIN,False,,121720,UP,DOWN,-0.0013498192573118632928031547814656588892540256325994,,2025-10,ABSTENTION,,,,,,,,,,
812,ba8e00c6a1d96d08827ca535c341373b747bae28a9ab3382e7f748b61112d0d3,2025-10-04T19:00:00Z,UNCERTAIN,False,,121555.7,DOWN,UP,0.0031294295536943146228436840065912170305464902098380,,2025-10,ABSTENTION,,,,,,,,,,
813,8093a6ceee5bedb94e4e6e3681d2895cd32727a60f964e6ab41c6ea9fc89f867,2025-10-04T20:00:00Z,UNCERTAIN,False,,121936.1,UP,DOWN,-0.00073645130523282276536645013248742579104957432622497,,2025-10,ABSTENTION,,,,,,,,,,
814,198c9b6338a528ad07e2f3b8952d27c871ab02dc6c3716c63a70b85d63f858fb,2025-10-04T21:00:00Z,BALANCED,False,,121846.3,DOWN,UP,0.0025860448778502096493697387610456780386437667783101,,2025-10,ABSTENTION,,,,,,,,,,
815,648ebc8dec28540b43fb1b167a29a9bcb4d677f3dce138386b1458992069988c,2025-10-04T22:00:00Z,BALANCED,False,,122161.4,UP,UP,0.00070807963890394183432737345839193067531970000343807,,2025-10,ABSTENTION,,,,,,,,,,
816,317f646be142f7046b21a56e4e73df1d16fb4ec495625007e9998e2b724188f9,2025-10-04T23:00:00Z,BALANCED,False,,122247.9,UP,UP,0.00085563841996467832985270094619212272767057757229368,,2025-10,ABSTENTION,,,,,,,,,,
817,e0e43a06db20c26dff7f2c3c019c85b105d1d8a6740c31f3c32080ab57d20bf4,2025-10-05T00:00:00Z,UNCERTAIN,False,,122352.5,UP,DOWN,-0.0019689013301730655278805091845283095972701824646002,,2025-10,ABSTENTION,,,,,,,,,,
818,5f2ab1cf8881ca6fb40dc26a8c5916134c8e58b56fd0f9f348e251ce69fb37ba,2025-10-05T01:00:00Z,UNCERTAIN,False,,122111.6,DOWN,UP,0.0017975360244235600876575198425047251858136327752646,,2025-10,ABSTENTION,,,,,,,,,,
819,2081cbfe71dbb82fab390378ffb122aa69522718462beb12a6eb37592135d6ce,2025-10-05T02:00:00Z,UNCERTAIN,False,,122331.1,UP,UP,0.013724228752949985735434407113154381837488586303892,,2025-10,ABSTENTION,,,,,,,,,,
820,5aabbdf943a296ded0b099a872d8efdfaa52a464b633fa50a562258afb39fd52,2025-10-05T03:00:00Z,UNCERTAIN,False,,124010,UP,DOWN,-0.0021949842754616563180388678332392548987984839932264,,2025-10,ABSTENTION,,,,,,,,,,
821,e56cebb4fc6ddcffae098891f3c029a0ec64aee83a493edc53fe7da7f899dd64,2025-10-05T04:00:00Z,UNCERTAIN,False,,123737.8,DOWN,UP,0.011408801514169477718207370746853427166152945987402,,2025-10,ABSTENTION,,,,,,,,,,
822,f85e5ea9853d48f147dc0b6202f9a39465dd7fe72e4d528a258a58caef191a70,2025-10-05T05:00:00Z,UNCERTAIN,False,,125149.5,UP,DOWN,-0.00029964162861217983291982788584852516390397085086237,,2025-10,ABSTENTION,,,,,,,,,,
823,0f85a171c1588a889933643ab5225260b6bf56239302e99331a31bd70a957c94,2025-10-05T06:00:00Z,UNCERTAIN,False,,125112,DOWN,DOWN,-0.0011661551250079928384167785664045015665963296885990,,2025-10,ABSTENTION,,,,,,,,,,
824,32388fe3f5a296c014f7a13576fd45bfa87b7218d74524459e474c778846d571,2025-10-05T07:00:00Z,UNCERTAIN,False,,124966.1,DOWN,DOWN,-0.0021045707595900008082191890440687514453919903077715,,2025-10,ABSTENTION,,,,,,,,,,
825,aa160767d287727d9df04e2921cfa46ceae431e00a2bf0e78b08886c2871f233,2025-10-05T08:00:00Z,UNCERTAIN,False,,124703.1,DOWN,DOWN,-0.00082756563389362413604794106962858180750919584196383,,2025-10,ABSTENTION,,,,,,,,,,
826,45e1e77dc1d59c01cecfd6fc304cdad9ca51c07fb9f4dd7daf4dd33fe10f8fa0,2025-10-05T09:00:00Z,UNCERTAIN,False,,124599.9,DOWN,DOWN,-0.012926174098053048196667894597026161337208135801072,,2025-10,ABSTENTION,,,,,,,,,,
827,ca2296324a72973efe3b233b4ccaf7391a44f3790210b510f895fd3c788bfbd2,2025-10-05T10:00:00Z,UNCERTAIN,False,,122989.3,DOWN,DOWN,-0.00016180269340503604785131714710141451329505900106757,,2025-10,ABSTENTION,,,,,,,,,,
828,02e40f2e549487e9bec9ee5eee8c59f7114552c50010ea93766b2beed564dfc3,2025-10-05T11:00:00Z,UNCERTAIN,False,,122969.4,DOWN,UP,0.0035464107330766841181627299149219236655623268878274,,2025-10,ABSTENTION,,,,,,,,,,
829,94c0d9a329f35315764e61e98ef1279f83edfc65aec3ab5e68bd8fdbbd73ed6a,2025-10-05T12:00:00Z,UNCERTAIN,False,,123405.5,UP,DOWN,-0.0029609701350426034496031376235256937494682165705742,,2025-10,ABSTENTION,,,,,,,,,,
830,bb7a3f16b4ca47900da652abea987a10359edadd66478fabff5f67893a8636ea,2025-10-05T13:00:00Z,UNCERTAIN,False,,123040.1,DOWN,UP,0.00059005153604394014634253385684829579949951276047402,,2025-10,ABSTENTION,,,,,,,,,,
831,79167f39f091f9ac819be58d3db25d5e4d9f7d384bcf5b71f7260afcc9a61f74,2025-10-05T14:00:00Z,UNCERTAIN,False,,123112.7,UP,DOWN,-0.0010778741754506236968241294358746091995383092077422,,2025-10,ABSTENTION,,,,,,,,,,
832,1a4f4107817a4623e3e8220db52764c505730eb69dca57c39dd78166a2be5da8,2025-10-05T15:00:00Z,UNCERTAIN,False,,122980,DOWN,DOWN,-0.0018011058708733127337778500569198243616848268011059,,2025-10,ABSTENTION,,,,,,,,,,
833,d48cea827f513aa253c3ddb78d8c41a4f74794e638f239b3bfdd16c41640c45c,2025-10-05T16:00:00Z,DOWN,True,AS-2025-10-05T15:30:00+00:00-4f12ae88edf6,122758.5,DOWN,UP,0.0038987116981716133709682017945804160200719298459984,False,2025-10,PAIRED,False,False,NEITHER,AS-2025-10-05T15:30:00+00:00-4f12ae88edf6,1,NOT_ACTIVATED_AT_1H,,,DESTINATION_REACHED,2025-10-05T16:49:00Z
834,28cb6f96fcae9f3581d063f9b98d0d08c617a8ac416c89c4ccf8f8705f4c5b68,2025-10-05T17:00:00Z,UNCERTAIN,False,,123237.1,UP,DOWN,-0.0016253222446811877267478705681974015941627967551979,,2025-10,ABSTENTION,,,,,,,,,,
835,147106dbece3f38e93fdeac0488690c51174eadc42a771f011beb2a6c9da517a,2025-10-05T18:00:00Z,BALANCED,False,,123036.8,DOWN,DOWN,-0.00033811022393300215870373741839839787770813285130953,,2025-10,ABSTENTION,,,,,,,,,,
836,909b43bda4cd63019a9a2fdb9059ece46a8b17ea7be348c8bfdc2eae170d134b,2025-10-05T19:00:00Z,UNCERTAIN,False,,122995.2,DOWN,DOWN,-0.0035489189822041835778957227599125819544177333749610,,2025-10,ABSTENTION,,,,,,,,,,
837,2b4c8079a1b877772631d120953532bf6e853f9502a78f56949307892379db13,2025-10-05T20:00:00Z,UNCERTAIN,False,,122558.7,DOWN,UP,0.00080614432104779179283070071728893991205846667760020,,2025-10,ABSTENTION,,,,,,,,,,
838,44a23a9d73da2cb63ec8682b1d1d9fe5fe0ff6d82a72ad9f0787765c1302d81e,2025-10-05T21:00:00Z,BALANCED,False,,122657.5,UP,UP,0.00037991969508590995251003811426125593624523571734301,,2025-10,ABSTENTION,,,,,,,,,,
839,209f2a61f24e2beb1efcf008333c5fe49e38dfd9318e20c60ea42ab27222f10a,2025-10-05T22:00:00Z,BALANCED,False,,122704.1,UP,UP,0.0040634339031866090864119454851141893384165647276660,,2025-10,ABSTENTION,,,,,,,,,,
840,e3d5cf8ad23f64b48d11a539d08cbeb9c3d71893d93e0a4de752321bfa5db910,2025-10-05T23:00:00Z,UNCERTAIN,False,,123202.7,UP,UP,0.0018806406028439311800796573451718184747574525558287,,2025-10,ABSTENTION,,,,,,,,,,
841,aaab955df1b093cb0edb27ba706a6a8680e5654f9cc93ab12e454bb5d88aca53,2025-10-06T00:00:00Z,UNCERTAIN,False,,123434.4,UP,DOWN,-0.00099972130945668306404049438406149339244165321822766,,2025-10,ABSTENTION,,,,,,,,,,
842,3589db2ad4da0b5c514f7984d28c1f938723114f72f0c009ef6348ca2ced485e,2025-10-06T01:00:00Z,BALANCED,False,,123311,DOWN,UP,0.0053888136500393314465051779646584651815328721687441,,2025-10,ABSTENTION,,,,,,,,,,
843,b87fe1d386a693fc00e5a5a1ede753365b720861355327890fffbf747cb11159,2025-10-06T02:00:00Z,UNCERTAIN,False,,123975.5,UP,UP,0.00067835983722590350512802932837536448733822408459736,,2025-10,ABSTENTION,,,,,,,,,,
844,6ca7cff3c23691987a9a76b6567620a6d1cd7cafe03e326e0c1a7df6b4ff4bd5,2025-10-06T03:00:00Z,UNCERTAIN,False,,124059.6,UP,DOWN,-0.0023625741176015399050133967867057446582126655252798,,2025-10,ABSTENTION,,,,,,,,,,
845,70bc43effe85b9f59559cfb81f5be8b0d5e9f2ba8a5f906552277164c710eed1,2025-10-06T04:00:00Z,UNCERTAIN,False,,123766.5,DOWN,DOWN,-0.0019262078187554790674374729834001931055657225501246,,2025-10,ABSTENTION,,,,,,,,,,
846,623758523a99b236941a3381b1984aea6d649fdf1683d838902a62ece9885137,2025-10-06T05:00:00Z,UNCERTAIN,False,,123528.1,DOWN,DOWN,-0.000030762231427505158745257152016423793452663806858520,,2025-10,ABSTENTION,,,,,,,,,,
847,63624dcf79f490df404f6b3989ad3d67b9097b547f5334dc08781f19c42df93a,2025-10-06T06:00:00Z,UNCERTAIN,False,,123524.3,DOWN,UP,0.0029071202994066754476649533735467434342878283868032,,2025-10,ABSTENTION,,,,,,,,,,
848,3997ecbb56175ff56f96553631dc3ac4c0ab071b8529e1368fbbdb3b1b4e1df6,2025-10-06T07:00:00Z,UNCERTAIN,False,,123883.4,UP,DOWN,-0.0043250346696974735921035425246643214506544056750138,,2025-10,ABSTENTION,,,,,,,,,,
849,a9f59cfdb03485923a17c139a660442c1156829cc5e0f4f859e330465708a22e,2025-10-06T08:00:00Z,UNCERTAIN,False,,123347.6,DOWN,UP,0.0036190408244667914089937704503370961413112212965635,,2025-10,ABSTENTION,,,,,,,,,,
850,0e6146c5aa4bb04d446faedb829381123a5e9df7caad452d5f6edc8eb6cb0c30,2025-10-06T09:00:00Z,BALANCED,False,,123794,UP,UP,0.00086110796969158440635248881205874275005250658351778,,2025-10,ABSTENTION,,,,,,,,,,
851,494d6e18dc3282936ad10e36c7892deccce07114465f34d2e420391144fba408,2025-10-06T10:00:00Z,BALANCED,False,,123900.6,UP,DOWN,-0.0000040354929677499543989294644255152920970519916771993,,2025-10,ABSTENTION,,,,,,,,,,
852,39cd39587db7a4f9f509f31df59501daa6caf0cff02a0c2dd0a6dda5fd7fbc81,2025-10-06T11:00:00Z,BALANCED,False,,123900.1,DOWN,UP,0.0022348650243220142679465149745641851782201951410854,,2025-10,ABSTENTION,,,,,,,,,,
853,0474809f91c88502da943355dc41ba4f804df80717e1799201498837a365d5c3,2025-10-06T12:00:00Z,BALANCED,False,,124177,UP,UP,0.0027138681076205738582829348430063538336406903049679,,2025-10,ABSTENTION,,,,,,,,,,
854,3cd6881e19fca79c0224074e66358c2286e35a5e54e7177e61576e064c44eb05,2025-10-06T13:00:00Z,UNCERTAIN,False,,124514,UP,UP,0.0038349101305877250750919575308800616798111055784892,,2025-10,ABSTENTION,,,,,,,,,,
855,04fa7526a538baafd7dac4320c8059a3336ef6efb034951d0d4b62fa062fddc0,2025-10-06T14:00:00Z,UNCERTAIN,False,,124991.5,UP,DOWN,-0.0040642763707932139385478212518451254685318601664913,,2025-10,ABSTENTION,,,,,,,,,,
856,11b7382fea25e5a69cdc82bd7e9a1cb185b725b9d9be031bf4ceca9bc5c3bc56,2025-10-06T15:00:00Z,BALANCED,False,,124483.5,DOWN,UP,0.0037997003618953515927813726317142432531218996895171,,2025-10,ABSTENTION,,,,,,,,,,
857,09a83b1c2c0f440fbbe7242bf2b6cbe10435cb9dbbf4a3ad9043d69a0844960a,2025-10-06T16:00:00Z,UNCERTAIN,False,,124956.5,UP,UP,0.0037012880482407877941523650230280137487845770328074,,2025-10,ABSTENTION,,,,,,,,,,
858,c0d97425f40eabe48744354a290922363e1f6cd0d73dece4e3c5f38c81ddbe0c,2025-10-06T17:00:00Z,UNCERTAIN,False,,125419,UP,DOWN,-0.0014383785550833605753514220333442301405688133376921,,2025-10,ABSTENTION,,,,,,,,,,
859,2d6d6ee908c1189d0ef19972770882ce5b77f1b749a9e222a1c1aa0935a563a6,2025-10-06T18:00:00Z,UP,True,AL-2025-10-06T17:15:00+00:00-7bebc8f0be77,125238.6,DOWN,UP,0.0059191016188299773392548303797710929378003267363257,True,2025-10,PAIRED,True,False,MV_ONLY,AL-2025-10-06T17:15:00+00:00-7bebc8f0be77,1,ACTIVATED_WITHIN_1H,2025-10-06T18:16:00Z,,DESTINATION_REACHED,2025-10-06T18:51:00Z
860,fc4bfae961c569742cbd0f92de970fa52011cfc90748eb79387d5c779f2ed74f,2025-10-06T19:00:00Z,UNCERTAIN,False,,125979.9,UP,DOWN,-0.0050555683882905130104088033090993086992448795403076,,2025-10,ABSTENTION,,,,,,,,,,
861,eb9fa16090f8b8a13dfd3cb07199e1e07fd075ea28e84ca1760b3afa8cc2f13b,2025-10-06T20:00:00Z,UNCERTAIN,False,,125343,DOWN,DOWN,-0.0014240922907541705559943514994854120293913501352289,,2025-10,ABSTENTION,,,,,,,,,,
862,7f6a0bac18338e340a45a3cc1afc15323458be1c2fbd29033088a3507e992703,2025-10-06T21:00:00Z,UNCERTAIN,False,,125164.5,DOWN,DOWN,-0.00067750839894698576673098202765161048060752050301803,,2025-10,ABSTENTION,,,,,,,,,,
863,8ecc5fa1914af3f9e5d96af0c39ce41b31fd4462c54d354a18eb2c7b823c3d2a,2025-10-06T22:00:00Z,BALANCED,False,,125079.7,DOWN,DOWN,-0.00071794224002775830130708660158283078709015131951867,,2025-10,ABSTENTION,,,,,,,,,,
864,6f02fec2cb4c8f01a5c1e0ad8fb5f594fdbd7dac1cfb1348a275f8f21928fe95,2025-10-06T23:00:00Z,BALANCED,False,,124989.9,DOWN,DOWN,-0.0029386374419053059487206566290556276947177331928420,,2025-10,ABSTENTION,,,,,,,,,,
865,691f8a78f28e47151f16d03db6d4694575cf5c10592c7b1905e2bbdb3484c984,2025-10-07T00:00:00Z,UNCERTAIN,False,,124622.6,DOWN,UP,0.0017781686467783532039934971666455362029038071746216,,2025-10,ABSTENTION,,,,,,,,,,
866,fad3ddedc8880bbe63a7323405bd1684c7ce63dcf044f330180031c762231e8f,2025-10-07T01:00:00Z,BALANCED,False,,124844.2,UP,DOWN,-0.0015563398219540835697613505473221823681036043324400,,2025-10,ABSTENTION,,,,,,,,,,
867,f94a91c0de23c28e10abfbdd2d7cf41bcd7a8d703893b9feb27d0cfe1e9009f2,2025-10-07T02:00:00Z,BALANCED,False,,124649.9,DOWN,DOWN,-0.0037208212762304662899849899598796308701410911681437,,2025-10,ABSTENTION,,,,,,,,,,
868,4566aa514ef9744f04010c994f1152346d265b56d2bc2ddfe01c6f4a87215144,2025-10-07T03:00:00Z,UNCERTAIN,False,,124186.1,DOWN,UP,0.00066271507036616819434703239734559664890031976203456,,2025-10,ABSTENTION,,,,,,,,,,
869,765fc1d92e8390d009e7571b53c0f9c164c227a576e4edfa2ada95511f252832,2025-10-07T04:00:00Z,UNCERTAIN,False,,124268.4,UP,UP,0.0012577614260745290033508116303098776519211641897699,,2025-10,ABSTENTION,,,,,,,,,,
870,538b667ce88ae3aed410b3fd025a555ff4894da42280f6a32537cb81934bc029,2025-10-07T05:00:00Z,UNCERTAIN,False,,124424.7,UP,DOWN,-0.00062929627316762668505529850584329317249710065605945,,2025-10,ABSTENTION,,,,,,,,,,
871,e5d05d93dc08480fdf9684918f047e3f48e8d45a0832ab180bbe07d914a65748,2025-10-07T06:00:00Z,UNCERTAIN,False,,124346.4,DOWN,DOWN,-0.0041135087143656752427090772229835363146822103414333,,2025-10,ABSTENTION,,,,,,,,,,
872,c40530ace24cb05bfb92dde64f19bdd5145bb8523d9501aa7c88d40f54804c73,2025-10-07T07:00:00Z,UNCERTAIN,False,,123834.9,DOWN,DOWN,-0.0016166686451073162735222461519329365146658979011571,,2025-10,ABSTENTION,,,,,,,,,,
873,4510f5e5ca2eebd67277467682f2c487109407fd72568da572a60d079ed30e0f,2025-10-07T08:00:00Z,UNCERTAIN,False,,123634.7,DOWN,UP,0.0014122248850848507740949749544424016881991867978812,,2025-10,ABSTENTION,,,,,,,,,,
874,5541afd046ed86b625c6237c3d9e60048b41cfae2df5d766607436adfd6dde4b,2025-10-07T09:00:00Z,UNCERTAIN,False,,123809.3,UP,UP,0.0019247342485580647011169597114271706568084949999717,,2025-10,ABSTENTION,,,,,,,,,,
875,19bdfc62c8e39be3c7e121e440937e1228a18956186498a3e4b691ca43a988c2,2025-10-07T10:00:00Z,UNCERTAIN,False,,124047.6,UP,UP,0.0014131672035573441162908431924519297430986169825132,,2025-10,ABSTENTION,,,,,,,,,,
876,77660ba293847b0232c3d59e6c342ba6e1ff29ed1f3b3985a0914eb4ab2d7022,2025-10-07T11:00:00Z,UNCERTAIN,False,,124222.9,UP,UP,0.0013636777115974590836311179339719166111884362706071,,2025-10,ABSTENTION,,,,,,,,,,
877,ec90e3820d4c69d9ba2a6b03550f2815d3c44a5c2a1bf3706a8611bb5dc8360d,2025-10-07T12:00:00Z,UNCERTAIN,False,,124392.3,UP,UP,0.0038483089387365616682061510238173906262686677551585,,2025-10,ABSTENTION,,,,,,,,,,
878,642d018ab4a1e01bb1a6a1867662f51046a577f46763d35f54ec87fdc32ea244,2025-10-07T13:00:00Z,UNCERTAIN,False,,124871,UP,DOWN,-0.0082669314732804253990117801571221500588607442881053,,2025-10,ABSTENTION,,,,,,,,,,
879,e556e3e2328b3d652bfdd0833381ed93d0ca4c917a78799b7471e70224dd84d5,2025-10-07T14:00:00Z,BALANCED,False,,123838.7,DOWN,DOWN,-0.0091942179625593614920053262833023925477253879441564,,2025-10,ABSTENTION,,,,,,,,,,
880,2697d93cb5f308f9555368b48a8e19163f4428bea3c614c77c5a18c3f1d5ab66,2025-10-07T15:00:00Z,UNCERTAIN,False,,122700.1,DOWN,DOWN,-0.0072999125510085158854801259330676992113290861213642,,2025-10,ABSTENTION,,,,,,,,,,
881,3a96684c84a1e0fd5defafb5edf8733ac4743d5a36151596f0ab4a48b0adf6ab,2025-10-07T16:00:00Z,UNCERTAIN,False,,121804.4,DOWN,DOWN,-0.0012027480123870730449803126980634525517961584310583,,2025-10,ABSTENTION,,,,,,,,,,
882,dadf197f19e6dd92accb6c66afe589b947e39f247b54a34be454ea5448650209,2025-10-07T17:00:00Z,UNCERTAIN,False,,121657.9,DOWN,DOWN,-0.0045595066165041481071101835556918210819026138047755,,2025-10,ABSTENTION,,,,,,,,,,
883,459fc905b1c82e0a67820367823b7bfb1e3606489102acfcf1433a063e7d5450,2025-10-07T18:00:00Z,UNCERTAIN,False,,121103.2,DOWN,DOWN,-0.0020073788306171926092786978378771163767761710673211,,2025-10,ABSTENTION,,,,,,,,,,
884,88d3fe84d2ab60ea30e4a0c8b16f8b7dd420f647e243e5e24e6e74f2d3a0234a,2025-10-07T19:00:00Z,DOWN,True,AS-2025-10-07T18:15:00+00:00-b9604cb46efe,120860.1,DOWN,UP,0.0060590716042763492666314193021518267815432884798209,False,2025-10,PAIRED,False,False,NEITHER,AS-2025-10-07T18:15:00+00:00-b9604cb46efe,1,NOT_ACTIVATED_AT_1H,,,WITHDRAWN,2025-10-07T20:00:00Z
885,9332347b9c9b88d372167f0e2386b8044ade7288524eb7ca2e03895cc39e1447,2025-10-07T20:00:00Z,UNCERTAIN,False,,121592.4,UP,UP,0.0024639697875854082985449748504018343251716390169122,,2025-10,ABSTENTION,,,,,,,,,,
886,adedd69310d288722be8b0e4c717da8f77d2223e9fd2154c9cf676df8d4474da,2025-10-07T21:00:00Z,UNCERTAIN,False,,121892,UP,UP,0.00044875791684441965018212844157122698782528795983330,,2025-10,ABSTENTION,,,,,,,,,,
887,b0ce22e61798ed0d9295e916e813260ccb44b065b836345f0f40469df93a6258,2025-10-07T22:00:00Z,UNCERTAIN,False,,121946.7,UP,UP,0.000045101671467944602026951118808463041640323190377435,,2025-10,ABSTENTION,,,,,,,,,,
888,3c7c425a5dbcec9fb99a0792217bb583fd051699dc2c253af82936ce527ac489,2025-10-07T23:00:00Z,UNCERTAIN,False,,121952.2,UP,DOWN,-0.0054972358022241501178330526222569170543868827294629,,2025-10,ABSTENTION,,,,,,,,,,
889,9bf56d95fe4c418dfbb25c9283ea30ef66fa7f8c28fe3e811bf0aa74b928627b,2025-10-08T00:00:00Z,UNCERTAIN,False,,121281.8,DOWN,UP,0.0047657604026325466805406911836730655382753224309006,,2025-10,ABSTENTION,,,,,,,,,,
890,2107b0db7a06e946171302979f0b618bf8fa1337dfc1514eacf056ea896ad0f1,2025-10-08T01:00:00Z,BALANCED,False,,121859.8,UP,UP,0.00036517374884908722975091047252662485905934524757139,,2025-10,ABSTENTION,,,,,,,,,,
891,af6f5ed45cfd73ec7131b04405e3ac39b3d9760b09aa7ad28345b6f1e7f7ba37,2025-10-08T02:00:00Z,UNCERTAIN,False,,121904.3,UP,UP,0.00079898740241320445628251013294855062536760393193677,,2025-10,ABSTENTION,,,,,,,,,,
892,390490486c6a0a675d40910af762f7aa2b85a3b8beba3668527c59c3266a9397,2025-10-08T03:00:00Z,UNCERTAIN,False,,122001.7,UP,DOWN,-0.0054810711654017935815648470472132765363105596069563,,2025-10,ABSTENTION,,,,,,,,,,
893,e7dc21c5f90930b9c49de5606f371cfd50eddc40ffa111386431c1bc9cf7673b,2025-10-08T04:00:00Z,UNCERTAIN,False,,121333,DOWN,UP,0.0043458910601402751106459083678801315388229088541452,,2025-10,ABSTENTION,,,,,,,,,,
894,1169754a7f00c1c157b6aba419b887b271be86d49982e61ee2531007b97f4d76,2025-10-08T05:00:00Z,UNCERTAIN,False,,121860.3,UP,DOWN,-0.0043254447921103099204580983306294174558900642785222,,2025-10,ABSTENTION,,,,,,,,,,
895,7b34563ed7dcafc5f08be03da2ae62fdda0b33ae983e0196b9811a58d42e5969,2025-10-08T06:00:00Z,BALANCED,False,,121333.2,DOWN,UP,0.0033857180062835233884872400958682372178430965308753,,2025-10,ABSTENTION,,,,,,,,,,
896,758e2382f8194ab12976a7fe62389cec8724f2b2e3d4a87f139c2c7705c2c864,2025-10-08T07:00:00Z,UNCERTAIN,False,,121744,UP,DOWN,-0.0015146536995663030621632277566040215534235773426206,,2025-10,ABSTENTION,,,,,,,,,,
897,6905f4c9b587812b6db9202fb42389f6214edfc9ef97d53fa7868d5623d36aaf,2025-10-08T08:00:00Z,BALANCED,False,,121559.6,DOWN,UP,0.0063129526586135525289652154169641887600814744372308,,2025-10,ABSTENTION,,,,,,,,,,
898,89498c46fbd8053a7c7a99459e52b169227f98f7d0f9c13892a9a784be9df1f2,2025-10-08T09:00:00Z,UNCERTAIN,False,,122327,UP,UP,0.0012319438881031988032077954989495368970055670457054,,2025-10,ABSTENTION,,,,,,,,,,
899,cbc77fc5166d4930c84718f4046c06e02bf281d75456c208f127cd3f908e0a3b,2025-10-08T10:00:00Z,UNCERTAIN,False,,122477.7,UP,UP,0.0033214209607136646099657325374333450089281559010334,,2025-10,ABSTENTION,,,,,,,,,,
900,660bea2db45500c0b34fe02c0564b328551ee28662bbf0857ea7c870b00cd44a,2025-10-08T11:00:00Z,UNCERTAIN,False,,122884.5,UP,DOWN,-0.00055255137954746123392291135171644918602427482717511,,2025-10,ABSTENTION,,,,,,,,,,
901,4a7464a30c158907637a071ed1d677932456bf44affbc473343cf8446b1e98c7,2025-10-08T12:00:00Z,UNCERTAIN,False,,122816.6,DOWN,DOWN,-0.0019508763473341551549220545105466199194571417870223,,2025-10,ABSTENTION,,,,,,,,,,
902,4e1b4cecf938c4aeca87d9fbb1e3744741bed5afce9e7f8d8cec8810e5dcc15d,2025-10-08T13:00:00Z,UNCERTAIN,False,,122577,DOWN,DOWN,-0.00036058967016650758298865203096828932018241595079012,,2025-10,ABSTENTION,,,,,,,,,,
903,f4b86afbcc99a5577d076f3d8c5734e240150729a6482845383b8bf51675e58a,2025-10-08T14:00:00Z,UNCERTAIN,False,,122532.8,DOWN,DOWN,-0.0021765600720786597547758640951647232414504524502827,,2025-10,ABSTENTION,,,,,,,,,,
904,dd64cc53280c2978362562562ae3fe8ccae4d1636456c70cb8eebeea160be885,2025-10-08T15:00:00Z,BALANCED,False,,122266.1,DOWN,DOWN,-0.0010648904316077800796786680854300578819476535196592,,2025-10,ABSTENTION,,,,,,,,,,
905,deeb50c414c67d53e09fdf6953ee0f9395ac6b6bf8e2721f6bf254c554be09e2,2025-10-08T16:00:00Z,UNCERTAIN,False,,122135.9,DOWN,UP,0.0070429742606391732488154588454336521858028638590292,,2025-10,ABSTENTION,,,,,,,,,,
906,d6ecdd19aad4401b4d7a28d7f665fec096808bf3c1333c4065134e65709a9f9a,2025-10-08T17:00:00Z,UNCERTAIN,False,,122996.1,UP,UP,0.0082279031611571423809372817512099977153747151332441,,2025-10,ABSTENTION,,,,,,,,,,
907,e5f17d4d1d2d1dec5a41e14810ef7a2447cf03ecc71991efd77b50d3860e1856,2025-10-08T18:00:00Z,UNCERTAIN,False,,124008.1,UP,DOWN,-0.0050093501956727020251096500954373141754449910933237,,2025-10,ABSTENTION,,,,,,,,,,
908,aee6f7f28a0b33b754d6906643df68c07e4011b87e4cd477c4c0e1821b351af3,2025-10-08T19:00:00Z,UNCERTAIN,False,,123386.9,DOWN,DOWN,-0.00011994790370776800454505299995380384789633259284413,,2025-10,ABSTENTION,,,,,,,,,,
909,bff17f62c566a26f146ba0f87f09da408f063bef07b112254e4380b21288c6ee,2025-10-08T20:00:00Z,BALANCED,False,,123372.1,DOWN,DOWN,-0.0047895756009665070141466344497661951121850077934963,,2025-10,ABSTENTION,,,,,,,,,,
910,49eec07e2367052c4d9284a4945490491ddc5018d8f83048b990b98a030308b9,2025-10-08T21:00:00Z,UNCERTAIN,False,,122781.2,DOWN,UP,0.0035681358383856811954924695311660091284333432154108,,2025-10,ABSTENTION,,,,,,,,,,
911,3196502aa968b06b9dc07f737e00dfa3e6579b56aae6ce0c974f71492e3d95c1,2025-10-08T22:00:00Z,BALANCED,False,,123219.3,UP,DOWN,-0.00081156117588721896650930495466213490906051243595768,,2025-10,ABSTENTION,,,,,,,,,,
912,7b97d1cd7eb69fd4bd25bdf192bba527b83b097926b8c58456c2b5e287b9b26e,2025-10-08T23:00:00Z,BALANCED,False,,123119.3,DOWN,UP,0.00094542447853423468132128756417555980256547917345209,,2025-10,ABSTENTION,,,,,,,,,,
913,6ae913cbc6dd28d00a4f00c9e71ab01093ed06539f8b33c029afd13a18306734,2025-10-09T00:00:00Z,BALANCED,False,,123235.7,UP,DOWN,-0.0036807516003885237800410108434487733668084816331631,,2025-10,ABSTENTION,,,,,,,,,,
914,12715385a18d1ffd1c0f5a8959594b8bca55a704d7fafbb1715e2ebe513fa3f5,2025-10-09T01:00:00Z,UNCERTAIN,False,,122782.1,DOWN,DOWN,-0.0022682459413872217530079710316080275545050947980202,,2025-10,ABSTENTION,,,,,,,,,,
915,2557971fe3a7e2cbb9c65e8621d2f0ba61a7f17a942ec4cc09e3ecfca454acc2,2025-10-09T02:00:00Z,DOWN,True,BS-2025-10-09T01:00:00+00:00-b159db3894ae,122503.6,DOWN,DOWN,-0.0076993655696648914807401578402593882955276416366539,True,2025-10,PAIRED,True,True,BOTH,box-2025-10-08T21:45:00+00:00-e4f799132638,1,ALREADY_ACTIVE_AT_CUTOFF,2025-10-09T01:31:00Z,,TIME_EXPIRED,2025-10-09T07:31:00Z
916,e4d923cd5d44aa1fec05aaf0153e95b27c65ddc850de5dbffdb268e9e369e0eb,2025-10-09T03:00:00Z,DOWN,True,BS-2025-10-09T01:00:00+00:00-b159db3894ae,121560.4,DOWN,UP,0.0034262802689033599757815867667431170019183878960583,True,2025-10,PAIRED,False,False,NEITHER,box-2025-10-08T21:45:00+00:00-e4f799132638,2,ALREADY_ACTIVE_AT_CUTOFF,2025-10-09T01:31:00Z,,TIME_EXPIRED,2025-10-09T07:31:00Z
917,0dba43e8082e3557f8f2051ce30bb86ffd4521aa5cd4123f915828da3e6028cb,2025-10-09T04:00:00Z,DOWN,True,BS-2025-10-09T01:00:00+00:00-b159db3894ae,121976.9,UP,UP,0.00076981789174835563127116691767047695096366607119873,True,2025-10,PAIRED,False,True,PERSISTENCE_ONLY,box-2025-10-08T21:45:00+00:00-e4f799132638,3,ALREADY_ACTIVE_AT_CUTOFF,2025-10-09T01:31:00Z,,TIME_EXPIRED,2025-10-09T07:31:00Z
918,5c9b5602d8734410e83bdff7ce77762ddeed2def7e394991f032651fafbc91e1,2025-10-09T05:00:00Z,DOWN,True,BS-2025-10-09T01:00:00+00:00-b159db3894ae,122070.8,UP,DOWN,-0.00016383934569118904766741923539454152835895234568791,True,2025-10,PAIRED,True,False,MV_ONLY,box-2025-10-08T21:45:00+00:00-e4f799132638,4,ALREADY_ACTIVE_AT_CUTOFF,2025-10-09T01:31:00Z,,TIME_EXPIRED,2025-10-09T07:31:00Z
919,0ddddbc7451b1093e76a3ea41505cbdbdec6ab24c3841369effac3b6636c7913,2025-10-09T06:00:00Z,DOWN,True,BS-2025-10-09T01:00:00+00:00-b159db3894ae,122050.8,DOWN,DOWN,-0.0013330514834806490412189022931435107348743310162654,True,2025-10,PAIRED,True,True,BOTH,box-2025-10-08T21:45:00+00:00-e4f799132638,5,ALREADY_ACTIVE_AT_CUTOFF,2025-10-09T01:31:00Z,,TIME_EXPIRED,2025-10-09T07:31:00Z
920,8d86b4a67dceaee5ce89410212b943b7041ac6891dafa0d477f3d7851700e5a0,2025-10-09T07:00:00Z,DOWN,True,BS-2025-10-09T01:00:00+00:00-b159db3894ae,121888.1,DOWN,DOWN,-0.00037575448300531389036337427525738771873546310099181,True,2025-10,PAIRED,True,True,BOTH,box-2025-10-08T21:45:00+00:00-e4f799132638,6,ALREADY_ACTIVE_AT_CUTOFF,2025-10-09T01:31:00Z,,TIME_EXPIRED,2025-10-09T07:31:00Z
921,6b05fd07d7ebaa77095162c9ddb3d571f5f8e47825eda55f733a89399f389f72,2025-10-09T08:00:00Z,UNCERTAIN,False,,121842.3,DOWN,DOWN,-0.0051484582940407395461182200270349459916629938863597,,2025-10,ABSTENTION,,,,,,,,,,
922,9b393d90de467b255beb7924830214957717b91df0088a3a50b5245c1572d268,2025-10-09T09:00:00Z,UNCERTAIN,False,,121215,DOWN,UP,0.0044103452543002103700037124118302190322979829229056,,2025-10,ABSTENTION,,,,,,,,,,
923,0eb61d048bdcda9076e729568e8748f1fd89c890358f10b7f6ddd1a3b98c37a5,2025-10-09T10:00:00Z,UNCERTAIN,False,,121749.6,UP,UP,0.0029166420259286272809109845124747843114063619100186,,2025-10,ABSTENTION,,,,,,,,,,
924,2deac422ceab24509b0523d0b66d11b370d1a2e141795025360ac85cbebae6f0,2025-10-09T11:00:00Z,UNCERTAIN,False,,122104.7,UP,UP,0.0048409274991052760458852116257605153609975701181036,,2025-10,ABSTENTION,,,,,,,,,,
925,70be92ff07289af0358753d10c95a01d6851d116201f2d7f65162a898ad4bb60,2025-10-09T12:00:00Z,UNCERTAIN,False,,122695.8,UP,UP,0.0066367389918807326738160556433064538476459666916064,,2025-10,ABSTENTION,,,,,,,,,,
926,8a91ae7058b9d901d1f8cf10002a2b44fcb14bb3c65b7a3e04279852452ba334,2025-10-09T13:00:00Z,UNCERTAIN,False,,123510.1,UP,DOWN,-0.0092858802640431835129272828699839122468526865414245,,2025-10,ABSTENTION,,,,,,,,,,
927,f0e964faa70982e19b1794b96090a7626f515f1b290b0ed1deaa91b73a7f8bb4,2025-10-09T14:00:00Z,BALANCED,False,,122363.2,DOWN,DOWN,-0.0090966892006747126587078468036141585051714894674216,,2025-10,ABSTENTION,,,,,,,,,,
928,2b3d2d12ea85d0dfac6a90509e84fcff6b49956b7ee9ecc75541773fa16cba9a,2025-10-09T15:00:00Z,UNCERTAIN,False,,121250.1,DOWN,DOWN,-0.0013863906091623841959717971366621553301811709846012,,2025-10,ABSTENTION,,,,,,,,,,
929,0db5cd41c9e0a6ba272b5daff15078fe2a035a276698ce7405f60a51f296a84f,2025-10-09T16:00:00Z,UNCERTAIN,False,,121082,DOWN,DOWN,-0.010965296245519565253299416924067986984027353363836,,2025-10,ABSTENTION,,,,,,,,,,
930,256527a5ae5835dd0bc7bffbccbacd8b2de454c7f165b3a6bbe3af456113b0ff,2025-10-09T17:00:00Z,UNCERTAIN,False,,119754.3,DOWN,UP,0.0098343024008323709461789681038593186215442785770532,,2025-10,ABSTENTION,,,,,,,,,,
931,09eca582cb868fbcb9f87c7422f3ab5e2a710fd76a8f3dfa1a7b6a6b4312a9ac,2025-10-09T18:00:00Z,BALANCED,False,,120932,UP,DOWN,-0.0025799622928587966791254589356001719974861905864453,,2025-10,ABSTENTION,,,,,,,,,,
932,285cb4279e0accdc6a89b5c750600802500c7517ce345c83da371254d0355c31,2025-10-09T19:00:00Z,UNCERTAIN,False,,120620,DOWN,UP,0.0024374067318852594926214558116398607196153208423147,,2025-10,ABSTENTION,,,,,,,,,,
933,ba41cd9d750371828c53ace1644b403db567cedbd2f100dc9ce4c96345edcb69,2025-10-09T20:00:00Z,BALANCED,False,,120914,UP,UP,0.0012240104537109019633789304795143655821492961939891,,2025-10,ABSTENTION,,,,,,,,,,
934,6c3410a475cb921eba44fd68ed987eedf75266fd15d57265ae67dfbb6a1ade3b,2025-10-09T21:00:00Z,UNCERTAIN,False,,121062,UP,UP,0.0030067238274603095934314648692405544266574152087360,,2025-10,ABSTENTION,,,,,,,,,,
935,d42ffed653392e47e06db0ca9146da57fb5561be5d796539f31c05a55cc24bd6,2025-10-09T22:00:00Z,UNCERTAIN,False,,121426,UP,UP,0.0017492135127567407309801854627509759030191227578937,,2025-10,ABSTENTION,,,,,,,,,,
936,1c47bc43399476a4b06b72891c3bd645afd10ba598a79c3a3d87c05af3aaebd4,2025-10-09T23:00:00Z,UNCERTAIN,False,,121638.4,UP,DOWN,-0.00027787277701778385772913816689466484268125854993160,,2025-10,ABSTENTION,,,,,,,,,,
937,d20eebed1e18ecd30c11816dbc244466bab3eb914fa328a22fb7e1772b6b9d72,2025-10-10T00:00:00Z,BALANCED,False,,121604.6,DOWN,UP,0.00073928124429503489177218624953332357493055361392579,,2025-10,ABSTENTION,,,,,,,,,,
938,b5b9cbfa5e6d70b64fb8c94feb488a5ddd59d50657cb777f5f5eb34660abab6f,2025-10-10T01:00:00Z,UNCERTAIN,False,,121694.5,UP,DOWN,-0.00078393025157258544963001614699103081897702854278542,,2025-10,ABSTENTION,,,,,,,,,,
939,701649afe1e3847efa09f7fb8c7d4a34077720be5b9338905c213e2c246f2c94,2025-10-10T02:00:00Z,UNCERTAIN,False,,121599.1,DOWN,DOWN,-0.0046949360644938983923400748854226717138531452946609,,2025-10,ABSTENTION,,,,,,,,,,
940,585b9373401122030e57615d41ac03f92ff858eb0394cd64d81501ae81e44fb5,2025-10-10T03:00:00Z,UNCERTAIN,False,,121028.2,DOWN,DOWN,-0.00023300354793345683072209617262753639234492457129826,,2025-10,ABSTENTION,,,,,,,,,,
941,c49c31d136fdc879e95b221c5b53de4fa617d4a0cd661cf9ceea916b7814ed44,2025-10-10T04:00:00Z,BALANCED,False,,121000,DOWN,UP,0.0015735537190082644628099173553719008264462809917355,,2025-10,ABSTENTION,,,,,,,,,,
942,4106e4ef3119e54fb82dd0a1e9b5e7b4271b0c7618020f3e796d2ae375ff1a76,2025-10-10T05:00:00Z,BALANCED,False,,121190.4,UP,UP,0.0028550116180819602872834811998310097169412758766371,,2025-10,ABSTENTION,,,,,,,,,,
943,8626c7e8b4e3f8ac25b66b19b4a7e3c13ca255297c43b2d2218aca69033d98da,2025-10-10T06:00:00Z,BALANCED,False,,121536.4,UP,DOWN,-0.0018101572862121965106749911960531988770442435352701,,2025-10,ABSTENTION,,,,,,,,,,
944,0072e533a56db64dd8a2c528f3771faa42741c3ea26dc07a51182face08f2981,2025-10-10T07:00:00Z,BALANCED,False,,121316.4,DOWN,DOWN,-0.0034661430771107616117853810366941320382075300618878,,2025-10,ABSTENTION,,,,,,,,,,
945,3c45f4c9a4a8d4b7ba628f582d39d573c21f86114025878d9b78f56c90988ffc,2025-10-10T08:00:00Z,UNCERTAIN,False,,120895.9,DOWN,UP,0.0055444394723063395863714154078012571145919754102496,,2025-10,ABSTENTION,,,,,,,,,,
946,cbdf1046af98882e8069c85213172a10da49b965d90d786f0d49545f0696467c,2025-10-10T09:00:00Z,BALANCED,False,,121566.2,UP,DOWN,-0.0025311311861356199338302916435653989349013130294440,,2025-10,ABSTENTION,,,,,,,,,,
947,944364c85c478324e572dd2ade72068d6fea9ae925e8b97c7968ba4d337e7c7e,2025-10-10T10:00:00Z,BALANCED,False,,121258.5,DOWN,UP,0.0015875175760874495396199029346396335102281489545063,,2025-10,ABSTENTION,,,,,,,,,,
948,d74bd6466bd263d682fdd662a7843f1bb97c90c1eb467252eb370e0af10d486f,2025-10-10T11:00:00Z,BALANCED,False,,121451,UP,UP,0.00040345489127302368856575903039085721813735580604524,,2025-10,ABSTENTION,,,,,,,,,,
949,8cbc5524dfcd623555c593454fb109ae04caf8b637fcb4713267734b500ffa69,2025-10-10T12:00:00Z,UNCERTAIN,False,,121500,UP,UP,0.00038847736625514403292181069958847736625514403292181,,2025-10,ABSTENTION,,,,,,,,,,
950,1f03ce938d25cc69262be769355d32a3b74b5142d71b8908c73898e331f4e766,2025-10-10T13:00:00Z,BALANCED,False,,121547.2,UP,UP,0.00027561309515974041360064238419313649347743098977187,,2025-10,ABSTENTION,,,,,,,,,,
951,032c50624ff0fd5ac10f6064722e032bdd381fa890661055b5716353e58b9ec0,2025-10-10T14:00:00Z,BALANCED,False,,121580.7,UP,DOWN,-0.0095212480270306060090129436662233397241502968810017,,2025-10,ABSTENTION,,,,,,,,,,
952,4d5e9d3025e9f69895514679ce04ea47d37605bafe01fedec4c4b93fc47cbdcc,2025-10-10T15:00:00Z,UNCERTAIN,False,,120423.1,DOWN,DOWN,-0.012059148120252675774000171063525187443272926872004,,2025-10,ABSTENTION,,,,,,,,,,
953,d00a24e0f47b4e9987b93e1a48e20328366ec2476f6c5f938dd1115ffabb22e6,2025-10-10T16:00:00Z,UNCERTAIN,False,,118970.9,DOWN,DOWN,-0.0069580040161081407302121779359490430012717395598419,,2025-10,ABSTENTION,,,,,,,,,,
954,98f1c09f78d2bf18e0ea65a59805d7bfcd1e8b7feec6d81de14c4bb906a54873,2025-10-10T17:00:00Z,UNCERTAIN,False,,118143.1,DOWN,DOWN,-0.0047281644040151308032377684350588396613936827457549,,2025-10,ABSTENTION,,,,,,,,,,
955,232ee10665f27598f06bbc31484140cfcc541116e3b601e9aeb0f8ead276c485,2025-10-10T18:00:00Z,UNCERTAIN,False,,117584.5,DOWN,DOWN,-0.0034511351411112859262913054016473259655821983339641,,2025-10,ABSTENTION,,,,,,,,,,
956,0e279d83e941f5422a023360337eab9e749494cf1eb74b2474ab51b01b4b6e52,2025-10-10T19:00:00Z,UNCERTAIN,False,,117178.7,DOWN,DOWN,-0.0049736001508806634652884867300968520729449976830260,,2025-10,ABSTENTION,,,,,,,,,,
957,d3efb846c3aa845332de2ab805da8d1f036cec89c2725f0d7acc2aeeecf1751d,2025-10-10T20:00:00Z,UNCERTAIN,False,,116595.9,DOWN,DOWN,-0.020422673524540742856309698711532738286680749494622,,2025-10,ABSTENTION,,,,,,,,,,
958,59a5cea8457b9983e2fe6e5f888533b1b56e954b8c47eff7b16ef36c07673ea7,2025-10-10T21:00:00Z,UNCERTAIN,False,,114214.7,DOWN,DOWN,-0.011449489426492386706789931593744062716970757704569,,2025-10,ABSTENTION,,,,,,,,,,
959,800a0334327bb8988249550ee1f2305b5655e4e1dc5ce66be41a01dc22226bb6,2025-10-10T22:00:00Z,UNCERTAIN,False,,112907,DOWN,UP,0.0052751379453886827211776063485877757800667806247620,,2025-10,ABSTENTION,,,,,,,,,,
960,4949f847612cad038942214cb26171827042e4fae99754c11bfe7137adcb601f,2025-10-10T23:00:00Z,UNCERTAIN,False,,113502.6,UP,DOWN,-0.0064007344325152022949254025898966191082847441380197,,2025-10,ABSTENTION,,,,,,,,,,
961,2dfacc8e77ba3d2201d4988e3b565def98362a3534dd12ee15e7e55e0e9fd396,2025-10-11T00:00:00Z,UNCERTAIN,False,,112776.1,DOWN,DOWN,-0.0026255563013794589456453982714422648061069676997165,,2025-10,ABSTENTION,,,,,,,,,,
962,3a5aad18aa7782cce56a098fdcbfe1df228e90b997a71cd4632f5aa9cb7a0d7f,2025-10-11T01:00:00Z,UNCERTAIN,False,,112480,DOWN,DOWN,-0.012258179231863442389758179231863442389758179231863,,2025-10,ABSTENTION,,,,,,,,,,
963,a73238907e796377d018f276a52ad55651ead97532aae3ac9f5299435e421452,2025-10-11T02:00:00Z,UNCERTAIN,False,,111101.2,DOWN,UP,0.018506550784329962232631150698642318894845420211483,,2025-10,ABSTENTION,,,,,,,,,,
964,2c7f7dfcec9a81d5b334e4bb723e5c75d7067fd5094047b6e2a6499d841d54a8,2025-10-11T03:00:00Z,UNCERTAIN,False,,113157.3,UP,DOWN,-0.0078563203611256189392995414347991689444693360481383,,2025-10,ABSTENTION,,,,,,,,,,
965,7575d4e2706f801c706561858ce36720a7d19f0e493ffd053f5866ff56338bec,2025-10-11T04:00:00Z,UNCERTAIN,False,,112268.3,DOWN,UP,0.0056845966314623094854023798347351834845633184077785,,2025-10,ABSTENTION,,,,,,,,,,
966,0acf310eae4662df274ee1f7a2683b681207b69e1a24046f6d29ea0aaef3525d,2025-10-11T05:00:00Z,UNCERTAIN,False,,112906.5,UP,DOWN,-0.0048792585015034563997644068322018661458817694286866,,2025-10,ABSTENTION,,,,,,,,,,
967,3862190bb6f3de6b5f86169030847dbf1c930ea875e77960db2283a4b60ad911,2025-10-11T06:00:00Z,BALANCED,False,,112355.6,DOWN,DOWN,-0.0029415534250184236477754557850254014931164979760688,,2025-10,ABSTENTION,,,,,,,,,,
968,0d361e3c046bfc99792dd7851af1297347d001e813a83e0c7deef3a6d224f926,2025-10-11T07:00:00Z,BALANCED,False,,112025.1,DOWN,DOWN,-0.014353926039789297219998018301255700731353955497473,,2025-10,ABSTENTION,,,,,,,,,,
969,ca320a63bbd72b70cac9ac204c201af752fda10756df7f2cc3b4f82f8e3ccb31,2025-10-11T08:00:00Z,UNCERTAIN,False,,110417.1,DOWN,UP,0.0081563453486824051709381970727360164322373980117210,,2025-10,ABSTENTION,,,,,,,,,,
970,20c769f9ba33943d52a2f5e9b8eeda1771e48233185162b90193aebc06dad3c3,2025-10-11T09:00:00Z,UNCERTAIN,False,,111317.7,UP,UP,0.0027524823096416832183920436731984221736525278549593,,2025-10,ABSTENTION,,,,,,,,,,
971,e1d7aa7a0a02da3a25ad10bb69b384af557fb792baddb448072ebcb15ad51139,2025-10-11T10:00:00Z,UNCERTAIN,False,,111624.1,UP,UP,0.0041173904201691211844037264354203079800867375414449,,2025-10,ABSTENTION,,,,,,,,,,
972,0649bd861dabe4affe92919b9e8cb18dde22c6a2763a5d6d949d714f8e3cf49e,2025-10-11T11:00:00Z,BALANCED,False,,112083.7,UP,UP,0.0015729316573239463008448150801588455770107517863882,,2025-10,ABSTENTION,,,,,,,,,,
973,bf3058c1de5adcd60b80f28b269bf97bcb4feadea4c5bc250c3543071177b2a6,2025-10-11T12:00:00Z,BALANCED,False,,112260,UP,UP,0.00071797612684838767147692855870301086762871904507394,,2025-10,ABSTENTION,,,,,,,,,,
974,c967588eb99566202f2dfdc85553e133f29ec99d6bfe80f483b8e67519972cf3,2025-10-11T13:00:00Z,BALANCED,False,,112340.6,UP,DOWN,-0.0010842028616546466727078189007357980997074966663878,,2025-10,ABSTENTION,,,,,,,,,,
975,8d3f7676782c6c0780ce88aeaab315e30a3a6eebd60800625ee4e59f5ab83437,2025-10-11T14:00:00Z,BALANCED,False,,112218.8,DOWN,DOWN,-0.0024354208029314161263531600765647110822785486923760,,2025-10,ABSTENTION,,,,,,,,,,
976,ea3d5ab437fb7c319a357ccca096360cd8b1d76f6cf16c1e5c95581f1b8dfdb9,2025-10-11T15:00:00Z,UNCERTAIN,False,,111945.5,DOWN,DOWN,-0.0017463855179529324537386496107480872388796333930350,,2025-10,ABSTENTION,,,,,,,,,,
977,549a3a7491ab068680af5de69997cd9e35e589645016c30a82af0747579f292b,2025-10-11T16:00:00Z,UNCERTAIN,False,,111750,DOWN,UP,0.00079731543624161073825503355704697986577181208053691,,2025-10,ABSTENTION,,,,,,,,,,
978,c91d1b42be574980b9e829bc8c9935f2d3fc6bd1ddae3161334f2e5c898e4d36,2025-10-11T17:00:00Z,UNCERTAIN,False,,111839.1,UP,UP,0.0011784787252400993927883897492022020921126868867865,,2025-10,ABSTENTION,,,,,,,,,,
979,3d42f4b419788f927d1005cf2bceca5a3fb1e1a4a17c50e0d0a36adad7aacf69,2025-10-11T18:00:00Z,BALANCED,False,,111970.9,UP,DOWN,-0.00034562551520082449993703721234713662210449322100653,,2025-10,ABSTENTION,,,,,,,,,,
980,1842880ac723b24a7026d338e36b8ad945ebb2261cf128ca85d045e3170cf563,2025-10-11T19:00:00Z,UNCERTAIN,False,,111932.2,DOWN,DOWN,-0.0069166870659202624445869910535127514691929578798594,,2025-10,ABSTENTION,,,,,,,,,,
981,0d834a7a5a2904a07997d0b063cac7fb374c5418abf2aee2c9baea6f6e416be6,2025-10-11T20:00:00Z,DOWN,True,BS-2025-10-11T19:15:00+00:00-d113481ac09b,111158,DOWN,DOWN,-0.0084960146818042785944331492110329440975908166753630,True,2025-10,PAIRED,True,True,BOTH,box-2025-10-11T18:15:00+00:00-4eeaf0f59d72,1,ALREADY_ACTIVE_AT_CUTOFF,2025-10-11T19:53:00Z,,DESTINATION_REACHED,2025-10-11T20:31:00Z
982,26cf06d3257d5a747710b596596c2e53e50d69d51cd8503f4dfb79db54855aac,2025-10-11T21:00:00Z,UNCERTAIN,False,,110213.6,DOWN,UP,0.0059375612447102716906080556301581655984379423229075,,2025-10,ABSTENTION,,,,,,,,,,
983,26dd1b3aef1166664981b10a161de15882406c98973e06504d776456e99ec040,2025-10-11T22:00:00Z,UNCERTAIN,False,,110868,UP,UP,0.0011924089908720279972580005051051701122055056463542,,2025-10,ABSTENTION,,,,,,,,,,
984,1f80bc432e52b44a3770c1bc0340ac0cadc01a9e938b716dd5564b13f1d1626b,2025-10-11T23:00:00Z,UNCERTAIN,False,,111000.2,UP,DOWN,-0.0034792730103189003263057183680750124774549955765845,,2025-10,ABSTENTION,,,,,,,,,,
985,95312ca2edbb8054dc4676ad048e11cb93dd3a29a807f30759335ddaa7b3f205,2025-10-12T00:00:00Z,UNCERTAIN,False,,110614,DOWN,DOWN,-0.0088551177970238848608675212902525900880539533874555,,2025-10,ABSTENTION,,,,,,,,,,
986,ae3efbd77095721f9e01e0a6f61726884d1cf6014cbbf0ec0deaceed118b5360,2025-10-12T01:00:00Z,UNCERTAIN,False,,109634.5,DOWN,UP,0.0029580104802776498273809795274297780351987741085151,,2025-10,ABSTENTION,,,,,,,,,,
987,ef8f33f7e9147abe7ff98d8699b8ebbbeefd54b43b611f266a050f769c639a7b,2025-10-12T02:00:00Z,UNCERTAIN,False,,109958.8,UP,UP,0.0011795326977013208583578576703274317289748523992623,,2025-10,ABSTENTION,,,,,,,,,,
988,b018f4869a8a6c6f9b1a18ab925723b271a1994e2106361132364f2b26e3b811,2025-10-12T03:00:00Z,UNCERTAIN,False,,110088.5,UP,UP,0.0051385930410533343628081043887417850184170008674839,,2025-10,ABSTENTION,,,,,,,,,,
989,39edf12c87a02946094327e6131397154595a12cc833a7064c6aa02782f5238a,2025-10-12T04:00:00Z,BALANCED,False,,110654.2,UP,UP,0.0074059547671936537429216423777859313067194918945688,,2025-10,ABSTENTION,,,,,,,,,,
990,4b48dd4a25a05731b16b06fdc730d29eb41e5101b4a514a41e2f55422cf48641,2025-10-12T05:00:00Z,UNCERTAIN,False,,111473.7,UP,UP,0.0015994804155599033673413549563708749238609645144998,,2025-10,ABSTENTION,,,,,,,,,,
991,47ce34dc0c58117edb3e3d3363897265a82deec0013f28fe7e017996f6966210,2025-10-12T06:00:00Z,UNCERTAIN,False,,111652,UP,DOWN,-0.00026869200730842259878909468706337548812381327696772,,2025-10,ABSTENTION,,,,,,,,,,
992,e14b720d3993cd3b2c7e5dcedb2a835e6e95ef97af408f18f6428ee8e9c58f80,2025-10-12T07:00:00Z,BALANCED,False,,111622,DOWN,DOWN,-0.0012820053394492125208292272132733690491121821863074,,2025-10,ABSTENTION,,,,,,,,,,
993,5738cf1e7032fb5b6fc8d64264e626f82731bdbc261636678bb92968b235d91a,2025-10-12T08:00:00Z,UNCERTAIN,False,,111478.9,DOWN,DOWN,-0.0019985844854945644422397422292469696059074856318101,,2025-10,ABSTENTION,,,,,,,,,,
994,7adf0276b6cbf8e9fb77d23ef39790c410e9e13108e938ee4cb49c42a15c035f,2025-10-12T09:00:00Z,UNCERTAIN,False,,111256.1,DOWN,UP,0.0045660417720915976741949430188546965065286307896825,,2025-10,ABSTENTION,,,,,,,,,,
995,2fcc8ec022a14da13ccbdd760d9becf2e37532f5c613fbaf31c4f41a3b10ad54,2025-10-12T10:00:00Z,UNCERTAIN,False,,111764.1,UP,DOWN,-0.0015398504528735076826995430554176162112878822448353,,2025-10,ABSTENTION,,,,,,,,,,
996,2c5505bb372453cd9245d59bb27afd43ccad0b92dde9e63a0a7953b7c07d1797,2025-10-12T11:00:00Z,UNCERTAIN,False,,111592,DOWN,UP,0.0016748512438167610581403684851960714029679546920926,,2025-10,ABSTENTION,,,,,,,,,,
997,ce5ee7af92a8f81f534d59d8f24ec95bd88a3e5f3c7eb5415a8ed2f2486c5e2f,2025-10-12T12:00:00Z,UNCERTAIN,False,,111778.9,UP,DOWN,-0.00048220191825111894999861333400131867463358469263877,,2025-10,ABSTENTION,,,,,,,,,,
998,e99b2320acae9a7a6a56cb3274fbb587f17f42e39de100d966353145cbb05d70,2025-10-12T13:00:00Z,BALANCED,False,,111725,DOWN,DOWN,-0.0042873125978966211680465428507496084135153278138286,,2025-10,ABSTENTION,,,,,,,,,,
999,ab254e83f8ba42dda9572c44bbf5181e32d54cb1c97246e1ebd5b5a81cdfc7d5,2025-10-12T14:00:00Z,UNCERTAIN,False,,111246,DOWN,UP,0.0095859626413533969760710497456088308793125146072668,,2025-10,ABSTENTION,,,,,,,,,,
1000,d585160628c4f69c92dac1820bec4c8ad56e754ba7f3243ebf90c33b7dc352a9,2025-10-12T15:00:00Z,UNCERTAIN,False,,112312.4,UP,UP,0.0076260501957041252791321350091352335093898803693982,,2025-10,ABSTENTION,,,,,,,,,,
1001,8453bb9942afaa56e3c8bbacff8f26786036fb6db938af0fa90a998d5c589b22,2025-10-12T16:00:00Z,UNCERTAIN,False,,113168.9,UP,UP,0.0075939591177434789946707973657073630652944404337234,,2025-10,ABSTENTION,,,,,,,,,,
1002,9e46df143d4b0c40fdf4aafe007088288ab264caef17018650fb1b0bf159cd65,2025-10-12T17:00:00Z,UNCERTAIN,False,,114028.3,UP,DOWN,-0.0023090759048411666226717402609703029861885163595353,,2025-10,ABSTENTION,,,,,,,,,,
1003,a0795b7c4ff2922cd60966a25e72c21e9f7318d6d5b08a3971056df24b1391ea,2025-10-12T18:00:00Z,UP,True,AL-2025-10-12T17:00:00+00:00-b4c26fa2cd7b,113765,DOWN,UP,0.00052740297982683602162352217290027688656440908891135,False,2025-10,PAIRED,True,False,MV_ONLY,AL-2025-10-12T17:00:00+00:00-b4c26fa2cd7b,1,NOT_ACTIVATED_AT_1H,,,EXPIRED,2025-10-12T19:15:00Z
1004,78392ca6eb560078f1e31a039f12f1a6a979ccc9d060cf24db71fbdd37ba5b37,2025-10-12T19:00:00Z,UP,True,AL-2025-10-12T17:00:00+00:00-b4c26fa2cd7b,113825,UP,UP,0.0040553481221172853063913902921150889523391170656710,False,2025-10,PAIRED,True,True,BOTH,AL-2025-10-12T17:00:00+00:00-b4c26fa2cd7b,2,NOT_ACTIVATED_AT_1H,,,EXPIRED,2025-10-12T19:15:00Z
1005,00ad76d399301b366bdf212be8fbbb606bfa478759608ea04d8c1b8bfe6926bc,2025-10-12T20:00:00Z,UNCERTAIN,False,,114286.6,UP,UP,0.0050942105198684710193496000405996853524385186014808,,2025-10,ABSTENTION,,,,,,,,,,
1006,4580f5fdd7b56d8d4f9050102f855f4ec58ddae9df0331633fdf6eb5fe4c0da7,2025-10-12T21:00:00Z,UNCERTAIN,False,,114868.8,UP,DOWN,-0.00036563453261460030922234758263340437089966988425055,,2025-10,ABSTENTION,,,,,,,,,,
1007,40530dd01b9e30ebe82cf8706cff6e64bd54ae8fdd70cd26c496becc4089522b,2025-10-12T22:00:00Z,UP,True,AL-2025-10-12T21:00:00+00:00-0da3be44963d,114826.8,DOWN,UP,0.0029174373926644302549579018138622690870075626944233,True,2025-10,PAIRED,True,False,MV_ONLY,AL-2025-10-12T21:00:00+00:00-0da3be44963d,1,ACTIVATED_WITHIN_1H,2025-10-12T22:01:00Z,,DESTINATION_REACHED,2025-10-12T22:02:00Z
1008,bde9af7e333d7dbf4f62459c4afb1fbe3984a04fdbc1d7ec1bda3655d40cbfe6,2025-10-12T23:00:00Z,UNCERTAIN,False,,115161.8,UP,DOWN,-0.0021743321136001695006503892783891880814645134063552,,2025-10,ABSTENTION,,,,,,,,,,
1009,11b4801803619004efd25f40dc8e497255913abc07fa3e0a8d3a2d9fcb9ec956,2025-10-13T00:00:00Z,UNCERTAIN,False,,114911.4,DOWN,UP,0.0027368912048761045466333192355153622704100724558225,,2025-10,ABSTENTION,,,,,,,,,,
1010,f210677711e70a46985dc85688f20ca7ffebffa59a6d9cb9c103a6d112d1eb00,2025-10-13T01:00:00Z,UNCERTAIN,False,,115225.9,UP,UP,0.0037109712312943530924904904192546988133744236321869,,2025-10,ABSTENTION,,,,,,,,,,
1011,44963ff6066f905829951fcb9b6581eacd91145aacfb906a730d4ed1db60326c,2025-10-13T02:00:00Z,UNCERTAIN,False,,115653.5,UP,DOWN,-0.0032727068355043297435875265340002680420393675937174,,2025-10,ABSTENTION,,,,,,,,,,
1012,ff645fc4552fdb47dc0ddc7ba5754f5b6bbcbd9d051961f848687fe03800bef1,2025-10-13T03:00:00Z,UNCERTAIN,False,,115275,DOWN,DOWN,-0.0043018867924528301886792452830188679245283018867925,,2025-10,ABSTENTION,,,,,,,,,,
1013,8787dcf2edc9bf6eff75fcf739cacc2cf41d9c502bea5d6bede05e9ca826cc6a,2025-10-13T04:00:00Z,UNCERTAIN,False,,114779.1,DOWN,DOWN,-0.00096794625502378046177396407534124243873666895802459,,2025-10,ABSTENTION,,,,,,,,,,
1014,685b932f110595d5b6ec3683c01f48a084dc4dd4b0c41ab83d4375bf45b005ef,2025-10-13T05:00:00Z,UNCERTAIN,False,,114668,DOWN,DOWN,-0.00072731712421948581993232636829804304601109289426867,,2025-10,ABSTENTION,,,,,,,,,,
1015,422bca8a7f824c685cd3fbf7402129029bfb5020527827dc4070b74310ee00ac,2025-10-13T06:00:00Z,BALANCED,False,,114584.6,DOWN,UP,0.0051883062819960099350174456253283600064930191317158,,2025-10,ABSTENTION,,,,,,,,,,
1016,d9cd67ccd94fa885cb3ee626aba96cf041b94dbdab27d22a47789d1fa8615f4c,2025-10-13T07:00:00Z,UNCERTAIN,False,,115179.1,UP,UP,0.0013969548294786120051294028170041266167212627985459,,2025-10,ABSTENTION,,,,,,,,,,
1017,7de350d3268b549d625836c8c249ceb98c36f3053fec0e1588b1689d686557a3,2025-10-13T08:00:00Z,UNCERTAIN,False,,115340,UP,DOWN,-0.0012051326512918328420322524709554361019594243107335,,2025-10,ABSTENTION,,,,,,,,,,
1018,986dcfe6ba3bc34e46f32edfda307dd2af9776b7278e1fb6149ad6da5abdaca2,2025-10-13T09:00:00Z,UNCERTAIN,False,,115201,DOWN,DOWN,-0.0012126630845218357479535767918681261447383269242454,,2025-10,ABSTENTION,,,,,,,,,,
1019,5c4c2eef625a49db0a6174ffd8f0e43ebbe9e9592f2a35bf9ae211f5ad625a9e,2025-10-13T10:00:00Z,UNCERTAIN,False,,115061.3,DOWN,DOWN,-0.0026186041701249681691411447637042167957427910166146,,2025-10,ABSTENTION,,,,,,,,,,
1020,5b56e2adece970c5f1c9f8fb31a2d258c00aa586884e02fcb0adef1ad8e7b8d2,2025-10-13T11:00:00Z,UNCERTAIN,False,,114760,DOWN,DOWN,-0.0054470198675496688741721854304635761589403973509934,,2025-10,ABSTENTION,,,,,,,,,,
1021,b0a99c6adb7501063eb06978ab7d1a036d10eb7bd00992705b90f64a7d93896b,2025-10-13T12:00:00Z,UNCERTAIN,False,,114134.9,DOWN,UP,0.0019766083818358801733737883854982130794349493450294,,2025-10,ABSTENTION,,,,,,,,,,
1022,2afbc75a26c4c2d907241855c5e2dfdf60ea0fc11399e7a080b68fc9b682be72,2025-10-13T13:00:00Z,UNCERTAIN,False,,114360.5,UP,UP,0.0082152491463398638515921144101328693036494244079031,,2025-10,ABSTENTION,,,,,,,,,,
1023,6f257ecd3d3c936723b0667c8407e0f0c531cbe0334e088b9d75588924319b2e,2025-10-13T14:00:00Z,UNCERTAIN,False,,115300,UP,DOWN,-0.011479618386816999132697311361665221162185602775369,,2025-10,ABSTENTION,,,,,,,,,,
1024,afc946f4447bcd73d28ec6f027020d22ec59b55950b73af0949cd3948867a39f,2025-10-13T15:00:00Z,UNCERTAIN,False,,113976.4,DOWN,UP,0.0025584243755724869358919916754696586310850316381286,,2025-10,ABSTENTION,,,,,,,,,,
1025,67425e7ad725acea12eca7415c3c7cc3c8ca2ccf028a9f6816698fd5d6349360,2025-10-13T16:00:00Z,UNCERTAIN,False,,114268,UP,UP,0.0029754611964854552455630622746525711485280218433857,,2025-10,ABSTENTION,,,,,,,,,,
1026,011d441444c177166295201ebbd139a060c5e773a0cbc8bada4481fbe2674aec,2025-10-13T17:00:00Z,BALANCED,False,,114608,UP,UP,0.0032763855926287868211643166271115454418539717995253,,2025-10,ABSTENTION,,,,,,,,,,
1027,2b4d657810f9628f6abc8c860df22e2591f1988c2a1b77a07a2658147491889a,2025-10-13T18:00:00Z,UNCERTAIN,False,,114983.5,UP,UP,0.00099231628885883626781233829201581096418181739119091,,2025-10,ABSTENTION,,,,,,,,,,
1028,3183c7cb958d5f8fd6dcdc47e40e69d5998c5c1e4fe4efbde70efff76c20f9b8,2025-10-13T19:00:00Z,UNCERTAIN,False,,115097.6,UP,UP,0.0055926448509786476868327402135231316725978647686833,,2025-10,ABSTENTION,,,,,,,,,,
1029,54014c7dfc03a18ac8ca37c8ae2380756523e024dbbc35e240896cfd0bacff1c,2025-10-13T20:00:00Z,UNCERTAIN,False,,115741.3,UP,DOWN,-0.00065750082295602347649456157827845375851143887272737,,2025-10,ABSTENTION,,,,,,,,,,
1030,0e70e050f966f822fa79637b12058f25fcec645ce1739f1e6d3e15875909cafb,2025-10-13T21:00:00Z,BALANCED,False,,115665.2,DOWN,DOWN,-0.000077810784920615708095434063140858270248959929174894,,2025-10,ABSTENTION,,,,,,,,,,
1031,ee1320625788220d8b22d4dae0b558f7e2df195d32c3bcc3cf760db0a970b894,2025-10-13T22:00:00Z,UNCERTAIN,False,,115656.2,DOWN,DOWN,-0.0017750885815027642270799144360613611721637058800133,,2025-10,ABSTENTION,,,,,,,,,,
1032,79d98f5b845e6ff295087896d1e731d4dc602717d3056a6254625ed789f5da9a,2025-10-13T23:00:00Z,UNCERTAIN,False,,115450.9,DOWN,DOWN,-0.0029085957753469223713284175350733515286585033117975,,2025-10,ABSTENTION,,,,,,,,,,
1033,96bf5c42fe2d9aecc39f1ce42bc6bc4f99fdbeee8ff6e4198333f14738eb08df,2025-10-14T00:00:00Z,UNCERTAIN,False,,115115.1,DOWN,DOWN,-0.0017313106621112260685175098662121650417712359195275,,2025-10,ABSTENTION,,,,,,,,,,
1034,652c04accb44c212a517a4385007fed1fe3c1d99a9466832b29ae07f0469b5ab,2025-10-14T01:00:00Z,UNCERTAIN,False,,114915.8,DOWN,DOWN,-0.0060661806296436173267731678324477574015061462392465,,2025-10,ABSTENTION,,,,,,,,,,
1035,bbc908013245d40e7a3e3ec572340e0015d11c92a8c0168c53f525ba777558ce,2025-10-14T02:00:00Z,UNCERTAIN,False,,114218.7,DOWN,DOWN,-0.0055630120111680486645356671017968161080453550950939,,2025-10,ABSTENTION,,,,,,,,,,
1036,a000e9dbd1d2ce17d8a3dcf0fd0d03314e809defe15c3cc936029dce0f98ed40,2025-10-14T03:00:00Z,UNCERTAIN,False,,113583.3,DOWN,DOWN,-0.0011841529520624951027131629385657926825510440355228,,2025-10,ABSTENTION,,,,,,,,,,
1037,7730dea24cbde8e56f162b5daf6bc00bcbc1485c840f1e2ac2d815552e7e27c2,2025-10-14T04:00:00Z,UNCERTAIN,False,,113448.8,DOWN,DOWN,-0.0038228698761027000726318832812687309165015407831550,,2025-10,ABSTENTION,,,,,,,,,,
1038,3fd7c84370670c2c1d6385211e26b4035bde14c1a1c48af20862bc7eab5f4f27,2025-10-14T05:00:00Z,UNCERTAIN,False,,113015.1,DOWN,DOWN,-0.0050780824863226241449151485067039714162089844631381,,2025-10,ABSTENTION,,,,,,,,,,
1039,ece81f6bf430328099cd72378500e01111f3832d046994f09dd67f6d513355de,2025-10-14T06:00:00Z,UNCERTAIN,False,,112441.2,DOWN,DOWN,-0.0043916286912626332696556066637495864505181374798561,,2025-10,ABSTENTION,,,,,,,,,,
1040,af5d9301869b7a78bac479a73db2f973fc9c0cf13b53c55324647d0473178c86,2025-10-14T07:00:00Z,UNCERTAIN,False,,111947.4,DOWN,DOWN,-0.0024815225722080191232668199529421853477615380080288,,2025-10,ABSTENTION,,,,,,,,,,
1041,17ce06834187cf1952efa988731be679a4cc6a0b8b1f9e3b1aef55fbd299b8eb,2025-10-14T08:00:00Z,DOWN,True,AS-2025-10-14T07:30:00+00:00-be96e165fad1,111669.6,DOWN,UP,0.00078177050871499494938640417803950224591115218465903,True,2025-10,PAIRED,False,False,NEITHER,AS-2025-10-14T07:30:00+00:00-be96e165fad1,1,ACTIVATED_WITHIN_1H,2025-10-14T08:47:00Z,,DESTINATION_REACHED,2025-10-14T09:46:00Z
1042,316b362386b7f246d67af814940f9d3a6332c1fdd24dc6275dab832b6456b3c9,2025-10-14T09:00:00Z,DOWN,True,AS-2025-10-14T07:30:00+00:00-be96e165fad1,111756.9,UP,DOWN,-0.0045760038082659773132576154134554555468163486997223,True,2025-10,PAIRED,True,False,MV_ONLY,AS-2025-10-14T07:30:00+00:00-be96e165fad1,2,ALREADY_ACTIVE_AT_CUTOFF,2025-10-14T08:47:00Z,,DESTINATION_REACHED,2025-10-14T09:46:00Z
1043,88894004167c043ffd0beacfb2f227abf757cc018584039391d499f0eadc6515,2025-10-14T10:00:00Z,UNCERTAIN,False,,111245.5,DOWN,DOWN,-0.0058573155768098484882534574432224224800104273880741,,2025-10,ABSTENTION,,,,,,,,,,
1044,32735d9c04c36109922ffb50128ce9042562a2b2b52aef0986a5c5158fc1bdff,2025-10-14T11:00:00Z,UNCERTAIN,False,,110593.9,DOWN,UP,0.0060319782555819082245946657094107360351701133606826,,2025-10,ABSTENTION,,,,,,,,,,
1045,9d994b43d897a3b093551ff303929f51a1eeb04353052788d50847144b77e4b3,2025-10-14T12:00:00Z,UNCERTAIN,False,,111261,UP,DOWN,-0.0045182049415338708082796307780803695814346446643478,,2025-10,ABSTENTION,,,,,,,,,,
1046,edd72c36da027e770408ff072edd82ca263244f6ef0187bcc3f227a1be502172,2025-10-14T13:00:00Z,UNCERTAIN,False,,110758.3,DOWN,UP,0.0019113691705271749385824809517661430339757833047275,,2025-10,ABSTENTION,,,,,,,,,,
1047,f94ca04b0e36e74cbf3959fc2434f4e531b04148a9effd3e76abd415ffe055fa,2025-10-14T14:00:00Z,UNCERTAIN,False,,110970,UP,UP,0.0036487338920428944759845003154005587095611426511670,,2025-10,ABSTENTION,,,,,,,,,,
1048,b4d065a26cd7b10712d9011125313814bc8ee9db13b8595d65a9c33421197491,2025-10-14T15:00:00Z,UNCERTAIN,False,,111374.9,UP,UP,0.013044231689545849199415667264347712096711197944959,,2025-10,ABSTENTION,,,,,,,,,,
1049,52948facf1ffba33f645cbc1b41402e0de229da16b14ee441918f99f8cc8e2c0,2025-10-14T16:00:00Z,UNCERTAIN,False,,112827.7,UP,DOWN,-0.0048551907022832159124044893231006215672215245015187,,2025-10,ABSTENTION,,,,,,,,,,
1050,e323aac9ceb2406768d68cd9acbdb781a7f057042bf9867995b63639fa6387ab,2025-10-14T17:00:00Z,BALANCED,False,,112279.9,DOWN,UP,0.0040007160676131703002941755380972017253310699421713,,2025-10,ABSTENTION,,,,,,,,,,
1051,813cf722f1e793eb9e377a29b34c7fb2943a0f08a9b2a02abb8241db726a9deb,2025-10-14T18:00:00Z,BALANCED,False,,112729.1,UP,UP,0.00068482760884279214506280986896905945314918685592274,,2025-10,ABSTENTION,,,,,,,,,,
1052,96a787bca2a5a786e8a77f094aa721e9a0a6d9d4b4c6fca1b320cea2905e597e,2025-10-14T19:00:00Z,UNCERTAIN,False,,112806.3,UP,DOWN,-0.0022383501630671336618610839997411492088651077111828,,2025-10,ABSTENTION,,,,,,,,,,
1053,eae8feab8c9877310737aca4fc06eaf302d883a675c616b604a349cb59ef43f6,2025-10-14T20:00:00Z,UNCERTAIN,False,,112553.8,DOWN,UP,0.0036080523269760772181836597253935451313060953961572,,2025-10,ABSTENTION,,,,,,,,,,
1054,6f5743d7529ae0641c61fdd97d8ae1a8481abbd753586d57aa158c56b45ee44e,2025-10-14T21:00:00Z,UNCERTAIN,False,,112959.9,UP,UP,0.00096760000672805128191508668120279851522531447000219,,2025-10,ABSTENTION,,,,,,,,,,
1055,0fde45af7edcf36de7c2207c44749cae142eacf1ad35448dada86308590a0ea6,2025-10-14T22:00:00Z,UNCERTAIN,False,,113069.2,UP,UP,0.00081189218637789955177891061403105354950773508612425,,2025-10,ABSTENTION,,,,,,,,,,
1056,a72da2da6b7bb73ba7e6340b5720468e3f70edb8ee9a67e000d6740b919d5e70,2025-10-14T23:00:00Z,UNCERTAIN,False,,113161,UP,DOWN,-0.0015818170571133164252701902598951935737577433921581,,2025-10,ABSTENTION,,,,,,,,,,
1057,11f970507829a824e3edcf196eaa7c70eaf7902160e7e17a276855de7ef6ef61,2025-10-15T00:00:00Z,BALANCED,False,,112982,DOWN,DOWN,-0.00036997043776884813510116655750473526756474482660955,,2025-10,ABSTENTION,,,,,,,,,,
1058,8116a0f288a9ca2cc51e8a5403e9e5ae202f1f515be8c64c74cc8fbda339ba3f,2025-10-15T01:00:00Z,UNCERTAIN,False,,112940.2,DOWN,DOWN,-0.0022339255641481066971724859704516195296271832350217,,2025-10,ABSTENTION,,,,,,,,,,
1059,5775dfa518ed664b6a63fb0b41e49d9d91fbba43d0d7b12628569dfaa1ab68d6,2025-10-15T02:00:00Z,BALANCED,False,,112687.9,DOWN,UP,0.00056350326876266218467111375755515898335136247991133,,2025-10,ABSTENTION,,,,,,,,,,
1060,12a2c34b42f62feff34e852efa4285acb99c52354447f85f57a3b6b62e73e275,2025-10-15T03:00:00Z,BALANCED,False,,112751.4,UP,DOWN,-0.0067564571260312510532020001525479949694637937976823,,2025-10,ABSTENTION,,,,,,,,,,
1061,7dd1c007dd21d6ce73ce97a074d630431ab0cf41db676bdc0cc85b977ca542bf,2025-10-15T04:00:00Z,UNCERTAIN,False,,111989.6,DOWN,UP,0.0028368705665526084564995320994092308571510211662512,,2025-10,ABSTENTION,,,,,,,,,,
1062,6d4bec20ba070ccd3789efb1925c2e6e57777bc309102bc90c2c7784932c09a7,2025-10-15T05:00:00Z,UNCERTAIN,False,,112307.3,UP,UP,0.00064198854393258496998859379577284824762059100343433,,2025-10,ABSTENTION,,,,,,,,,,
1063,cce1c01aa3b87835e0fdd51d2446b2c9f00e6193a98fbf4a5115ec63ec5d3f45,2025-10-15T06:00:00Z,UNCERTAIN,False,,112379.4,UP,UP,0.00025182551250496087361206769212150981407624529050698,,2025-10,ABSTENTION,,,,,,,,,,
1064,412f30b89976b68faab94d83aeb78629850344b390d70c97bc0d3d1e3f344b6f,2025-10-15T07:00:00Z,UNCERTAIN,False,,112407.7,UP,UP,0.0010061588307562560216070607262669728141399566043963,,2025-10,ABSTENTION,,,,,,,,,,
1065,bc20d46b060ea7eff815cf702615f0347f6eb0b13d1d751351efdfb22f319bab,2025-10-15T08:00:00Z,UNCERTAIN,False,,112520.8,UP,UP,0.0033771533796418084478603067166248373634030330392247,,2025-10,ABSTENTION,,,,,,,,,,
1066,f498b28b6e6016b5468e52bfac761999a4ece949520e015331b50340f6fc7a57,2025-10-15T09:00:00Z,UNCERTAIN,False,,112900.8,UP,DOWN,-0.0034959893995436701954281989144452475093179144877627,,2025-10,ABSTENTION,,,,,,,,,,
1067,a1f82c37f283e85ea048320652c10a74f8b5d3a5c1d7a558e53fa85deeb95b83,2025-10-15T10:00:00Z,UNCERTAIN,False,,112506.1,DOWN,DOWN,-0.0025065307569989538345031958267151736661389915746791,,2025-10,ABSTENTION,,,,,,,,,,
1068,ba5434b652db3a925c6d4374ec8fdb3b28aefba89c1628d0a20573d09568f78f,2025-10-15T11:00:00Z,UNCERTAIN,False,,112224.1,DOWN,DOWN,-0.0032533119000286034817833246156574211778040545658196,,2025-10,ABSTENTION,,,,,,,,,,
1069,ccda3494899a9468bfff3800f0bd93f15b5e0b2216134b39bacfc46ea8b0ac7a,2025-10-15T12:00:00Z,UNCERTAIN,False,,111859,DOWN,DOWN,-0.0017191285457584995395989594042499932951304767609222,,2025-10,ABSTENTION,,,,,,,,,,
1070,1ecacc3e3c065a4b67ab9c01b7147f5e014bae47943bd89adf5a8d26f33677f8,2025-10-15T13:00:00Z,UNCERTAIN,False,,111666.7,DOWN,DOWN,-0.0029310439011809250206193968300307970057322370948546,,2025-10,ABSTENTION,,,,,,,,,,
1071,f5f916c4b1ffe0e5495946df4d15c634a4ef866cebe47f87b8988d8690ac2aa8,2025-10-15T14:00:00Z,UNCERTAIN,False,,111339.4,DOWN,DOWN,-0.0028911598230276074776763661381325927748847218504860,,2025-10,ABSTENTION,,,,,,,,,,
1072,df54c493de8a7d711faf4a5e0f636be0d76826d014f2d132d073457fe54e2aca,2025-10-15T15:00:00Z,UNCERTAIN,False,,111017.5,DOWN,DOWN,-0.0024545679735176886526898912333641092620532798883059,,2025-10,ABSTENTION,,,,,,,,,,
1073,dcf96016cb6f84aabff426bdbd6e018a893fa0543a1c3f80ea1a878200a4c598,2025-10-15T16:00:00Z,UNCERTAIN,False,,110745,DOWN,DOWN,-0.00050927807124475145604767709603142354056616551537315,,2025-10,ABSTENTION,,,,,,,,,,
1074,d083df5a172bbc32f52d3fef694a59bc4b6ef6c6023164b8be244b804cafe82d,2025-10-15T17:00:00Z,UNCERTAIN,False,,110688.6,DOWN,UP,0.0038793516224796410831829113386563747305503909164991,,2025-10,ABSTENTION,,,,,,,,,,
1075,c4f9b151b5bd66d6281ad94440a1e0891e53c7e35a4389696575074c97e5aa88,2025-10-15T18:00:00Z,UNCERTAIN,False,,111118,UP,UP,0.0021922640796270631220864306413002393851581201965478,,2025-10,ABSTENTION,,,,,,,,,,
1076,613b037ffee276cf1bb1e816afc15e39e0a6608fedc1537823002dd601472ca2,2025-10-15T19:00:00Z,UNCERTAIN,False,,111361.6,UP,DOWN,-0.0014143115759831036910389218545710550135773911294378,,2025-10,ABSTENTION,,,,,,,,,,
1077,9791cbef85d014f519eb47c26f3e0fdfbb81ecaf0ef7a0088242f54fb60dda3d,2025-10-15T20:00:00Z,BALANCED,False,,111204.1,DOWN,DOWN,-0.0014172139336589208491413536011711798395922452499503,,2025-10,ABSTENTION,,,,,,,,,,
1078,e860720dd4b7e9955aa3edd7ab10166c8137af28dc301304fd4b6779256bc064,2025-10-15T21:00:00Z,UNCERTAIN,False,,111046.5,DOWN,DOWN,-0.0022332986631726348871868991818742598821214536252831,,2025-10,ABSTENTION,,,,,,,,,,
1079,6a15901a67ccdeaa7a23eadf5a289dcb57d139a9fff3b5efe4b582166f4b5f48,2025-10-15T22:00:00Z,UNCERTAIN,False,,110798.5,DOWN,DOWN,-0.0017400957594191257101856072058737257273338537976597,,2025-10,ABSTENTION,,,,,,,,,,
1080,2625cd0668bf26add0dd31e32c0d49720430721784d090f7a68aea5f81f173bd,2025-10-15T23:00:00Z,BALANCED,False,,110605.7,DOWN,UP,0.00098186621485149499528505312113209355394884712089883,,2025-10,ABSTENTION,,,,,,,,,,
1081,51a67a1a0a8f662ff9ae9f76fd315b28fdfa99e93ab6f9050f359734924b19ac,2025-10-16T00:00:00Z,UNCERTAIN,False,,110714.3,UP,DOWN,-0.0028731609195921394074658829076280119189662040043608,,2025-10,ABSTENTION,,,,,,,,,,
1082,9d246b75f93f6893b1b43476be787604c34c50cff45292e8c7b0144534242475,2025-10-16T01:00:00Z,UNCERTAIN,False,,110396.2,DOWN,UP,0.0078417554227410001431208682907563847306338442808720,,2025-10,ABSTENTION,,,,,,,,,,
1083,25e7fad73ebc13ec7e5215f2bb5f19104730c9dfd01d0f14035fc6413d7dacff,2025-10-16T02:00:00Z,BALANCED,False,,111261.9,UP,UP,0.0017858763871549919604105268739793226612164631378756,,2025-10,ABSTENTION,,,,,,,,,,
1084,a9624010988735c16f095618236441ad79f690f07712128f229ce3f11bdb9a8e,2025-10-16T03:00:00Z,UNCERTAIN,False,,111460.6,UP,DOWN,-0.0015889022668099759017984830514100946881678368858592,,2025-10,ABSTENTION,,,,,,,,,,
1085,5dd97ec44b51fd4c32aa8d72c52928961493effa8d0b1ab680628af3bbbd89cb,2025-10-16T04:00:00Z,BALANCED,False,,111283.5,DOWN,DOWN,-0.0032915930933157206593969456388413376646133523837766,,2025-10,ABSTENTION,,,,,,,,,,
1086,59163fa088afa58834177fa670ceacb89d710fdf1de6345bccb24506187faeb2,2025-10-16T05:00:00Z,UNCERTAIN,False,,110917.2,DOWN,DOWN,-0.00024522797185648393576469654841629611998860411189608,,2025-10,ABSTENTION,,,,,,,,,,
1087,1931040dc66a776b99a60eb59df1fe04e051214f84197d308725143572e365c4,2025-10-16T06:00:00Z,UNCERTAIN,False,,110890,DOWN,UP,0.0064487329786274686626386509153214897646316169176662,,2025-10,ABSTENTION,,,,,,,,,,
1088,1080d24e424f20668181208b5db005094a1b0649377a138946e5b19ae2a16f1f,2025-10-16T07:00:00Z,UNCERTAIN,False,,111605.1,UP,DOWN,-0.0097961473086803380849083061616359825850252363019253,,2025-10,ABSTENTION,,,,,,,,,,
1089,6a3f917c86b5031d5d508ea43e264fff01b781f3971c0669f668c80eb4ec7ff1,2025-10-16T08:00:00Z,UNCERTAIN,False,,110511.8,DOWN,UP,0.0022214822308567953829364828009316652158412042876869,,2025-10,ABSTENTION,,,,,,,,,,
1090,2d40f43390b6f5851b5d4e3f2c60f38f84bf26d1adc6ec3da5ca566f7d87143d,2025-10-16T09:00:00Z,BALANCED,False,,110757.3,UP,UP,0.0031275590863988197617673959188243122575216261140349,,2025-10,ABSTENTION,,,,,,,,,,
1091,41f3638a24f8e92791a69a6d80962cd8a50b3c3a520a1506523fb741ff295747,2025-10-16T10:00:00Z,UNCERTAIN,False,,111103.7,UP,UP,0.0029008934895957560369276630751271109783022527602591,,2025-10,ABSTENTION,,,,,,,,,,
1092,45bb55a2ff4448c4938523be2c7a5e37084a39165ad021023be3f719f2ef83c9,2025-10-16T11:00:00Z,UNCERTAIN,False,,111426,UP,DOWN,-0.00057796205553461490136951878376680487498429450936047,,2025-10,ABSTENTION,,,,,,,,,,
1093,f70cdaf8e4b012e55ac47ec995185041f3d08c1fe1fe5ef01fcc710674f7007d,2025-10-16T12:00:00Z,BALANCED,False,,111361.6,DOWN,UP,0.00094467033519633338601456875619603166621169236074194,,2025-10,ABSTENTION,,,,,,,,,,
1094,1c1c66dc3aae259c6820aeccfabf819d97845c87e50322cab9da009377bb2790,2025-10-16T13:00:00Z,UNCERTAIN,False,,111466.8,UP,DOWN,-0.0059407823674852063574086633867662837723878320719712,,2025-10,ABSTENTION,,,,,,,,,,
1095,bd28f09898690e213ff37589cdb76e2bbc70fffb2051135b2797fa41eecf172e,2025-10-16T14:00:00Z,UNCERTAIN,False,,110804.6,DOWN,DOWN,-0.0030838069899625105816906518321441528600798161809167,,2025-10,ABSTENTION,,,,,,,,,,
1096,4758c9b5d76d899f06fa9affdfbe32f52459a3ceb283c8f1dae764b4da23d8ab,2025-10-16T15:00:00Z,UNCERTAIN,False,,110462.9,DOWN,DOWN,-0.017862105738668820029168164152851319311732717500627,,2025-10,ABSTENTION,,,,,,,,,,
1097,6d339e433d8c68c9e68fa5ba1be6e27b958eab1a676660cce71cfa2ba96a6700,2025-10-16T16:00:00Z,UNCERTAIN,False,,108489.8,DOWN,UP,0.0062706355804877509222065115798904597482897009672799,,2025-10,ABSTENTION,,,,,,,,,,
1098,014808cfb7283fb975cfb0550ab7a624a0e23e6dd5f391c7dd3b3d4ada0a01b7,2025-10-16T17:00:00Z,UNCERTAIN,False,,109170.1,UP,DOWN,-0.0087496484843377444923106235132146988964927209922863,,2025-10,ABSTENTION,,,,,,,,,,
1099,dd8151bbb9898c6e4d0b18f4d96e5b7fd4ac572a73a89ec01d8ae6c06f3add57,2025-10-16T18:00:00Z,UNCERTAIN,False,,108214.9,DOWN,UP,0.0034551619046914981208687528242413937452236244731548,,2025-10,ABSTENTION,,,,,,,,,,
1100,391d96317fb66c82d6146eb2c8b227a0110165687873ab80c8912a043952d8ba,2025-10-16T19:00:00Z,DOWN,True,AS-2025-10-16T18:15:00+00:00-2a20219c4b10,108588.8,UP,DOWN,-0.0040814522308009665821889550303530382507219897447987,True,2025-10,PAIRED,True,False,MV_ONLY,AS-2025-10-16T18:15:00+00:00-2a20219c4b10,1,ACTIVATED_WITHIN_1H,2025-10-16T19:20:00Z,,DESTINATION_REACHED,2025-10-16T20:34:00Z
1101,68de888f6a6eea4117f014574f26e7ae6f1cff0c7d615510d58aa2e75f87ae65,2025-10-16T20:00:00Z,DOWN,True,AS-2025-10-16T18:15:00+00:00-2a20219c4b10,108145.6,DOWN,DOWN,-0.0032955571007974434466127147105383852879821277980796,True,2025-10,PAIRED,True,True,BOTH,AS-2025-10-16T18:15:00+00:00-2a20219c4b10,2,ALREADY_ACTIVE_AT_CUTOFF,2025-10-16T19:20:00Z,,DESTINATION_REACHED,2025-10-16T20:34:00Z
1102,0d2a11bdb7a0f0dea77f6fc6d7428d3910aeed859f2ca47eb5ccb777c83d9f10,2025-10-16T21:00:00Z,UNCERTAIN,False,,107789.2,DOWN,UP,0.0054588029227417960240914674197414954373907589999740,,2025-10,ABSTENTION,,,,,,,,,,
1103,9cb752906f2935bbae2dd84fc2edf25630e67d21da7d341bb401002afe8e8142,2025-10-16T22:00:00Z,UNCERTAIN,False,,108377.6,UP,DOWN,-0.0057770240344868312271170426361166883193575056100154,,2025-10,ABSTENTION,,,,,,,,,,
1104,dcafcbf93182733455bbb5e66bd7ab5df0aec2bf759c66bc7f50ea4c90715d8f,2025-10-16T23:00:00Z,UNCERTAIN,False,,107751.5,DOWN,UP,0.0036064463139724272979958515658714727869217597898869,,2025-10,ABSTENTION,,,,,,,,,,
1105,915f1477e03f209a02eb4094d1de4c63a2934188396b80bf644682f48bb27ea8,2025-10-17T00:00:00Z,BALANCED,False,,108140.1,UP,UP,0.0055243152170194035330094941654390924365707078132904,,2025-10,ABSTENTION,,,,,,,,,,
1106,7bd6aaf4dabdf38ec191430961ad3d0aa7dfff99430ad49d5f50f8c96959d480,2025-10-17T01:00:00Z,UNCERTAIN,False,,108737.5,UP,UP,0.00035130474767214622370387400850672491090929991953098,,2025-10,ABSTENTION,,,,,,,,,,
1107,3f2fded4432ac0cdc2850a901e6b41d4f2e8eb33eb7e3b9b239ffc9feeae4724,2025-10-17T02:00:00Z,UNCERTAIN,False,,108775.7,UP,UP,0.0012668270578814937527407316156090009073717751299233,,2025-10,ABSTENTION,,,,,,,,,,
1108,6790414094091f32a27a4d860274a9a81b4dababceb85cc58fda1ece38a2a407,2025-10-17T03:00:00Z,BALANCED,False,,108913.5,UP,UP,0.0018721278813002979428629141474656493455815853865682,,2025-10,ABSTENTION,,,,,,,,,,
1109,204b010870bcef897f1d7c280f253993a926b64bd5d50b7780ec2a407589080c,2025-10-17T04:00:00Z,UNCERTAIN,False,,109117.4,UP,DOWN,-0.0035503045343822341807997624576831925980641034335496,,2025-10,ABSTENTION,,,,,,,,,,
1110,1c9396510ac12319fed1e1592b3724e0db45a24fbc7574c43be61964b59ebcb5,2025-10-17T05:00:00Z,BALANCED,False,,108730,DOWN,DOWN,-0.0036567644624298721603973144486342315828198289340568,,2025-10,ABSTENTION,,,,,,,,,,
1111,091df9b73b81d035d6514432b6962da09ab2e576301458357e5b914c732e8f4a,2025-10-17T06:00:00Z,UNCERTAIN,False,,108332.4,DOWN,DOWN,-0.014905974574550180740018683237886357174769505706511,,2025-10,ABSTENTION,,,,,,,,,,
1112,4b90171e8ea9ea8d6bef9204581e616e2ab7e3e27d02db4f16afff361116b5ff,2025-10-17T07:00:00Z,UNCERTAIN,False,,106717.6,DOWN,DOWN,-0.010703951363224060511105946910350307728059851420946,,2025-10,ABSTENTION,,,,,,,,,,
1113,5008de07b3cde466afa906743ab99e2fa6d5ff43651c4d2ce7969f7558b81bdd,2025-10-17T08:00:00Z,UNCERTAIN,False,,105575.3,DOWN,DOWN,-0.0070650995071763944786327862672424326523344001864072,,2025-10,ABSTENTION,,,,,,,,,,
1114,d9a0ac4796de44a0e3b4b741d4571928f045bbc6ac24d1c49f0a786de65b82e4,2025-10-17T09:00:00Z,UNCERTAIN,False,,104829.4,DOWN,DOWN,-0.0034398746916418485653833752744936058014259358538731,,2025-10,ABSTENTION,,,,,,,,,,
1115,ce6d0fb1e55fa65ab3d32ac075302a25ec941fa5824c6e91424131c3de366cdf,2025-10-17T10:00:00Z,UNCERTAIN,False,,104468.8,DOWN,UP,0.0023490266950515369181995007121743525339622930482594,,2025-10,ABSTENTION,,,,,,,,,,
1116,bab02d6e99da8d2564113e67e71efb347f5fb6dbb323bcd93df9b0e2a508c81b,2025-10-17T11:00:00Z,UNCERTAIN,False,,104714.2,UP,UP,0.0087724491998219916687517070273181669725786951530929,,2025-10,ABSTENTION,,,,,,,,,,
1117,6749d9ef6232f5819ffa006a56ec4e62635e1ca8953b21587e3f2234a25c8541,2025-10-17T12:00:00Z,UNCERTAIN,False,,105632.8,UP,DOWN,-0.0031240296574548814383411213183783824721109352398119,,2025-10,ABSTENTION,,,,,,,,,,
1118,a8570cc8abd427a7227a895674f7c647d468aece8eb76881c8bda0b32f92dee9,2025-10-17T13:00:00Z,UNCERTAIN,False,,105302.8,DOWN,UP,0.0045535351386667780913707897605761670155019619611254,,2025-10,ABSTENTION,,,,,,,,,,
1119,c5beb93c4dbe92168d9980d490b816b98d68da269e9bc458ad1325b610c684fb,2025-10-17T14:00:00Z,UNCERTAIN,False,,105782.3,UP,DOWN,-0.0062609718260994514205117491300529483665981927033162,,2025-10,ABSTENTION,,,,,,,,,,
1120,01e4796cbf449edf7d76b8d35f69b1a350dba3b028c1eeceb704b6985d58375b,2025-10-17T15:00:00Z,UNCERTAIN,False,,105120,DOWN,UP,0.015316780821917808219178082191780821917808219178082,,2025-10,ABSTENTION,,,,,,,,,,
1121,213be96f1b001b29f21fdc2cdf868a115df6326d093b3e8fd6b9b48c818dee56,2025-10-17T16:00:00Z,UNCERTAIN,False,,106730.1,UP,DOWN,-0.0038424024712803604606385640039688897508762757647561,,2025-10,ABSTENTION,,,,,,,,,,
1122,4f3022f584d89037f99866342980880ecc0e3fa5b8239a9ed1842dc6a7d1a30b,2025-10-17T17:00:00Z,UNCERTAIN,False,,106320,DOWN,UP,0.00067814145974416854778028592927012791572610985703536,,2025-10,ABSTENTION,,,,,,,,,,
1123,723074d0236c2e6a0c34339230d7d4fc084b97add57952df72c1ea926223b25e,2025-10-17T18:00:00Z,UNCERTAIN,False,,106392.1,UP,UP,0.0018347226908764842502403843894424492044052142969262,,2025-10,ABSTENTION,,,,,,,,,,
1124,93a5ae1cdabfe7d185aca7a74ddc1b64a9c9d1d47ac233d64e1da04a03b8ceeb,2025-10-17T19:00:00Z,UNCERTAIN,False,,106587.3,UP,DOWN,-0.0017009531154274477353305694017955234816905954086462,,2025-10,ABSTENTION,,,,,,,,,,
1125,5aea1f5965a9e8dc63284f6c4a8c22123c57e3a18dbb62d4d8666b48b466a1fd,2025-10-17T20:00:00Z,UNCERTAIN,False,,106406,DOWN,UP,0.0052722590831344097137379471082457756141570964043381,,2025-10,ABSTENTION,,,,,,,,,,
1126,fc5a335fd0bb165277d379253f9da7d477b8a602b3bd8a68ec79f8aca8019be8,2025-10-17T21:00:00Z,UNCERTAIN,False,,106967,UP,UP,0.0024886179849860237269438237961240382547888601157366,,2025-10,ABSTENTION,,,,,,,,,,
1127,0af2854102ef88b49f5ed3deb4766331002e0edaabd0649609ddddfe8466b786,2025-10-17T22:00:00Z,UNCERTAIN,False,,107233.2,UP,DOWN,-0.0027780575418806862053916137912512169738476516601202,,2025-10,ABSTENTION,,,,,,,,,,
1128,173edc2add8072338e52dce39b01d2a6bfad1c520f6b525c8aa82ad809a63e63,2025-10-17T23:00:00Z,UNCERTAIN,False,,106935.3,DOWN,DOWN,-0.0052312005483689670295964008143241754593665515503300,,2025-10,ABSTENTION,,,,,,,,,,
1129,66ade565b67833b761eb164ca96a154bc46fc802d3acf386b1ff14087a37dcc8,2025-10-18T00:00:00Z,UNCERTAIN,False,,106375.9,DOWN,UP,0.0038927990268472464157765057686938488887050544343221,,2025-10,ABSTENTION,,,,,,,,,,
1130,01a16ebd5c07a06b92a682bb4f6f0ca24abd9d3e635d9be6402943b92e043b56,2025-10-18T01:00:00Z,BALANCED,False,,106790,UP,UP,0.0028195523925461185504260698567281580672347598089709,,2025-10,ABSTENTION,,,,,,,,,,
1131,2247451cd637045c78ff89ebe914e377f5ff1cceb1a846ac1111458f11e08e89,2025-10-18T02:00:00Z,UNCERTAIN,False,,107091.1,UP,DOWN,-0.0052011791829573139131076251901418511902483026133824,,2025-10,ABSTENTION,,,,,,,,,,
1132,dfe6337e3889b8979705fd43fe7e5b041a7729c9da2ae23fc92f12af2f706f00,2025-10-18T03:00:00Z,UNCERTAIN,False,,106534.1,DOWN,UP,0.0046567249359594721314583781155517341395853534220498,,2025-10,ABSTENTION,,,,,,,,,,
1133,6934938ac426fb1911d1571086bfd866e7ab0c86465b0bbfc75932d4cad999ef,2025-10-18T04:00:00Z,BALANCED,False,,107030.2,UP,DOWN,-0.0055825365177305097066061728371992204069505616171884,,2025-10,ABSTENTION,,,,,,,,,,
1134,2b6d2bf685f39c332550702e1c7cc1084eca8204a976183eb07bc33cbf3ee0c5,2025-10-18T05:00:00Z,UNCERTAIN,False,,106432.7,DOWN,UP,0.0031559849557513809195858039869325874472788907920216,,2025-10,ABSTENTION,,,,,,,,,,
1135,8564d5d6eda5ed58f942306fa7a1471c833fc10dbdfbabd32fd1c09239d7cebd,2025-10-18T06:00:00Z,BALANCED,False,,106768.6,UP,UP,0.00035403667370369190941906140944060332344902902164119,,2025-10,ABSTENTION,,,,,,,,,,
1136,b220d940d1e76d96f2da2705a804ecda35ee20efc8046f16bc0ec2236269faa3,2025-10-18T07:00:00Z,UNCERTAIN,False,,106806.4,UP,DOWN,-0.0015111453995266201276328010306498486982053509902028,,2025-10,ABSTENTION,,,,,,,,,,
1137,1fb8159b596d0f155b849398e106cf57f41d81ffb0ef9861984917407f86af5f,2025-10-18T08:00:00Z,BALANCED,False,,106645,DOWN,UP,0.00032819166393173613390219888414834263209714473252379,,2025-10,ABSTENTION,,,,,,,,,,
1138,501adceeec536d9c36d403701881406a3d44ae363f105d02e8137a25b2fa7309,2025-10-18T09:00:00Z,BALANCED,False,,106680,UP,UP,0.0015232470941132358455193100862392200974878140232471,,2025-10,ABSTENTION,,,,,,,,,,
1139,a3a0b5dcbeec35f267d47760835001d58792e1d4dd379c9590b813d891074c4e,2025-10-18T10:00:00Z,UNCERTAIN,False,,106842.5,UP,UP,0.00023024545475817207571893207291106067342115731099516,,2025-10,ABSTENTION,,,,,,,,,,
1140,19fef900056eb5f2d0a8d10ae9113e8411cc6caa8d55e2a8a28af8c747009ea7,2025-10-18T11:00:00Z,BALANCED,False,,106867.1,UP,UP,0.0026219481954689516230907360637651812391278513218755,,2025-10,ABSTENTION,,,,,,,,,,
1141,ea99c34c0b6ec3b8adba58ddaed6ca1b91e554a53710a36fe6770dd3f9d5d466,2025-10-18T12:00:00Z,BALANCED,False,,107147.3,UP,DOWN,-0.0014447400914442081135035600523764947880161235980748,,2025-10,ABSTENTION,,,,,,,,,,
1142,6823c87c85f5f26e2081eb630e4fec3a34a3c4dc66374297989b515f50bf9160,2025-10-18T13:00:00Z,UNCERTAIN,False,,106992.5,DOWN,DOWN,-0.0014786083136668458069490852162534757109143164240484,,2025-10,ABSTENTION,,,,,,,,,,
1143,88e8a6774c85ee0dee6b76080ab0d409ff3f612d35df0ddaf74a208cb93d0609,2025-10-18T14:00:00Z,UNCERTAIN,False,,106834.3,DOWN,UP,0.0012795516046812680946100643707124022902756886131140,,2025-10,ABSTENTION,,,,,,,,,,
1144,1e345a9912fc4d564001ee8ca391146afad3fe88fb10ad25c29f8eab383d3bc5,2025-10-18T15:00:00Z,BALANCED,False,,106971,UP,DOWN,-0.00080863037645717063503192454029596806611137598040590,,2025-10,ABSTENTION,,,,,,,,,,
1145,a8606fd56e0d7a25d5e02a4fa38cb3263f9e4ecf8fdc57df3bc4e4f47ab010fe,2025-10-18T16:00:00Z,BALANCED,False,,106884.5,DOWN,DOWN,-0.0026392975595151775982485767346996056490885020746694,,2025-10,ABSTENTION,,,,,,,,,,
1146,729adfb98046406d7fd8960fae3118f6b2728fd35527c47066ba8d2993fb9231,2025-10-18T17:00:00Z,UNCERTAIN,False,,106602.4,DOWN,UP,0.0020693717965073957059128124695128815111104440425356,,2025-10,ABSTENTION,,,,,,,,,,
1147,aeb30ebea961a1865c86e73b0c0f0a7b0cf3f5ffcf4af9193db35eb70601e579,2025-10-18T18:00:00Z,BALANCED,False,,106823,UP,DOWN,-0.00038194021886672345843123671868417850088464094811043,,2025-10,ABSTENTION,,,,,,,,,,
1148,6177813f46d501032b9702e26d753a04ce568bcdab74e317d07012052719907d,2025-10-18T19:00:00Z,BALANCED,False,,106782.2,DOWN,UP,0.0020949184414630902903292870909196476566319105618727,,2025-10,ABSTENTION,,,,,,,,,,
1149,7771313d9b84ff226e34a30233b0a7921983ba7826d72ae79d7629f9aff28248,2025-10-18T20:00:00Z,UNCERTAIN,False,,107005.9,UP,DOWN,-0.00055791316179762050503757269458973757521781509243883,,2025-10,ABSTENTION,,,,,,,,,,
1150,b3dc5467ae6520fb251086bb7a3e747844c803ddfac8771334a43a692cb68dd7,2025-10-18T21:00:00Z,BALANCED,False,,106946.2,DOWN,UP,0.0014895339899874890365436079075273361746373410181942,,2025-10,ABSTENTION,,,,,,,,,,
1151,7a4f5876c7541dead81bb6babe6e030e924c3c38efe585b9428bbaa51c0f305d,2025-10-18T22:00:00Z,BALANCED,False,,107105.5,UP,DOWN,-0.00040707526690972919224502943359584708535042551502957,,2025-10,ABSTENTION,,,,,,,,,,
1152,14e75bc23b961f5dd6e1a6d1c03be9b8385d20a67fd82bd6f09b12bc59d8dea6,2025-10-18T23:00:00Z,BALANCED,False,,107061.9,DOWN,UP,0.00053053420497861517495953275628398150976210958333450,,2025-10,ABSTENTION,,,,,,,,,,
1153,7f23195cb6855ff86c0565fd99cf335e081ec603dad054fb555d161f833488ec,2025-10-19T00:00:00Z,BALANCED,False,,107118.7,UP,DOWN,-0.0026139226857682178741900340463429821310378113251935,,2025-10,ABSTENTION,,,,,,,,,,
1154,40d0fbc3e0b2f0eccc2f9311c7f14019fe44af01d216ea7baf0584fc7959cf2d,2025-10-19T01:00:00Z,BALANCED,False,,106838.7,DOWN,UP,0.00079184789781230958444833192466774679961474634191543,,2025-10,ABSTENTION,,,,,,,,,,
1155,7fc136ad79d422636ed9a12bfbe7573c7968dddbba174718e1b032b2d9065654,2025-10-19T02:00:00Z,BALANCED,False,,106923.3,UP,DOWN,-0.0011353933146470413838704940831418409270944686518280,,2025-10,ABSTENTION,,,,,,,,,,
1156,92f09a87b230056227cf0f952b703762e127216ccd1ea752aff6a0e0330f2049,2025-10-19T03:00:00Z,UNCERTAIN,False,,106801.9,DOWN,UP,0.0038660360911182291700803075600714968553930220342522,,2025-10,ABSTENTION,,,,,,,,,,
1157,15668ff0fb45bfedf119962a8bb36fb54fa40a89db8f951efe1d352c01ce3c06,2025-10-19T04:00:00Z,UNCERTAIN,False,,107214.8,UP,DOWN,-0.0021993232277633311818890675541063360655431899327332,,2025-10,ABSTENTION,,,,,,,,,,
1158,200e67e50534f914c47195d4ada49fcc8ab18f204cab6e512a884bcef3c92041,2025-10-19T05:00:00Z,BALANCED,False,,106979,DOWN,DOWN,-0.0013339066545770665270754073229325381616952859907085,,2025-10,ABSTENTION,,,,,,,,,,
1159,d1e8fa7f0d761b15e8b3b55c0a89a89e51427065c96624d88a9962bd3ad0148a,2025-10-19T06:00:00Z,UNCERTAIN,False,,106836.3,DOWN,DOWN,-0.0010689250750915185194545299678105662588464782101215,,2025-10,ABSTENTION,,,,,,,,,,
1160,869b1db45c756f6a18743848aa0a75ba45be8117bfe6294ad8bb1ab8322b85af,2025-10-19T07:00:00Z,UNCERTAIN,False,,106722.1,DOWN,UP,0.00013680390472076542721704314289167848083948872820156,,2025-10,ABSTENTION,,,,,,,,,,
1161,7c08a5372db34b33bf11a13fbb99f2381e553ae7f72cd33c9da86a578f0dc1c6,2025-10-19T08:00:00Z,UNCERTAIN,False,,106736.7,UP,DOWN,-0.0031338799119702970018747066379230386549331204730894,,2025-10,ABSTENTION,,,,,,,,,,
1162,fd9c96c62fcf0ddd070f5f8b23492e76c9f680a54a773b8560ec868e52374681,2025-10-19T09:00:00Z,UNCERTAIN,False,,106402.2,DOWN,UP,0.0088804554793039993533968282610697899103589963365419,,2025-10,ABSTENTION,,,,,,,,,,
1163,d4eee6e5435ebd2d56bf1a5f83d21ab39088f9592e721a9abfe3a74130a384d7,2025-10-19T10:00:00Z,UNCERTAIN,False,,107347.1,UP,UP,0.0044332823150322644952681534945983636260318164160932,,2025-10,ABSTENTION,,,,,,,,,,
1164,ff3faeeb76e624ecb01a30d77918a5191d847ad679e8adac139797a068a4ed1d,2025-10-19T11:00:00Z,UNCERTAIN,False,,107823,UP,DOWN,-0.00090054997542268347198649638759819333537371432811181,,2025-10,ABSTENTION,,,,,,,,,,
1165,7e594f1e8d7ee466e6def76c221e79dfe6546586c8d03e3bf18964f7ef9838f7,2025-10-19T12:00:00Z,BALANCED,False,,107725.9,DOWN,DOWN,-0.00088279605925780151291379324749201445520529417716631,,2025-10,ABSTENTION,,,,,,,,,,
1166,3a0465b6906da750ef1af8dfa692251b5d8c41121ff8b8e162c3f3735e467eb0,2025-10-19T13:00:00Z,UNCERTAIN,False,,107630.8,DOWN,UP,0.0038018857055787005206688048402501886077219531955537,,2025-10,ABSTENTION,,,,,,,,,,
1167,ddba9cb95611ead7e2bf2ccca7731c08a0d21a96102977c34ca75f0c485e1b81,2025-10-19T14:00:00Z,UNCERTAIN,False,,108040,UP,UP,0.0029294705664568678267308404294705664568678267308404,,2025-10,ABSTENTION,,,,,,,,,,
1168,975eaba272abde520603ff966ea755a99361c93e79af97beb499cedb6158afb4,2025-10-19T15:00:00Z,UNCERTAIN,False,,108356.5,UP,UP,0.00058602852620747255586882189808640921402961520536378,,2025-10,ABSTENTION,,,,,,,,,,
1169,41bab1f76d5e2afa1ac3f52f0348748ba163501aa95352e0e911b541a0292753,2025-10-19T16:00:00Z,UNCERTAIN,False,,108420,UP,UP,0.0014047223759453975281313410809813687511529238147943,,2025-10,ABSTENTION,,,,,,,,,,
1170,1231a1418d0f85287d2faf977855c7d5d535676362c75f60e21f349b4bacac68,2025-10-19T17:00:00Z,UNCERTAIN,False,,108572.3,UP,UP,0.0044514116399855211688432500739138804280649852678814,,2025-10,ABSTENTION,,,,,,,,,,
1171,9f423da922b2f4fbf006c17b9f561ca4d12fc4fce36cd0450282d1d146002a87,2025-10-19T18:00:00Z,UNCERTAIN,False,,109055.6,UP,UP,0.0025179816533951488965261756388484406119447327785093,,2025-10,ABSTENTION,,,,,,,,,,
1172,885addd1722e0a2a4b9248932ec51550a5ec59ee40d2883c2bfa91f659088c12,2025-10-19T19:00:00Z,UNCERTAIN,False,,109330.2,UP,DOWN,-0.0043409780646152664131228151050670354577234835388575,,2025-10,ABSTENTION,,,,,,,,,,
1173,129e888ca1293c292e579656456caeb2c254c1cef4a4c7979df8fa9376c90ec5,2025-10-19T20:00:00Z,UP,True,AL-2025-10-19T18:15:00+00:00-5a81bc5b72f3,108855.6,DOWN,DOWN,-0.00059528402764763595074575860130301059385093646996572,True,2025-10,PAIRED,False,True,PERSISTENCE_ONLY,AL-2025-10-19T18:15:00+00:00-5a81bc5b72f3,1,ACTIVATED_WITHIN_1H,2025-10-19T20:08:00Z,,INVALIDATED,2025-10-19T21:13:00Z
1174,f9a4f35bc60fe0b6b0a9a6aec275949bac5749265dfb4e289665062e86e6e1f5,2025-10-19T21:00:00Z,UP,True,AL-2025-10-19T18:15:00+00:00-5a81bc5b72f3,108790.8,DOWN,DOWN,-0.00082635664045121462476606477753633579310015185107564,True,2025-10,PAIRED,False,True,PERSISTENCE_ONLY,AL-2025-10-19T18:15:00+00:00-5a81bc5b72f3,2,ALREADY_ACTIVE_AT_CUTOFF,2025-10-19T20:08:00Z,,INVALIDATED,2025-10-19T21:13:00Z
1175,5503dd4684470d10fe751039d73fa097c890da4b91452ca358ca90f36bc289ef,2025-10-19T22:00:00Z,UNCERTAIN,False,,108700.9,DOWN,UP,0.0035951864243994299955198163032688781785615390488947,,2025-10,ABSTENTION,,,,,,,,,,
1176,60759eb6d2f3d7c1bae654635a12c8cabb34793683a10eb8942c2d149efd2080,2025-10-19T23:00:00Z,UNCERTAIN,False,,109091.7,UP,DOWN,-0.0046126332250757848672263792754169198939974351852616,,2025-10,ABSTENTION,,,,,,,,,,
1177,4aa6d8d8e0aff14e090a45b2308ce698578d9b9b1f825298c461ead8ff4e549f,2025-10-20T00:00:00Z,UNCERTAIN,False,,108588.5,DOWN,DOWN,-0.0053173218158460610469801129953908563061465993176073,,2025-10,ABSTENTION,,,,,,,,,,
1178,1d94b3720f5e61adecd488563270a48422bdaf398d783dea3b144dbe5dd8d628,2025-10-20T01:00:00Z,UNCERTAIN,False,,108011.1,DOWN,DOWN,-0.000064808153976767202630100054531432417594117641612760,,2025-10,ABSTENTION,,,,,,,,,,
1179,8cfc983e1b4cf6589fc9bc23684d5e6dfbea12caeed87a61cc97636d270fbba4,2025-10-20T02:00:00Z,UNCERTAIN,False,,108004.1,DOWN,UP,0.0065941941092977025872165964069882532237202106216338,,2025-10,ABSTENTION,,,,,,,,,,
1180,e5571acfcfc9b60b847ddced5f40a541bd86e1abddffa0fb322300fbc6d7f9da,2025-10-20T03:00:00Z,UNCERTAIN,False,,108716.3,UP,UP,0.012634719908606161173623458487825652639024690869722,,2025-10,ABSTENTION,,,,,,,,,,
1181,8cffc3232e35a5e93c848452c668f64ef44d087471fb077b4ba072e3f0b82361,2025-10-20T04:00:00Z,UNCERTAIN,False,,110089.9,UP,UP,0.0025170338060076355778322988757370112971307994648010,,2025-10,ABSTENTION,,,,,,,,,,
1182,6917b9c514f3d65194ba0d0b2514a54f4aac5b709e5a0a83b2e9270a9f502f89,2025-10-20T05:00:00Z,UNCERTAIN,False,,110367,UP,UP,0.0054001649043645292524033452028233076916107169715585,,2025-10,ABSTENTION,,,,,,,,,,
1183,01c58514f62469d6094ae2a772a7beba5c651d9eae4a68458928064d1439e307,2025-10-20T06:00:00Z,UNCERTAIN,False,,110963,UP,UP,0.0023512341951821778430648053855789767760424646053189,,2025-10,ABSTENTION,,,,,,,,,,
1184,b6b17205a6d28eca0c7b22f516cfdaa8d8bbe7ef897a18e5c8a44a984ace4c5b,2025-10-20T07:00:00Z,UNCERTAIN,False,,111223.9,UP,DOWN,-0.00068240728836158415592332223559864381666170670152728,,2025-10,ABSTENTION,,,,,,,,,,
1185,56db64432b5889427eecc1cdb668dbf5dc6cd1b1cf95cb1a200f9dac0f5e28ba,2025-10-20T08:00:00Z,UNCERTAIN,False,,111148,DOWN,DOWN,-0.00088530607838197718357505308237665095188397452045921,,2025-10,ABSTENTION,,,,,,,,,,
1186,a542f640a349533758224b3eb35a4758f8b887060693e81e0c0cf41017538369,2025-10-20T09:00:00Z,UNCERTAIN,False,,111049.6,DOWN,DOWN,-0.0010923046998818545947036279284211739619053107800478,,2025-10,ABSTENTION,,,,,,,,,,
1187,84fc5240a694bfbefaa485c587629ae82de69b5f1bf5855a2ca1ef09f8035605,2025-10-20T10:00:00Z,UNCERTAIN,False,,110928.3,DOWN,DOWN,-0.0019679378481415472877525392528326856176467141387725,,2025-10,ABSTENTION,,,,,,,,,,
1188,b479772a653ffddc43491d9650c2fd1c3fea34266202addebade353729d29a05,2025-10-20T11:00:00Z,UNCERTAIN,False,,110710,DOWN,UP,0.0023999638695691446120494986902718814921867943275224,,2025-10,ABSTENTION,,,,,,,,,,
1189,e9d31bcf223f54656932eb941c4e19f1f770e6fd2e2903abc8b8397bdfa2a84a,2025-10-20T12:00:00Z,UNCERTAIN,False,,110975.7,UP,DOWN,-0.0015228559044908029415448607217616108751735740346761,,2025-10,ABSTENTION,,,,,,,,,,
1190,5f8d24e317d9a66f870c029b0eda2e9c1b628765a5e341b08fc5c9f5e6653cd9,2025-10-20T13:00:00Z,BALANCED,False,,110806.7,DOWN,UP,0.0027128323467804744658942103681456085236723050140470,,2025-10,ABSTENTION,,,,,,,,,,
1191,a5f89c99c66e62c6aee2daa652084fff8e4fbc9532219c858347411e8072c589,2025-10-20T14:00:00Z,BALANCED,False,,111107.3,UP,UP,0.00048601667037179375252571163190897447782458938341585,,2025-10,ABSTENTION,,,,,,,,,,
1192,d5b9b66bc41044d6fb76a2f7eddc54cfb7cd7f3e98f619c80bd1e5d870f4133b,2025-10-20T15:00:00Z,UNCERTAIN,False,,111161.3,UP,DOWN,-0.00061892043364012475564787385537952506852654655891934,,2025-10,ABSTENTION,,,,,,,,,,
1193,e9b5421e4f6b7c5c0cef26ebe32dd610189b605c7a64703c97b903999b65d2a5,2025-10-20T16:00:00Z,BALANCED,False,,111092.5,DOWN,DOWN,-0.0041631973355537052456286427976686094920899250624480,,2025-10,ABSTENTION,,,,,,,,,,
1194,2d68e1d9230d76df2e2be9625dc1d7f4cabc70faa97ee2421ed84939110ad3e0,2025-10-20T17:00:00Z,UNCERTAIN,False,,110630,DOWN,DOWN,-0.0035044743740395914308957787218656783874175178523005,,2025-10,ABSTENTION,,,,,,,,,,
1195,37b734543d4eb4ed34fc7fb0ccf833fe7673b2b766823a1a2d43b09448815fad,2025-10-20T18:00:00Z,UNCERTAIN,False,,110242.3,DOWN,UP,0.0057391763415676196886313148401294240051232603093368,,2025-10,ABSTENTION,,,,,,,,,,
1196,5bd729d7f0a92b06fd8eb8682ed29ba829b5f2214e7980ab1cc93198bfb27272,2025-10-20T19:00:00Z,UNCERTAIN,False,,110875,UP,DOWN,-0.0011273957158962795941375422773393461104847801578354,,2025-10,ABSTENTION,,,,,,,,,,
1197,d345e7cac6d81cd70d9716f790f0fe8570318d65ada497175714ac632af7449d,2025-10-20T20:00:00Z,BALANCED,False,,110750,DOWN,UP,0.0026203160270880361173814898419864559819413092550790,,2025-10,ABSTENTION,,,,,,,,,,
1198,32ec6a2085dc0918e45df257f40fa297752003caae458b8a105cfbdfca01e8de,2025-10-20T21:00:00Z,UNCERTAIN,False,,111040.2,UP,DOWN,-0.0047388243176795430843964618219347587630425737705804,,2025-10,ABSTENTION,,,,,,,,,,
1199,b4bb42197edc25cbb51401848e33a4b7678d319af42a03ba51ddc1821a550fb6,2025-10-20T22:00:00Z,UNCERTAIN,False,,110514,DOWN,UP,0.0020838988725410355249108710208661346073800604448305,,2025-10,ABSTENTION,,,,,,,,,,
1200,897c8a49928c27640c9f3ad000042c96f605b649ea1630d27e529a7b33cb5c78,2025-10-20T23:00:00Z,BALANCED,False,,110744.3,UP,DOWN,-0.0023161462937595885296128107722022713584356034576949,,2025-10,ABSTENTION,,,,,,,,,,
1201,a4c3ee3d78f91fb194c6ca9474f694884bfbaa243561d046357a909e376a0559,2025-10-21T00:00:00Z,BALANCED,False,,110487.8,DOWN,DOWN,-0.00078922740791290984162957358187962833905643881043880,,2025-10,ABSTENTION,,,,,,,,,,
1202,f441c131738aac9f017b58a7e50102537e0f3b6f1a8bf3b5825f67f09f531616,2025-10-21T01:00:00Z,BALANCED,False,,110400.6,DOWN,DOWN,-0.0053043189982663137700338585116385237036755235025897,,2025-10,ABSTENTION,,,,,,,,,,
1203,621d915e3e4db77342cfe67f58a5439f5c4d52ba5ff16c5c225a9dd6ba98204b,2025-10-21T02:00:00Z,UNCERTAIN,False,,109815,DOWN,DOWN,-0.0030906524609570641533488139143104311797113326958976,,2025-10,ABSTENTION,,,,,,,,,,
1204,dec031ec57ebb8cb6c080bfabdb741c1f10fb1cf91a65a12c02bbfe75e6d8ef4,2025-10-21T03:00:00Z,UNCERTAIN,False,,109475.6,DOWN,DOWN,-0.0042055033267687046245921465605121141149260657169269,,2025-10,ABSTENTION,,,,,,,,,,
1205,8853edd4d9ac6fe5fcfd63b2ab0e7ac652b45bd7ac537471af45d3c8c1457451,2025-10-21T04:00:00Z,UNCERTAIN,False,,109015.2,DOWN,DOWN,-0.011576367332261923107970264697033074286888433906464,,2025-10,ABSTENTION,,,,,,,,,,
1206,6dd6c13ef93bf54dd44ec11acc864ad161ab63524cf9cc07e3cdc2009b99efb0,2025-10-21T05:00:00Z,UNCERTAIN,False,,107753.2,DOWN,DOWN,-0.0022681460968212544963861862107111436133683268803154,,2025-10,ABSTENTION,,,,,,,,,,
1207,135d8c8b3f4718d6506d90cf1285ef709ced1fab21390040483239bd336c189b,2025-10-21T06:00:00Z,UNCERTAIN,False,,107508.8,DOWN,UP,0.0032676394862560088104415638533775839745211554775051,,2025-10,ABSTENTION,,,,,,,,,,
1208,a22b23266765a3abdea507153447ee465896b9cf8287a00abd24fcc29a30b4ca,2025-10-21T07:00:00Z,UNCERTAIN,False,,107860.1,UP,UP,0.0014824759109253560862635951570599322641087853617788,,2025-10,ABSTENTION,,,,,,,,,,
1209,61fef5df8890d48b797075ac567d3da1241a74076e744ca5a1626930e3d95c82,2025-10-21T08:00:00Z,UNCERTAIN,False,,108020,UP,DOWN,-0.0034067765228661359007591186817256063691908905758193,,2025-10,ABSTENTION,,,,,,,,,,
1210,2c0e8dd03b1e940353bab04287bcb364bd5e9709358c425810932e1dc272b12d,2025-10-21T09:00:00Z,UNCERTAIN,False,,107652,DOWN,UP,0.00051369226767733065804629732842864043399100806301787,,2025-10,ABSTENTION,,,,,,,,,,
1211,684f6e305125585825356d59c4958eb0886ffcfb4b65021987cbbc150940dbeb,2025-10-21T10:00:00Z,UNCERTAIN,False,,107707.3,UP,UP,0.0069298924028362051597245497751777270435708628848741,,2025-10,ABSTENTION,,,,,,,,,,
1212,c7c63e8a398fbbb078c5e94164f16ada3439fc530179f9edc66add108bc73ec7,2025-10-21T11:00:00Z,UNCERTAIN,False,,108453.7,UP,UP,0.00061408693294926775204534285137344322969156423432303,,2025-10,ABSTENTION,,,,,,,,,,
1213,e3cc8f6a84fcf15696c9cd2aa4ca0709ec603af2a5a5ee3eb69d457c651f26a8,2025-10-21T12:00:00Z,UP,True,BL-2025-10-21T10:45:00+00:00-2ac516693ce1,108520.3,UP,UP,0.0019259069501282248574690633918262297468768516120947,True,2025-10,PAIRED,True,True,BOTH,box-2025-10-21T09:30:00+00:00-7d59213150dd,1,ALREADY_ACTIVE_AT_CUTOFF,2025-10-21T11:46:00Z,,DESTINATION_REACHED,2025-10-21T12:22:00Z
1214,934ac7e408c36842bcd60364b574860354f624785dd457473cef7c5a9118da1c,2025-10-21T13:00:00Z,UNCERTAIN,False,,108729.3,UP,DOWN,-0.0031472657324198721043913646091715848441956308005294,,2025-10,ABSTENTION,,,,,,,,,,
1215,73137019148e1ec507b05a807642550b1de7085c3af173d782606f7ee9748916,2025-10-21T14:00:00Z,UNCERTAIN,False,,108387.1,DOWN,UP,0.034804879916521431055909790002684821348666031289701,,2025-10,ABSTENTION,,,,,,,,,,
1216,932d8b5585faf2307799ad42093dcc417f3f21b03f85a6ada24051ce77311b1b,2025-10-21T15:00:00Z,UNCERTAIN,False,,112159.5,UP,UP,0.010921945978717808121469871031878708446453488112911,,2025-10,ABSTENTION,,,,,,,,,,
1217,8ee7299fddfe3ffde4c5e2681884615c65c1d4f6a1f4475f161df7caa0c6f7a3,2025-10-21T16:00:00Z,UNCERTAIN,False,,113384.5,UP,DOWN,-0.0074110658864306849701678800894302131243688511216260,,2025-10,ABSTENTION,,,,,,,,,,
1218,891c566b177ced658bb217fa7814969cbff92ef98c42558b9d75570bd68c3b81,2025-10-21T17:00:00Z,UNCERTAIN,False,,112544.2,DOWN,DOWN,-0.0048603126593818250962732864065851461025979126423219,,2025-10,ABSTENTION,,,,,,,,,,
1219,835b70d6cf7fde24627f6413d6883e002f2abe11466dc8b3cb4c50d1ad9428ce,2025-10-21T18:00:00Z,UNCERTAIN,False,,111997.2,DOWN,DOWN,-0.00020000500012500312507812695317382934573364334108353,,2025-10,ABSTENTION,,,,,,,,,,
1220,5dfe8d305eb38a87b45abfb73c0b70f3467179c310a33589c6515685cb0e9edb,2025-10-21T19:00:00Z,UNCERTAIN,False,,111974.8,DOWN,DOWN,-0.0019504388487409667175114400740166537470930959465880,,2025-10,ABSTENTION,,,,,,,,,,
1221,5118a28f375a910a7ceb6fd8d3a1e4d288995721692a654352b8279ece8566d9,2025-10-21T20:00:00Z,UNCERTAIN,False,,111756.4,DOWN,DOWN,-0.0088504998371457920978127427154060080675469145391226,,2025-10,ABSTENTION,,,,,,,,,,
1222,b1375eb0fa0571403b76428872ecba33aed47859e65408401ab32a45c1fc9d46,2025-10-21T21:00:00Z,UNCERTAIN,False,,110767.3,DOWN,UP,0.00017243356116832314229921646550922519552250528811301,,2025-10,ABSTENTION,,,,,,,,,,
1223,df306f916103791f1a6557f2129e11d224763f761d159a5420906cba13748869,2025-10-21T22:00:00Z,UNCERTAIN,False,,110786.4,UP,DOWN,-0.015762765104742098308095578518662940577543814042157,,2025-10,ABSTENTION,,,,,,,,,,
1224,88e982621aa6b31fccd70a8aa360cd0e0b618a1c72685088e0dcb1b0c63f9777,2025-10-21T23:00:00Z,UNCERTAIN,False,,109040.1,DOWN,DOWN,-0.0073101547045536458605595556130267672168312391496339,,2025-10,ABSTENTION,,,,,,,,,,
1225,c9177644a0cee2efe8b93610a2ec8e438f5d60766e15e00b7fb94049023f2575,2025-10-22T00:00:00Z,UNCERTAIN,False,,108243,DOWN,DOWN,-0.0028583834520477074730005635468344373308204687601046,,2025-10,ABSTENTION,,,,,,,,,,
1226,5ef73df103a20bba223c9e1a4b4a1bc22ed25d838ee46dcd704bef4a7286dc23,2025-10-22T01:00:00Z,UNCERTAIN,False,,107933.6,DOWN,UP,0.0034048711429990290326645270796119095443865487670197,,2025-10,ABSTENTION,,,,,,,,,,
1227,5c489da64e5934ee82c14afa2025e89bea8ff00d205d119b8f7368a053d3c9cb,2025-10-22T02:00:00Z,UNCERTAIN,False,,108301.1,UP,DOWN,-0.0013951843517748203850191733971307770650528941995972,,2025-10,ABSTENTION,,,,,,,,,,
1228,82284ff35cab6a89f023ab2a527070b92c1fbd0169e3ba1b701cf35b0d6b1ef1,2025-10-22T03:00:00Z,UNCERTAIN,False,,108150,DOWN,UP,0.000036985668053629218677762367082755432269995376791493,,2025-10,ABSTENTION,,,,,,,,,,
1229,cd15436b7bf6d1c8c8e004e986c46fde91f1822c039d52bf721e77e124b8cf64,2025-10-22T04:00:00Z,DOWN,True,AS-2025-10-22T03:30:00+00:00-f1526d79b1f5,108154,UP,UP,0.0036725410063428074782254932781034450875603306396435,False,2025-10,PAIRED,False,True,PERSISTENCE_ONLY,AS-2025-10-22T03:30:00+00:00-f1526d79b1f5,1,NOT_ACTIVATED_AT_1H,2025-10-22T05:08:00Z,2025-10-22T05:08:00Z,DESTINATION_REACHED,2025-10-22T07:06:00Z
1230,276d3f238bf37815503cd40d8e23f7c42ada441111a586ff2090e434b8e27f62,2025-10-22T05:00:00Z,DOWN,True,AS-2025-10-22T03:30:00+00:00-f1526d79b1f5,108551.2,UP,DOWN,-0.0040229863879901834341766834452313746877049724001209,True,2025-10,PAIRED,True,False,MV_ONLY,AS-2025-10-22T03:30:00+00:00-f1526d79b1f5,2,ACTIVATED_WITHIN_1H,2025-10-22T05:08:00Z,,DESTINATION_REACHED,2025-10-22T07:06:00Z
1231,2739be6cb38bc1cf66f322c290b94db5d6b7b4ff5b5ab972ecb044795cd2d25f,2025-10-22T06:00:00Z,DOWN,True,AS-2025-10-22T03:30:00+00:00-f1526d79b1f5,108114.5,DOWN,DOWN,-0.0017065241017624832931752910109189794153420679002354,True,2025-10,PAIRED,True,True,BOTH,AS-2025-10-22T03:30:00+00:00-f1526d79b1f5,3,ALREADY_ACTIVE_AT_CUTOFF,2025-10-22T05:08:00Z,,DESTINATION_REACHED,2025-10-22T07:06:00Z
1232,364521e076f363dcf66cea727af866a0a91fcf189220f16c233eb3c53b3fe6aa,2025-10-22T07:00:00Z,DOWN,True,AS-2025-10-22T03:30:00+00:00-f1526d79b1f5,107930,DOWN,UP,0.0032224590012044843880292782358936347632724914296303,True,2025-10,PAIRED,False,False,NEITHER,AS-2025-10-22T03:30:00+00:00-f1526d79b1f5,4,ALREADY_ACTIVE_AT_CUTOFF,2025-10-22T05:08:00Z,,DESTINATION_REACHED,2025-10-22T07:06:00Z
1233,5e6cce21ea4ab667e051087bffef5af6a5c0d13e3d005512085fb0ae4126e9d3,2025-10-22T08:00:00Z,BALANCED,False,,108277.8,UP,DOWN,-0.0010787068078590440515045558738725759112209520326420,,2025-10,ABSTENTION,,,,,,,,,,
1234,c7a1ad637a082991c118933cdbcb6b84d3e1b240d01cfe21b3dffc81c35d6f6c,2025-10-22T09:00:00Z,BALANCED,False,,108161,DOWN,DOWN,-0.0024084466674679413097142223167315390944980168452585,,2025-10,ABSTENTION,,,,,,,,,,
1235,24cc67f0e880c218265df14b8f213891d7873c9697ebedad4e426f7b8247efa8,2025-10-22T10:00:00Z,BALANCED,False,,107900.5,DOWN,DOWN,-0.0027488287820723722318246903397111227473459344488672,,2025-10,ABSTENTION,,,,,,,,,,
1236,d51e8925f17973f9d311788618459a75edf4e3f1368c3054d42dcbf1e4d391d2,2025-10-22T11:00:00Z,UNCERTAIN,False,,107603.9,DOWN,DOWN,-0.00096464905082436603134273014268070209351148053183946,,2025-10,ABSTENTION,,,,,,,,,,
1237,b7c67142e065f3760813595b71e409c767496e1129f75b41d3405b5003d6e15e,2025-10-22T12:00:00Z,UNCERTAIN,False,,107500.1,DOWN,UP,0.0044753446740979775832766667193797959257712318407146,,2025-10,ABSTENTION,,,,,,,,,,
1238,d7207e8b878d435e644e5e96ddcf2f78d0265bb430f441f337403b896921e330,2025-10-22T13:00:00Z,UNCERTAIN,False,,107981.2,UP,UP,0.0068511926150107611324934340422221645990227928565343,,2025-10,ABSTENTION,,,,,,,,,,
1239,9ef2f7dcfb0cc730f93e3a9e583f74c845e3c6bbe51fd5c30e3c6d5896391fb2,2025-10-22T14:00:00Z,UNCERTAIN,False,,108721,UP,UP,0.0016491754122938530734632683658170914542728635682159,,2025-10,ABSTENTION,,,,,,,,,,
1240,3689f3ad0f1912d1dc68c44db5fcac840175a1a7e5fa00ba72007ba1d5e96756,2025-10-22T15:00:00Z,UNCERTAIN,False,,108900.3,UP,DOWN,-0.0049164235543887390576518154679096384491135469782912,,2025-10,ABSTENTION,,,,,,,,,,
1241,e705fd82636b7146ea8765bd0f4ab97a982ba25b0f19586cc60772b5227fb431,2025-10-22T16:00:00Z,BALANCED,False,,108364.9,DOWN,DOWN,-0.0017828651159185308157899836570697707468008552584831,,2025-10,ABSTENTION,,,,,,,,,,
1242,98a3aa26d5ddf4491098f942418405c2e80eff2f2b201a94ebdff358da6017d7,2025-10-22T17:00:00Z,BALANCED,False,,108171.7,DOWN,DOWN,-0.0039751617105028394672543742956799236768951583454822,,2025-10,ABSTENTION,,,,,,,,,,
1243,4a924f84331f998949f8fa6d6bf6199650bf52ae1f47f26a7700674792670054,2025-10-22T18:00:00Z,UNCERTAIN,False,,107741.7,DOWN,UP,0.0022535378595288546588739550239136750209064828195583,,2025-10,ABSTENTION,,,,,,,,,,
1244,8ea7a8806f9139bc22a4eb98c2e01f611c5c204c9c8024b0e23132c28deeeeed,2025-10-22T19:00:00Z,BALANCED,False,,107984.5,UP,DOWN,-0.0015205886029939482055294972889627678046386286920808,,2025-10,ABSTENTION,,,,,,,,,,
1245,5b9a6f9e580303e17c0c357450b8c8ededf15534e62f272f51118d467485d19d,2025-10-22T20:00:00Z,BALANCED,False,,107820.3,DOWN,DOWN,-0.0016314182023236811620817230150537514735165826843368,,2025-10,ABSTENTION,,,,,,,,,,
1246,2250da65e3385f84e373885c9f15df546ca837fca723f20d09a5f6fbd660b1d6,2025-10-22T21:00:00Z,UNCERTAIN,False,,107644.4,DOWN,DOWN,-0.0044581975467372199575639791758790982159777935498735,,2025-10,ABSTENTION,,,,,,,,,,
1247,9fa4f6a2ce6a145f7eb0e50769cee9f73eddd4354748d081eb153ec202bcb5a8,2025-10-22T22:00:00Z,UNCERTAIN,False,,107164.5,DOWN,DOWN,-0.00012224197378796149844398098250820001026459321883646,,2025-10,ABSTENTION,,,,,,,,,,
1248,8746d7ceed795c8534294e2bd8c3a152069b3304900a3fc7be8fb82b8a1fd5e5,2025-10-22T23:00:00Z,UNCERTAIN,False,,107151.4,DOWN,UP,0.0035379845713635099494733619906039491784521714135326,,2025-10,ABSTENTION,,,,,,,,,,
1249,e10d27365ce1028c858bf510e588894a9d2c8ce76566cae5306229c953e7cc4a,2025-10-23T00:00:00Z,UNCERTAIN,False,,107530.5,UP,UP,0.0026373912517843774556986157415802958230455545170905,,2025-10,ABSTENTION,,,,,,,,,,
1250,41894e833715d7ce485ad72e23ae0948be1b32c61217bbb0f6715f2dc409eef7,2025-10-23T01:00:00Z,BALANCED,False,,107814.1,UP,UP,0.0027092931258527409680180978183744055740390171600932,,2025-10,ABSTENTION,,,,,,,,,,
1251,2edf27b403b8dd43c92356e68ae81fc9cf020d4e64edba0ea5c4363e9aa3a149,2025-10-23T02:00:00Z,UNCERTAIN,False,,108106.2,UP,UP,0.0024771937224692015814079118496441462191807685405647,,2025-10,ABSTENTION,,,,,,,,,,
1252,94f7684cedd233322554c728c8dec299fad55603ccffd531f86031fbc484c748,2025-10-23T03:00:00Z,UNCERTAIN,False,,108374,UP,DOWN,-0.00059147027884917046524074039898868732352778341668666,,2025-10,ABSTENTION,,,,,,,,,,
1253,ceedccf38f55c90a9c0389be548d88307db8c4a96560ba6dd921d638ac0591b4,2025-10-23T04:00:00Z,BALANCED,False,,108309.9,DOWN,UP,0.0026165659833496291659395863166709599030190222685092,,2025-10,ABSTENTION,,,,,,,,,,
1254,c7c8735fa70d2a636a778f8be5f23667b4fe845af7a21497a5a7bd4e3c5b5218,2025-10-23T05:00:00Z,UNCERTAIN,False,,108593.3,UP,UP,0.0028242994733560910295570721213923879281686807565476,,2025-10,ABSTENTION,,,,,,,,,,
1255,c305a099c7c0ef1f3b0e05cd4ea242256360ccb76f13bccd65f5b47f6628f47a,2025-10-23T06:00:00Z,UNCERTAIN,False,,108900,UP,UP,0.011769513314967860422405876951331496786042240587695,,2025-10,ABSTENTION,,,,,,,,,,
1256,3032f978b93afecbbbb6e8767025e8ab791c37309a4747966d40aec9571bf8bc,2025-10-23T07:00:00Z,UNCERTAIN,False,,110181.7,UP,DOWN,-0.0086375505188248139210050307809736099551921961632467,,2025-10,ABSTENTION,,,,,,,,,,
1257,92a4aa274194fb5e3845b231ca265ce8602ff5017f8af1910c9ff55e53d80dda,2025-10-23T08:00:00Z,UNCERTAIN,False,,109230,DOWN,UP,0.0021239586194268973725167078641398883090725991028106,,2025-10,ABSTENTION,,,,,,,,,,
1258,b818c4da72a38deb74c735f51183970546c9736cce7a008f6e337ab89b469e75,2025-10-23T09:00:00Z,UNCERTAIN,False,,109462,UP,DOWN,-0.00061847947232829657780782371964700078566077725603406,,2025-10,ABSTENTION,,,,,,,,,,
1259,d788227b0a11ac01867005158622b2ed2d9273cf7c341be7f13ced02db8b6fc4,2025-10-23T10:00:00Z,UNCERTAIN,False,,109394.3,DOWN,DOWN,-0.000095068938692418160726838601279956999587729890862687,,2025-10,ABSTENTION,,,,,,,,,,
1260,3a8c9878c5577d7d9792667e15ca52537953e9b7f990ce802eb69514640fd31a,2025-10-23T11:00:00Z,BALANCED,False,,109383.9,DOWN,DOWN,-0.0014892502461513988804568131141785948389113937243049,,2025-10,ABSTENTION,,,,,,,,,,
1261,b77bdb9dce4aee6a55973729d426529e13941b225125647e603525ff8bf2c712,2025-10-23T12:00:00Z,UNCERTAIN,False,,109221,DOWN,DOWN,-0.00085331575429633495390080662143726938958625172814752,,2025-10,ABSTENTION,,,,,,,,,,
1262,5b0149220278ad4a3bdb5f065adec825960ed1938c70f0ad6658a625571263ad,2025-10-23T13:00:00Z,BALANCED,False,,109127.8,DOWN,UP,0.0029799922659487316705734010948630871327012915132533,,2025-10,ABSTENTION,,,,,,,,,,
1263,a13b8b0879bea48434b753838a57e0fb3e9588cf207b6cd2233923051aa8bb90,2025-10-23T14:00:00Z,UNCERTAIN,False,,109453,UP,UP,0.00072177098846080052625327766255835838213662485267649,,2025-10,ABSTENTION,,,,,,,,,,
1264,e9c581610afc46cb411fc638be42f3d34c22adc3d8768ae0fb264f345baa7e04,2025-10-23T15:00:00Z,UNCERTAIN,False,,109532,UP,UP,0.0028210933791038235401526494540408282511046999963481,,2025-10,ABSTENTION,,,,,,,,,,
1265,d6208b25950ba13334eb5651142a60e0871a9be237d437466a8c294f39db1448,2025-10-23T16:00:00Z,UNCERTAIN,False,,109841,UP,UP,0.0032683606303657104359938456496208155424659280232336,,2025-10,ABSTENTION,,,,,,,,,,
1266,baada5f2aa617bebdbc68f1acc80da5d8407b05d95a41431011d62c30ad4c510,2025-10-23T17:00:00Z,UNCERTAIN,False,,110200,UP,UP,0.0088139745916515426497277676950998185117967332123412,,2025-10,ABSTENTION,,,,,,,,,,
1267,31f49e58d20b09e6c7b75920edff3c45e76d54de4741189a7fc1dc8d2b42b273,2025-10-23T18:00:00Z,UNCERTAIN,False,,111171.3,UP,DOWN,-0.0058495313088899743009211909908402618301665987534553,,2025-10,ABSTENTION,,,,,,,,,,
1268,f86115640cd0f89e06d20bd2418392fa3cd8f29e0d817b045068c2c2133b7e17,2025-10-23T19:00:00Z,UP,True,AL-2025-10-23T17:45:00+00:00-5f7c6e55a649,110521,DOWN,DOWN,-0.0034201644936256458048696627790193718840763293853657,False,2025-10,PAIRED,False,True,PERSISTENCE_ONLY,AL-2025-10-23T17:45:00+00:00-5f7c6e55a649,1,NOT_ACTIVATED_AT_1H,,,WITHDRAWN,2025-10-23T19:30:00Z
1269,e70a9970c6627346b64a06fef4ca85cefc4d8c2eae093281d4c5149f1a5e5556,2025-10-23T20:00:00Z,UNCERTAIN,False,,110143,DOWN,DOWN,-0.0061347520950037678290949038976603143186584712600892,,2025-10,ABSTENTION,,,,,,,,,,
1270,c2dc1ce1ce3ed7c7f2cb5a524ebfd027dcf88443656412fd3c8bc4a9a863e6d3,2025-10-23T21:00:00Z,UNCERTAIN,False,,109467.3,DOWN,UP,0.00021284895123931986995203133721211722587475894627893,,2025-10,ABSTENTION,,,,,,,,,,
1271,af7f87303e8e7ebe9970bccce48fe637d92c70cdd552b5c9fc6a4ab12ce32140,2025-10-23T22:00:00Z,UNCERTAIN,False,,109490.6,UP,UP,0.0034788374527128356224187281830586369971486136709453,,2025-10,ABSTENTION,,,,,,,,,,
1272,9e1280441ca92caff4f3aa2b8d6ccf1e89ab7a7fc0488a60113b932985d2399c,2025-10-23T23:00:00Z,UNCERTAIN,False,,109871.5,UP,UP,0.0012578330140209244435545159572773649217494982775333,,2025-10,ABSTENTION,,,,,,,,,,
1273,7ea318eaa7e124e66754e624440492cef5c94a046b69b0056a7b7fa63c1cda30,2025-10-24T00:00:00Z,BALANCED,False,,110009.7,UP,UP,0.0038951110674785950693438851301294340408164007355715,,2025-10,ABSTENTION,,,,,,,,,,
1274,9ff628e014638fe442fe75474df360c9fb014026a0af22cf09aa6fcd7a266f2e,2025-10-24T01:00:00Z,UNCERTAIN,False,,110438.2,UP,UP,0.00078958186569502219340771580847931241182851585773763,,2025-10,ABSTENTION,,,,,,,,,,
1275,04f4571b5ef48c7fee721af13417c71b5f70242d3b22bef59d86259932e15f2f,2025-10-24T02:00:00Z,UNCERTAIN,False,,110525.4,UP,DOWN,-0.000046143239472555629746646472213626912908706957857651,,2025-10,ABSTENTION,,,,,,,,,,
1276,6cf781cf9622f5e1e7a1ce18bddda0563edb15fdb399e1be75a745a7faa7e9ad,2025-10-24T03:00:00Z,UNCERTAIN,False,,110520.3,DOWN,DOWN,-0.0011047744170075542683108894926995312173419724702159,,2025-10,ABSTENTION,,,,,,,,,,
1277,d5df8c2efbf7eebd5d0c8ef9d81af9fcc6718121afadd806ffce43daa502c51f,2025-10-24T04:00:00Z,BALANCED,False,,110398.2,DOWN,UP,0.0065354326429235259270531584754099251618232905971293,,2025-10,ABSTENTION,,,,,,,,,,
1278,e808679f4d2d86482b3cabb6a59c54fa36a7d987e9b642510e74c30f5c3365be,2025-10-24T05:00:00Z,UNCERTAIN,False,,111119.7,UP,UP,0.00077484010485989433016827799211120980348219082664910,,2025-10,ABSTENTION,,,,,,,,,,
1279,437253d886d2c4a24be44094f3dd184854c6c468bcad54ad746b4e75a382c3d9,2025-10-24T06:00:00Z,UP,True,AL-2025-10-24T04:45:00+00:00-c1cf51decc49,111205.8,UP,UP,0.0018353359267232464493758419075264059968095189279696,True,2025-10,PAIRED,True,True,BOTH,AL-2025-10-24T04:45:00+00:00-c1cf51decc49,1,ALREADY_ACTIVE_AT_CUTOFF,2025-10-24T05:34:00Z,,INVALIDATED,2025-10-24T07:46:00Z
1280,1676546c121f6e0bfbac0e5cc3b86dd8b935f6b367b991b66d6a0c08303f3cc5,2025-10-24T07:00:00Z,UP,True,AL-2025-10-24T04:45:00+00:00-c1cf51decc49,111409.9,UP,DOWN,-0.0036253510684418530130625734337792242879672273289896,True,2025-10,PAIRED,False,False,NEITHER,AL-2025-10-24T04:45:00+00:00-c1cf51decc49,2,ALREADY_ACTIVE_AT_CUTOFF,2025-10-24T05:34:00Z,,INVALIDATED,2025-10-24T07:46:00Z
1281,03f3fff9aa0b941566de35788c189460d91fcb35c7f99b88fa00fe827ac3300d,2025-10-24T08:00:00Z,UNCERTAIN,False,,111006,DOWN,UP,0.00050447723546474965317190061798461344431832513557826,,2025-10,ABSTENTION,,,,,,,,,,
1282,3c65169f2097c02b8fa13ca95d9b3cb9401e265f8bfb2c5a88bcafe0874853d1,2025-10-24T09:00:00Z,UNCERTAIN,False,,111062,UP,UP,0.0020421026093533341737047775116601537879742846338081,,2025-10,ABSTENTION,,,,,,,,,,
1283,fafbf5a9057e6a331b71aedfaf04641e03390f135acdc62346fa0436076a8c49,2025-10-24T10:00:00Z,UNCERTAIN,False,,111288.8,UP,DOWN,-0.0018887794638813609276045747640373514675331210328443,,2025-10,ABSTENTION,,,,,,,,,,
1284,49d250fe42d469c6619605bff3e384ba362ff58891e3841f81536596b8befbe8,2025-10-24T11:00:00Z,UNCERTAIN,False,,111078.6,DOWN,DOWN,-0.00049244408914048250518101596527143842288253542986678,,2025-10,ABSTENTION,,,,,,,,,,
1285,019593a6c378bb0e6cf746e4b5707ff69483549cc2f18eeade53f0155ef644f4,2025-10-24T12:00:00Z,UNCERTAIN,False,,111023.9,DOWN,UP,0.0020977465212445248275371338963952806557867270020239,,2025-10,ABSTENTION,,,,,,,,,,
1286,43819fa8740495e8f412008010f9429eafc2af24d36f679b767b59609442c949,2025-10-24T13:00:00Z,BALANCED,False,,111256.8,UP,DOWN,-0.0033526040655492518210122886870735092147176622013216,,2025-10,ABSTENTION,,,,,,,,,,
1287,dad48b3a76c955fff8add42e73f0bcdd6252d8050d72afce9d4b3815a9c8e723,2025-10-24T14:00:00Z,BALANCED,False,,110883.8,DOWN,DOWN,-0.0064490935555960383753082055268668642308434595495465,,2025-10,ABSTENTION,,,,,,,,,,
1288,1500b559764e28bf7ad9b89702a0c55e6ee0230f6407fd9e387261b2e8290cd1,2025-10-24T15:00:00Z,UNCERTAIN,False,,110168.7,DOWN,DOWN,-0.0014986107669419717215506763717825480376912861820100,,2025-10,ABSTENTION,,,,,,,,,,
1289,d18df627d7127faf8cff491adfd5c19bbd7fa14da91cb0a39e22b117b3cf8c2f,2025-10-24T16:00:00Z,UNCERTAIN,False,,110003.6,DOWN,UP,0.0018753931689508343363308109916402735910461112181783,,2025-10,ABSTENTION,,,,,,,,,,
1290,0f2eb7d7d26cb18f198ba95a2b318316ebaf273e73f16c9747fc1186b54d0901,2025-10-24T17:00:00Z,UNCERTAIN,False,,110209.9,UP,DOWN,-0.00050267716421120062716688791115861642193668626865645,,2025-10,ABSTENTION,,,,,,,,,,
1291,215cf4b1607e54fe26a21c8b30d6e57221bc0b5bccd45c9bc0640ef0c4ec879d,2025-10-24T18:00:00Z,UNCERTAIN,False,,110154.5,DOWN,UP,0.0035368505145046275912468396661053338719707320173030,,2025-10,ABSTENTION,,,,,,,,,,
1292,722abb15fd1c2763a0437a7eded89399014cff1ef5bdf4d515bee7be1c8dff2e,2025-10-24T19:00:00Z,BALANCED,False,,110544.1,UP,UP,0.00014473861562941848547321838071864531892701645768521,,2025-10,ABSTENTION,,,,,,,,,,
1293,b3a85d733ce3f54a8a7dcbbe98b1301de8239d4c9ef9cb502e4b6e1a8f6e3d51,2025-10-24T20:00:00Z,BALANCED,False,,110560.1,UP,UP,0.0025361771561349890240692618765721087444747246067976,,2025-10,ABSTENTION,,,,,,,,,,
1294,21ca179fba727e01641294617dbbfa2cc23cacb48d29e8f78fad3aba468cc98c,2025-10-24T21:00:00Z,BALANCED,False,,110840.5,UP,UP,0.0016573364429066992660624952070768356331846211447982,,2025-10,ABSTENTION,,,,,,,,,,
1295,ecee329e916514835f10d98c4f09d8c82974118b852dee50ffb0147bb6ce1592,2025-10-24T22:00:00Z,UNCERTAIN,False,,111024.2,UP,DOWN,-0.00050619594646932830860298925819776228966297437855891,,2025-10,ABSTENTION,,,,,,,,,,
1296,7a55a39cb57d3bf6ae67f00213169b8b28c0c3d83af9800fd39a61369ef24351,2025-10-24T23:00:00Z,UNCERTAIN,False,,110968,DOWN,DOWN,-0.000058575445173383317713214620431115276476101218369260,,2025-10,ABSTENTION,,,,,,,,,,
1297,616d7c4425fb7bc982db9cbe48548502f47a1f586565103f4a08853f92e95f56,2025-10-25T00:00:00Z,UNCERTAIN,False,,110961.5,DOWN,DOWN,-0.0021764305637540948887677257427125624653596067104356,,2025-10,ABSTENTION,,,,,,,,,,
1298,9f5d26a6ab25e5ab5412d4f98c2946a8f4176b5e24b0f7715e4d8034594707a6,2025-10-25T01:00:00Z,UNCERTAIN,False,,110720,DOWN,UP,0.0028404985549132947976878612716763005780346820809249,,2025-10,ABSTENTION,,,,,,,,,,
1299,2af0d764fc60789141c0f449475c09919684ddca5c2d8db8444db5c77c7ab448,2025-10-25T02:00:00Z,UNCERTAIN,False,,111034.5,UP,DOWN,-0.00039086950452336886283092192066429803349409417793569,,2025-10,ABSTENTION,,,,,,,,,,
1300,5f0c32e786e43d185186469d9ad96c622d5e62710a5add5efa1892f29b721113,2025-10-25T03:00:00Z,BALANCED,False,,110991.1,DOWN,DOWN,-0.00019641214475755263259846960702254505090948733727299,,2025-10,ABSTENTION,,,,,,,,,,
1301,a8cacb780ff4880e9c0d1435d8a53ec638cd7bfe6ed8e8e969e6ad99d5631e20,2025-10-25T04:00:00Z,BALANCED,False,,110969.3,DOWN,UP,0.0018599738846690030485909165868397836158288824026105,,2025-10,ABSTENTION,,,,,,,,,,
1302,bf170ee52a6339d4ece23d8f68f7c6219cb0ad7fc2a652853420bdf37456b513,2025-10-25T05:00:00Z,UNCERTAIN,False,,111175.7,UP,UP,0.0013483162237791171991721212459197468511554233524052,,2025-10,ABSTENTION,,,,,,,,,,
1303,027248e3bc89bc87dde59cc44f51fd99262219f8c8338fb9449aefecee0dfcfe,2025-10-25T06:00:00Z,UNCERTAIN,False,,111325.6,UP,DOWN,-0.00016707747364487593150182886955022025482009528805594,,2025-10,ABSTENTION,,,,,,,,,,
1304,730b99c2f69469b2b13ca0e68a68e73f749f2f73beb126e51cd7b9bfa94e1806,2025-10-25T07:00:00Z,UNCERTAIN,False,,111307,DOWN,UP,0.0014006306880968851914075484920085888578436216949518,,2025-10,ABSTENTION,,,,,,,,,,
1305,f2131f99ca638ecc64c2da95fe6c6f7ac311dfad75914be63696059c227aa52c,2025-10-25T08:00:00Z,UNCERTAIN,False,,111462.9,UP,UP,0.0022527675127777942257020048823420169401657412466390,,2025-10,ABSTENTION,,,,,,,,,,
1306,1ed7608d12c82822bf4eb223de7e7efa9964957e04f04b69ecd4872c031bda24,2025-10-25T09:00:00Z,UP,True,AL-2025-10-25T08:15:00+00:00-53192bc95676,111714,UP,DOWN,-0.0022020516676513239164294537837692679520919490842688,True,2025-10,PAIRED,False,False,NEITHER,AL-2025-10-25T08:15:00+00:00-53192bc95676,1,ALREADY_ACTIVE_AT_CUTOFF,2025-10-25T08:52:00Z,,DESTINATION_REACHED,2025-10-25T09:01:00Z
1307,c25a9a0e1ca710d3dd5a49fc11fc46e894a9b6e21dad9a544ca752d0eee400a7,2025-10-25T10:00:00Z,UNCERTAIN,False,,111468,DOWN,UP,0.00039742347579574407004700900706929342950443176517027,,2025-10,ABSTENTION,,,,,,,,,,
1308,3ba44d9dfd7a477eadb7ff54aaedfdaca3d512670c6ca5046febb6e960b0e9dc,2025-10-25T11:00:00Z,UNCERTAIN,False,,111512.3,UP,UP,0.000093263254367455428683651937947652411438020738519428,,2025-10,ABSTENTION,,,,,,,,,,
1309,741d40499eefa6b64284198491ed49bdba829f62b2b22d5ebb1ca39c6a0a26be,2025-10-25T12:00:00Z,UNCERTAIN,False,,111522.7,UP,UP,0.0029357251931669516609622973618823791030884295304902,,2025-10,ABSTENTION,,,,,,,,,,
1310,96e55c0cb82fc5543d9bbcadc1b477b234c7e4b66e87409a34aa7fd02516381a,2025-10-25T13:00:00Z,UNCERTAIN,False,,111850.1,UP,DOWN,-0.0019597657936827950980821653266291223700291729734707,,2025-10,ABSTENTION,,,,,,,,,,
1311,6a099a399e5fe56e9d65f906d96c870d3d3b20025055e9567bf895942c05d641,2025-10-25T14:00:00Z,BALANCED,False,,111630.9,DOWN,DOWN,-0.00074800077756248493920590087511611928238507438352643,,2025-10,ABSTENTION,,,,,,,,,,
1312,0cde64943bbe0fe9bff1651f90fabc1cbf8cba63ffc80d029ba0281d255c0e1b,2025-10-25T15:00:00Z,BALANCED,False,,111547.4,DOWN,DOWN,-0.0019256387867399867679569402783032145975612161287489,,2025-10,ABSTENTION,,,,,,,,,,
1313,e606df7694f0a5e47bead8e06db57cb5b179848748b376cd6fc8ef5cfa366ba3,2025-10-25T16:00:00Z,UNCERTAIN,False,,111332.6,DOWN,DOWN,-0.000024251656747439653794126787661475614510035694845894,,2025-10,ABSTENTION,,,,,,,,,,
1314,7ed6bdcce89b27412d30e9924805de2708b25951809afe49a24ed4dca230d53b,2025-10-25T17:00:00Z,UNCERTAIN,False,,111329.9,DOWN,UP,0.0000089823129276142348102351659347578682815667668793379,,2025-10,ABSTENTION,,,,,,,,,,
1315,59813bb10ab4b84a3b44d1132c209ad7bc258f675bfaa11ebc8b18aba38d6a2c,2025-10-25T18:00:00Z,UNCERTAIN,False,,111330.9,UP,UP,0.0029470704000416775576232654186753183527663927984055,,2025-10,ABSTENTION,,,,,,,,,,
1316,0454eb017315a60dd8311f03f96e435e89d259092d40407bfc1fce370c64e069,2025-10-25T19:00:00Z,UNCERTAIN,False,,111659,UP,DOWN,-0.00084005767560160846864113058508494613062986413992602,,2025-10,ABSTENTION,,,,,,,,,,
1317,2a245214903d5966a643940c3b0d9b1a065dc5900a0b175ea2d64b2c251edc6b,2025-10-25T20:00:00Z,BALANCED,False,,111565.2,DOWN,DOWN,-0.0016474671313276899965222130198305564817703011333283,,2025-10,ABSTENTION,,,,,,,,,,
1318,c7754e123cf8b601ad0b84aa959d3d04693522921908e8f5fd818b0a6614b35e,2025-10-25T21:00:00Z,UNCERTAIN,False,,111381.4,DOWN,UP,0.00037798052457591662521749591942640333125638571610700,,2025-10,ABSTENTION,,,,,,,,,,
1319,40df7fb0ce9544cde9676d2bb35e4b82c8ddcf38046f99c9de831594a5b05857,2025-10-25T22:00:00Z,BALANCED,False,,111423.5,UP,UP,0.0013049311859706435356993811897849196982683186221937,,2025-10,ABSTENTION,,,,,,,,,,
1320,6530b2de2ca81931daebde7db29cbe5d15bbd48a23ca16b11a1194022bea10cc,2025-10-25T23:00:00Z,UNCERTAIN,False,,111568.9,UP,UP,0.00013265345450210587359022093074324475727554901052175,,2025-10,ABSTENTION,,,,,,,,,,
1321,e63720ec1a8789666302a5bab4983ea28a6b6f14eff30eb9d0818c55553bf055,2025-10-26T00:00:00Z,UNCERTAIN,False,,111583.7,UP,UP,0.00075548668846793931371696762161498498436599610875065,,2025-10,ABSTENTION,,,,,,,,,,
1322,f1b2f24f69f1e1d736f9e567778d1d3797158f89af7da5155ef23ec537172a61,2025-10-26T01:00:00Z,UNCERTAIN,False,,111668,UP,DOWN,-0.00078536375685066446967797399434036608518107246480639,,2025-10,ABSTENTION,,,,,,,,,,
1323,d735f6456bf2f44714bd204d1fa976218d5635975adc92b2465795db7ede658f,2025-10-26T02:00:00Z,UNCERTAIN,False,,111580.3,DOWN,DOWN,-0.0016158766377218917676328169040592290933076896190457,,2025-10,ABSTENTION,,,,,,,,,,
1324,3c8f65ab2c1ba1de816f9a1781ddb1cd9edc52eac7da0398e4bad2f50935e5d2,2025-10-26T03:00:00Z,UNCERTAIN,False,,111400,DOWN,DOWN,-0.0016615798922800718132854578096947935368043087971275,,2025-10,ABSTENTION,,,,,,,,,,
1325,2bcd276469b55fdf7fc66e82d6f2bd6897b13e53effd23d3e96c466ac1b4e45c,2025-10-26T04:00:00Z,UNCERTAIN,False,,111214.9,DOWN,UP,0.0014548410329910830293422913656353600102144586741525,,2025-10,ABSTENTION,,,,,,,,,,
1326,3b177b934f715ab08e41a967d9316e5d9c31ef25de6700a4358deea57ec5d9df,2025-10-26T05:00:00Z,BALANCED,False,,111376.7,UP,UP,0.0015990777245150915766044424013281054295916470859704,,2025-10,ABSTENTION,,,,,,,,,,
1327,d8ceef4d3970f34195a7735d20f4be79cb9217e771502261cc544dec517e6183,2025-10-26T06:00:00Z,UNCERTAIN,False,,111554.8,UP,UP,0.00014880578872446546450713012797297830304029947613191,,2025-10,ABSTENTION,,,,,,,,,,
1328,64234b44e4e59b97b0e7bd38bf62cbba8264ea96ad35caf317674b2a8d3c0a29,2025-10-26T07:00:00Z,UNCERTAIN,False,,111571.4,UP,UP,0.00097336772685473158891974108059950847618654959962858,,2025-10,ABSTENTION,,,,,,,,,,
1329,cdaeb76c2455dfba87f00cf11e5e233353429e736d9f7619739c57dfe8ffdbc3,2025-10-26T08:00:00Z,UNCERTAIN,False,,111680,UP,UP,0.00044323065902578796561604584527220630372492836676218,,2025-10,ABSTENTION,,,,,,,,,,
1330,804491f967e62da28b2f5ada7e18e81ac3eaef37fa04c4bb0a5b82f7c2c6a1c7,2025-10-26T09:00:00Z,UNCERTAIN,False,,111729.5,UP,UP,0.0067627618489297813021628128649998433717147217162880,,2025-10,ABSTENTION,,,,,,,,,,
1331,d46bc09c84e6d1bf3197424bcccbf67d8be2d8931392154b6990e20b4853c1f0,2025-10-26T10:00:00Z,UNCERTAIN,False,,112485.1,UP,DOWN,-0.00042405616388303873135197461708261805341329651660531,,2025-10,ABSTENTION,,,,,,,,,,
1332,cb80ccbf687e940d66f2f9d0ba6ce84f2540a290269f4799c9f6be3f59a1cfc6,2025-10-26T11:00:00Z,UNCERTAIN,False,,112437.4,DOWN,UP,0.0072084555494879817569598727825438866427007383664154,,2025-10,ABSTENTION,,,,,,,,,,
1333,d1662b319c6a3aba4f9b058b96af7a8782317d4a06d355d2cebc11f2b561850e,2025-10-26T12:00:00Z,UNCERTAIN,False,,113247.9,UP,UP,0.0024724520278080211641893580366611654609047938195763,,2025-10,ABSTENTION,,,,,,,,,,
1334,9f7f750c980cba3682faa173a3e663aa4ee4df602c79e95d8c74a281ed38f229,2025-10-26T13:00:00Z,UNCERTAIN,False,,113527.9,UP,UP,0.0012270111576097153210796641178071645824506575035740,,2025-10,ABSTENTION,,,,,,,,,,
1335,06b9d9b04fe4ee76b624d211a3eb031d84c5a2e035cc503a5f96ca6a196344ad,2025-10-26T14:00:00Z,UNCERTAIN,False,,113667.2,UP,DOWN,-0.0012941288252019931871287407449114608259902592832409,,2025-10,ABSTENTION,,,,,,,,,,
1336,7f04b65fdcc788e83e419efd13b2c8fbd1ff2940930907aa03f2e23988e176d4,2025-10-26T15:00:00Z,UNCERTAIN,False,,113520.1,DOWN,UP,0.0011839313037955392921605953483127657569012007565180,,2025-10,ABSTENTION,,,,,,,,,,
1337,f136e3fdaee9bfd552ac1cc0cb9c928b001632cc1527d6dcff534921d9ab6cfb,2025-10-26T16:00:00Z,UNCERTAIN,False,,113654.5,UP,DOWN,-0.0016682137530850076327818080234394590623336515492127,,2025-10,ABSTENTION,,,,,,,,,,
1338,3354d1e125babe5d2c9b387f321f8e2d1b56b11ba7fe2d6c8f53a68959b59538,2025-10-26T17:00:00Z,UNCERTAIN,False,,113464.9,DOWN,DOWN,-0.00070418252693123600338078119312668499245141008364701,,2025-10,ABSTENTION,,,,,,,,,,
1339,c5812399aca9c1b952446b70e938c614a4ca8bcfed276424f8f33e43c2435510,2025-10-26T18:00:00Z,UNCERTAIN,False,,113385,DOWN,UP,0.0014014199409092913524716673281298231688494950831239,,2025-10,ABSTENTION,,,,,,,,,,
1340,4791f2fe39998e73c33dab133d2eecd7eca39cf25cbefe5e4f9b2ccf64b826e6,2025-10-26T19:00:00Z,UNCERTAIN,False,,113543.9,UP,DOWN,-0.000092475245257561172374737876715525889105447320375643,,2025-10,ABSTENTION,,,,,,,,,,
1341,8d53e92ba75a5579275209b9815d48b720cc1b5153458bf9b43cbbf9000c6916,2025-10-26T20:00:00Z,BALANCED,False,,113533.4,DOWN,DOWN,-0.0024539034328224117308210623481724320772565606244506,,2025-10,ABSTENTION,,,,,,,,,,
1342,f6bf4b272bf2717fdf3e3d20524e16b439de791381de9d1ba6f7e6c7de3a045c,2025-10-26T21:00:00Z,UNCERTAIN,False,,113254.8,DOWN,UP,0.0017729932859357837372014254583470192874827380384761,,2025-10,ABSTENTION,,,,,,,,,,
1343,bec58ecc054007af182770d8d660588e09639887e3a2ef1fa45bede7a42e6274,2025-10-26T22:00:00Z,BALANCED,False,,113455.6,UP,UP,0.010544212890328903994161592728785533724205768600228,,2025-10,ABSTENTION,,,,,,,,,,
1344,6ae0e2c7cca2d99f700b3e502265f8a9b54d93487f175c14c8efec4aa68f37b6,2025-10-26T23:00:00Z,UNCERTAIN,False,,114651.9,UP,DOWN,-0.0012516146701450215827212632324453410715391546062473,,2025-10,ABSTENTION,,,,,,,,,,
1349,378745f7ed8dcce1e2ebba51b81819a4ec8fc1d47feb32e9e770cc045d876d61,2025-10-27T00:00:00Z,UP,True,AL-2025-10-26T22:45:00+00:00-62f1b45c12a8,114508.4,DOWN,UP,0.0018854511983400344428880326683457283483133115125179,True,2025-10,PAIRED,True,False,MV_ONLY,AL-2025-10-26T22:45:00+00:00-62f1b45c12a8,1,ALREADY_ACTIVE_AT_CUTOFF,2025-10-26T23:34:00Z,,TIME_EXPIRED,2025-10-27T03:34:00Z
1350,854fcbbdc4bd8e75e1fbc9968b84f090dc2c08f065d89a773cd7580a86cfba62,2025-10-27T01:00:00Z,UP,True,AL-2025-10-26T22:45:00+00:00-62f1b45c12a8,114724.3,UP,UP,0.0043652478158506959728671257963657219961246222465511,True,2025-10,PAIRED,True,True,BOTH,AL-2025-10-26T22:45:00+00:00-62f1b45c12a8,2,ALREADY_ACTIVE_AT_CUTOFF,2025-10-26T23:34:00Z,,TIME_EXPIRED,2025-10-27T03:34:00Z
1351,c4a0c883e27d32cc44b1515108a00e16c7bc5c7b811c27ca435f6dfa7d2c59ba,2025-10-27T02:00:00Z,UP,True,AL-2025-10-26T22:45:00+00:00-62f1b45c12a8,115225.1,UP,DOWN,-0.0033360786842450125884030475998719029100430374979063,True,2025-10,PAIRED,False,False,NEITHER,AL-2025-10-26T22:45:00+00:00-62f1b45c12a8,3,ALREADY_ACTIVE_AT_CUTOFF,2025-10-26T23:34:00Z,,TIME_EXPIRED,2025-10-27T03:34:00Z
1352,6ccced5311584f0a990b70bceb878a20f05363ee8d04fb055cb1dc1100ec677c,2025-10-27T03:00:00Z,UP,True,AL-2025-10-26T22:45:00+00:00-62f1b45c12a8,114840.7,DOWN,UP,0.00085335599661095761345933976369005065277379883612691,True,2025-10,PAIRED,True,False,MV_ONLY,AL-2025-10-26T22:45:00+00:00-62f1b45c12a8,4,ALREADY_ACTIVE_AT_CUTOFF,2025-10-26T23:34:00Z,,TIME_EXPIRED,2025-10-27T03:34:00Z
1353,0c740cfe80bff38a968a04a20565f832510d0bedea9ee67ccc9282f04c5f9250,2025-10-27T04:00:00Z,UNCERTAIN,False,,114938.7,UP,UP,0.0022577252048265727731390732625303748867874788909219,,2025-10,ABSTENTION,,,,,,,,,,
1354,82a68dda8fb80edafe659e58db71f4754cb9e0a2753724df2db29eb38805be1b,2025-10-27T05:00:00Z,UNCERTAIN,False,,115198.2,UP,UP,0.0024835457498467858004725768284573890911489936474702,,2025-10,ABSTENTION,,,,,,,,,,
1355,915a7608d0358e0303badece1e9bf2683ee5925cdf793db2d89e6309df001462,2025-10-27T06:00:00Z,UNCERTAIN,False,,115484.3,UP,UP,0.0044395645122323986896920187419415453009629880425305,,2025-10,ABSTENTION,,,,,,,,,,
1356,883ac241949ef838ad03745a95e83ad28aa4905934e6fbdcad4c8dc54a009658,2025-10-27T07:00:00Z,UNCERTAIN,False,,115997,UP,DOWN,-0.0041664870643206289817840116554738484615981447796064,,2025-10,ABSTENTION,,,,,,,,,,
1357,03bea07a4f6e8411e4378a720222e74ed5d44fda57c71d939278720f0b0a8c7b,2025-10-27T08:00:00Z,UNCERTAIN,False,,115513.7,DOWN,DOWN,-0.0045553038297621840526275238348351753947800131066705,,2025-10,ABSTENTION,,,,,,,,,,
1358,51c0cc8e2e10063c720a1e27798ecb505a9517c4290b719fd5148444d009667a,2025-10-27T09:00:00Z,UNCERTAIN,False,,114987.5,DOWN,UP,0.0019949994564626589846722469833677573649309707576911,,2025-10,ABSTENTION,,,,,,,,,,
1359,2d683b3c0bbbaa30447461e78e8317085d2f06986e2b087fbe6ee7481bc3f29b,2025-10-27T10:00:00Z,BALANCED,False,,115216.9,UP,UP,0.0017427998843919598600552523110758925122963731883083,,2025-10,ABSTENTION,,,,,,,,,,
1360,aec3981110391e7e20919c527c56c9361ea1444b2ac217087e545180b766963a,2025-10-27T11:00:00Z,UNCERTAIN,False,,115417.7,UP,DOWN,-0.00093919736747483271629914649139603371060071375534255,,2025-10,ABSTENTION,,,,,,,,,,
1361,801c608166838f6fe97905c90ab4b29ef88fbe2c07ed1f173e2381c7edb7d1b9,2025-10-27T12:00:00Z,BALANCED,False,,115309.3,DOWN,DOWN,-0.0024958958210656035549604411786386700812510352590814,,2025-10,ABSTENTION,,,,,,,,,,
1362,1104f5492d0e7b3829fcdd571aee6053e8ba3611eb7c54b64c0a007412e50e42,2025-10-27T13:00:00Z,UNCERTAIN,False,,115021.5,DOWN,UP,0.0016301300191703290254430693392104954291154262463974,,2025-10,ABSTENTION,,,,,,,,,,
1363,c8f7aacaae01b2c5e79c1a4f59b2cd87eeca21aaf9d205989afcbbb7a7d0d788,2025-10-27T14:00:00Z,BALANCED,False,,115209,UP,DOWN,-0.0039059448480587454105148035309741426451058511053824,,2025-10,ABSTENTION,,,,,,,,,,
1364,64f97d623ef4573512b33621d56b2aa146a19345e4854f29aa35cb3b39691a98,2025-10-27T15:00:00Z,UNCERTAIN,False,,114759,DOWN,UP,0.0012792025026359588354725990989813435111843079845589,,2025-10,ABSTENTION,,,,,,,,,,
1365,36834b160b6adb0ef6da482ee5b2d53ab0583bda66b310cd1da95aaa6aa25c3b,2025-10-27T16:00:00Z,UNCERTAIN,False,,114905.8,UP,UP,0.0045350191200096078700988113741865075566246438386922,,2025-10,ABSTENTION,,,,,,,,,,
1366,4f4c336a6ce0fdd6638b2f98b66dd0c1e89e8054a4e28a654c193de787fcfa42,2025-10-27T17:00:00Z,UNCERTAIN,False,,115426.9,UP,UP,0.0018288631159634365992675884044360543339550832604878,,2025-10,ABSTENTION,,,,,,,,,,
1367,ffea95b399806e14c1439a5d7fcee128d16cd50ea1244b8b96b53d4dabe7a001,2025-10-27T18:00:00Z,UNCERTAIN,False,,115638,UP,DOWN,-0.0030794375551289368546671509365433508016395994396306,,2025-10,ABSTENTION,,,,,,,,,,
1368,f904380e0ae7aa111ae0f171e277f93320e53b9a40a3fd8b12e969550ac78993,2025-10-27T19:00:00Z,BALANCED,False,,115281.9,DOWN,DOWN,-0.0033665302185338721863536253306026357997222460767909,,2025-10,ABSTENTION,,,,,,,,,,
1369,488509ccfee2a838ed6f6ec2be9b0cef8ab91361e2b18c00cb3ea2bfbe933719,2025-10-27T20:00:00Z,UNCERTAIN,False,,114893.8,DOWN,DOWN,-0.0043492338141831848193723247033347317261679916583837,,2025-10,ABSTENTION,,,,,,,,,,
1370,f088a4cbae27d7c01a699cf90d10a68b0961d292dbdffcebad18decfe57edb39,2025-10-27T21:00:00Z,UNCERTAIN,False,,114394.1,DOWN,DOWN,-0.0012019850674116934352383558242951341021958300296956,,2025-10,ABSTENTION,,,,,,,,,,
1371,d58a0f9a4a636060f16a038a1efd99cabb2aeb57798d10c4306a5e4461a5903c,2025-10-27T22:00:00Z,UNCERTAIN,False,,114256.6,DOWN,DOWN,-0.0015710252186744573180017609486016562719352755114365,,2025-10,ABSTENTION,,,,,,,,,,
1372,085b74c6a26e051f72b5244fcd5314e3bc38f231514a5852721535ce4f2979ae,2025-10-27T23:00:00Z,UNCERTAIN,False,,114077.1,DOWN,DOWN,-0.00014726882082381126448691279844946970075501568675922,,2025-10,ABSTENTION,,,,,,,,,,
1373,fbde67685e6c54c55dce6965ec766cd150dc226c0be69571dbc7ad2536e94949,2025-10-28T00:00:00Z,UNCERTAIN,False,,114060.3,DOWN,DOWN,-0.0011195832379890286103052508190842913792090674844797,,2025-10,ABSTENTION,,,,,,,,,,
1374,6008d865685566bb0818d2f7713c4df9ae44fcd43e0a3ffd04e86281fa03aad8,2025-10-28T01:00:00Z,UNCERTAIN,False,,113932.6,DOWN,UP,0.0039786680897302440214653224801329909086600323349068,,2025-10,ABSTENTION,,,,,,,,,,
1375,5ddc7cfbbd57f7227f94d0cee281ae31df4e1d4419b5e413bbaca92df03cf96b,2025-10-28T02:00:00Z,UNCERTAIN,False,,114385.9,UP,DOWN,-0.0043536834522436768867491535232926435863161456088556,,2025-10,ABSTENTION,,,,,,,,,,
1376,a993c1775028e299b7df816ca58ebe19d3c50a71751f002c8e9d6e68589d1f93,2025-10-28T03:00:00Z,UNCERTAIN,False,,113887.9,DOWN,DOWN,-0.00015717209642112990054255105239450371812984522499756,,2025-10,ABSTENTION,,,,,,,,,,
1377,a729aeb5c714e21b4d04be2338819d9570914f38d93e272aae15cfdd2a89f142,2025-10-28T04:00:00Z,DOWN,True,AS-2025-10-28T03:00:00+00:00-1a46ce0bf460,113870,DOWN,UP,0.00037498902256959690875559848950557653464477035215597,False,2025-10,PAIRED,False,False,NEITHER,AS-2025-10-28T03:00:00+00:00-1a46ce0bf460,1,NOT_ACTIVATED_AT_1H,,,WITHDRAWN,2025-10-28T05:00:00Z
1378,dfef7eadd3683af13624feda1eb1fd66926018a3fa6a7b83e5057079142f338b,2025-10-28T05:00:00Z,BALANCED,False,,113912.7,UP,DOWN,-0.0029979098028578025101678741703076127595957254985616,,2025-10,ABSTENTION,,,,,,,,,,
1379,d464033edcb4156ae09779ad68792b24c82abdbd894026f35a8ebccdd441779c,2025-10-28T06:00:00Z,UNCERTAIN,False,,113571.2,DOWN,UP,0.0043091910625228931278352258319010453354371530810628,,2025-10,ABSTENTION,,,,,,,,,,
1380,015953126087d259fcd2c67b60b2b0e3bf1142d68d96c79cc32a52ac0b6e6804,2025-10-28T07:00:00Z,BALANCED,False,,114060.6,UP,UP,0.00057513286796667736273524775426396143804258438058365,,2025-10,ABSTENTION,,,,,,,,,,
1381,eec174970c3a21790c850e8684de0f803ef68122aaa6d442f880392e7535c0c5,2025-10-28T08:00:00Z,UNCERTAIN,False,,114126.2,UP,UP,0.0019820163993894478217972735445498053908743128221215,,2025-10,ABSTENTION,,,,,,,,,,
1382,8ef085d44e7d8a25e29e33827c566e8b739e258b7139808af5c8c1a7c19e0b93,2025-10-28T09:00:00Z,UNCERTAIN,False,,114352.4,UP,UP,0.00087448973523948775889268611765035102017972513038642,,2025-10,ABSTENTION,,,,,,,,,,
1383,693dbe36145dd2e35e8feeae39f0fb26e0526586ec78834a6eb585eaedb25384,2025-10-28T10:00:00Z,BALANCED,False,,114452.4,UP,UP,0.00072606603269131971020266940667037126351216750369586,,2025-10,ABSTENTION,,,,,,,,,,
1384,9c7fb3001f65c270b8ad54339fd55765cdb3d1bf58badb8a3ab144ffbf33bb7f,2025-10-28T11:00:00Z,UNCERTAIN,False,,114535.5,UP,DOWN,-0.0022010642988418437951552138856511736535833868102030,,2025-10,ABSTENTION,,,,,,,,,,
1385,41cddbe7c5c0ffe58791d6a4879457d3d538c5e9201d9f059fc49b11d52caa16,2025-10-28T12:00:00Z,UNCERTAIN,False,,114283.4,DOWN,UP,0.00098001984540186938785510406585733361100562286386299,,2025-10,ABSTENTION,,,,,,,,,,
1386,81033de2a4ae7b712bb4592024ab6e0d040c0a4999e5cbc996c368c6bc75a9cc,2025-10-28T13:00:00Z,UNCERTAIN,False,,114395.4,UP,UP,0.0094811504658404096668222673289310584166845869676578,,2025-10,ABSTENTION,,,,,,,,,,
1387,b9167ed62706ff22f9c29096e612cc1346dd2236b3e3c541c03b7356d6d21eb2,2025-10-28T14:00:00Z,UNCERTAIN,False,,115480,UP,DOWN,-0.0039842396951853134741946657429857984066505022514721,,2025-10,ABSTENTION,,,,,,,,,,
1388,c8e4aa086587b750f98c2493605bc5c1bb35a5fa353f4f6cb1b5358e6f141c54,2025-10-28T15:00:00Z,UNCERTAIN,False,,115019.9,DOWN,DOWN,-0.0037167481453209401155799996348457962491707956623158,,2025-10,ABSTENTION,,,,,,,,,,
1389,cb770c38ec82249e0fd700ba6326986d18904fa0b623bd91b4d403d612c6b9ab,2025-10-28T16:00:00Z,UNCERTAIN,False,,114592.4,DOWN,UP,0.0062316523608895528848335491708001577766064765202579,,2025-10,ABSTENTION,,,,,,,,,,
1390,a92cdd5294e62e92297d3713d5e86c1335e9635617fc653e6fb0060d1309b3c6,2025-10-28T17:00:00Z,UNCERTAIN,False,,115306.5,UP,DOWN,-0.00042235259937644451960644022670014266324968670456566,,2025-10,ABSTENTION,,,,,,,,,,
1391,5868d4a4b1702266a7635bf682d72433439bf62b46403846ab4d248d50e83b34,2025-10-28T18:00:00Z,BALANCED,False,,115257.8,DOWN,DOWN,-0.0025429949209511200109667198228666519749639503790633,,2025-10,ABSTENTION,,,,,,,,,,
1392,f032b598314c986025a80ea0fd959d08a27f6c4635de95ea2f4d0adb42f059c6,2025-10-28T19:00:00Z,UNCERTAIN,False,,114964.7,DOWN,DOWN,-0.011630526587726493436680998602179625572023412403981,,2025-10,ABSTENTION,,,,,,,,,,
1393,309216d34716509c080fcc1cfad02c2f0630ed904e2b3e540efc97a8d10e532b,2025-10-28T20:00:00Z,UNCERTAIN,False,,113627.6,DOWN,DOWN,-0.0078889283941577574462542551281554833508760195586284,,2025-10,ABSTENTION,,,,,,,,,,
1394,d303ee37b1a7d5f8f2475a52384816367cb5d92852866d8b4edfcc73475d3f1e,2025-10-28T21:00:00Z,UNCERTAIN,False,,112731.2,DOWN,UP,0.0019772698241480619384873043132690861092581290716323,,2025-10,ABSTENTION,,,,,,,,,,
1395,52aa9d24fd75ed088b80ccfd2ee0d375be53e5d813d4a1a33d25a7def86ffad0,2025-10-28T22:00:00Z,UNCERTAIN,False,,112954.1,UP,UP,0.0018556210000345272991418638190202923134264271947632,,2025-10,ABSTENTION,,,,,,,,,,
1396,d92d7f3f411d8f4798a9090d06aa2efb23e60f2861047cc84e5a0509522217e8,2025-10-28T23:00:00Z,UNCERTAIN,False,,113163.7,UP,DOWN,-0.0027844618017968659561325760822595938450227413914533,,2025-10,ABSTENTION,,,,,,,,,,
1397,71c294add4edb7fa9bf5d86565dd15c22627d54c63746273bfc2af36d637013e,2025-10-29T00:00:00Z,UNCERTAIN,False,,112848.6,DOWN,DOWN,-0.0043128581125507981490244451415436257073636713260067,,2025-10,ABSTENTION,,,,,,,,,,
1398,31af0817522f82c1b81bd30fa5e7bd777d53acce3093aa30952c97799cc646a6,2025-10-29T01:00:00Z,UNCERTAIN,False,,112361.9,DOWN,UP,0.00051084931814075767675697901156886809496813421631354,,2025-10,ABSTENTION,,,,,,,,,,
1399,3d432cb2abaf2ba70a5094418660577f0dfcd06876b2466537ee80fe195371c8,2025-10-29T02:00:00Z,UNCERTAIN,False,,112419.3,UP,UP,0.0016242762586139568561625984150408337358442900818632,,2025-10,ABSTENTION,,,,,,,,,,
1400,25667a5545bb409081888c3e93de3420b29f253fb69b1cd3239ca2a9d8274f56,2025-10-29T03:00:00Z,UNCERTAIN,False,,112601.9,UP,DOWN,-0.0013143650329168513142318202445962279499724249768432,,2025-10,ABSTENTION,,,,,,,,,,
1401,c023821ef6a693a41362b417123ba0553ec8e2e9866b99cdc67d5c6c77bfa2a5,2025-10-29T04:00:00Z,UNCERTAIN,False,,112453.9,DOWN,UP,0.0025370396224586252677763954829490128843908481608908,,2025-10,ABSTENTION,,,,,,,,,,
1402,4fd7ae9bbfc42d8638bef20fba7c4fccb84abb186041d725dfd43e9f921dffec,2025-10-29T05:00:00Z,UNCERTAIN,False,,112739.2,UP,UP,0.0019212483324345037041242087933921830206352360137379,,2025-10,ABSTENTION,,,,,,,,,,
1403,b8a30c5e78601509c94b0c389c371dd23c4da8c5f9a068b4070d0c6fe6ce16da,2025-10-29T06:00:00Z,UNCERTAIN,False,,112955.8,UP,UP,0.0022628320103969871401025888002209713888087198709584,,2025-10,ABSTENTION,,,,,,,,,,
1404,0f0afbad67f0f349a4b56b81a0429e0f3c610abcce4de2097eabc8f576d1065a,2025-10-29T07:00:00Z,UNCERTAIN,False,,113211.4,UP,UP,0.0025492132417760048899669114594466634985522659378826,,2025-10,ABSTENTION,,,,,,,,,,
1405,f706b65eb13a3fb90562dafb6b379b6ace5f22896dc2cc979aa46200a09822d2,2025-10-29T08:00:00Z,UNCERTAIN,False,,113500,UP,DOWN,-0.0044044052863436123348017621145374449339207048458150,,2025-10,ABSTENTION,,,,,,,,,,
1406,3ea08bd15cba4e79e64598514d8fea6b1f088ecc588a2de37f5d7569380b3c60,2025-10-29T09:00:00Z,UNCERTAIN,False,,113000.1,DOWN,DOWN,-0.00066371622679979929221301574069403478404001412388131,,2025-10,ABSTENTION,,,,,,,,,,
1407,07d6218ee31d3786ee9a6d0b8b233815cacd0ebc55d17b5ed82a359e2f97affe,2025-10-29T10:00:00Z,UNCERTAIN,False,,112925.1,DOWN,DOWN,-0.00098826567344195400314013447851717642933236277851425,,2025-10,ABSTENTION,,,,,,,,,,
1408,c8aa50185e8f70ebb5ea2e41767b7b81c325486e0e94430d0a2d8ea50ee70b4e,2025-10-29T11:00:00Z,BALANCED,False,,112813.5,DOWN,UP,0.0024420836158793052249952354992975131522379857020658,,2025-10,ABSTENTION,,,,,,,,,,
1409,6964efb7333a38d7803075a764f888009e9e21aaa7ee4b5b27807c38cce295f9,2025-10-29T12:00:00Z,UNCERTAIN,False,,113089,UP,UP,0.00019630556464377614091556207942417034371158998664768,,2025-10,ABSTENTION,,,,,,,,,,
1410,524d12220b865d3f889aa05b11a264b9119177409db16cc96bec031f0270a5e8,2025-10-29T13:00:00Z,BALANCED,False,,113111.2,UP,DOWN,-0.0025647327585597182241900006365417394563933545042401,,2025-10,ABSTENTION,,,,,,,,,,
1411,b564dce2441cbee88caff9ae76bb7db41ed2abfdfef237caa62becaa54755436,2025-10-29T14:00:00Z,BALANCED,False,,112821.1,DOWN,DOWN,-0.0033344826455335039279000116113032048083204294232196,,2025-10,ABSTENTION,,,,,,,,,,
1412,e4a054a4084a54434fb3d74353b41246e832d6b1cb3bb58e2151d7707fbf872e,2025-10-29T15:00:00Z,UNCERTAIN,False,,112444.9,DOWN,DOWN,-0.0087634032312714938605485886865478114169695557557524,,2025-10,ABSTENTION,,,,,,,,,,
1413,0c8f6ac340bc977ff2c75c3df5cb162ca246a76855466d553df5179c57880d7f,2025-10-29T16:00:00Z,UNCERTAIN,False,,111459.5,DOWN,DOWN,-0.0035026175426948802031231074964448970253769306339971,,2025-10,ABSTENTION,,,,,,,,,,
1414,7e354b8ac4fb228fe22e5b4704c2adaa715efa96535e546c45af77144043d756,2025-10-29T17:00:00Z,UNCERTAIN,False,,111069.1,DOWN,UP,0.0066706221622395427711217611378862347853723492852648,,2025-10,ABSTENTION,,,,,,,,,,
1415,1e24bca3bb7cb251f5b75f964bc90c2febdd28bab1e75087e2bb3f8c34f03dd7,2025-10-29T18:00:00Z,UNCERTAIN,False,,111810,UP,DOWN,-0.0096762364725874250961452464001430999016188176370629,,2025-10,ABSTENTION,,,,,,,,,,
1416,84f12318cf824715c45216474461f2a20dc485f384db4113cc4689e6683e2101,2025-10-29T19:00:00Z,UNCERTAIN,False,,110728.1,DOWN,DOWN,-0.0012047529037344630676404634415292956349833511096099,,2025-10,ABSTENTION,,,,,,,,,,
1417,b5968d4eb41dfe772920e4abfa4c08c344b5f4425ae935436cd39a706b127727,2025-10-29T20:00:00Z,UNCERTAIN,False,,110594.7,DOWN,UP,0.0070184195083489534308606108610991304284925046136931,,2025-10,ABSTENTION,,,,,,,,,,
1418,8f0b5c89eef7b8044c738625be86c72fc77b1b066985fd0a2628476412703f34,2025-10-29T21:00:00Z,UNCERTAIN,False,,111370.9,UP,UP,0.0017320502932094469919880327805557825248785813888547,,2025-10,ABSTENTION,,,,,,,,,,
1419,844ae6bb45dd664a0d1f8b7dffcbf7cd1ba222ef6a6f0bd4f890889564fdbbe2,2025-10-29T22:00:00Z,UNCERTAIN,False,,111563.8,UP,DOWN,-0.0053144478764617196617540815210668693608500248288423,,2025-10,ABSTENTION,,,,,,,,,,
1420,fc78f8b2e04c9f46a00499a81a5f05db8f0a5f812be37ae2dec5ba3c28750c53,2025-10-29T23:00:00Z,UNCERTAIN,False,,110970.9,DOWN,DOWN,-0.0089924475695880631769229590820656586546563107985967,,2025-10,ABSTENTION,,,,,,,,,,
1421,338698c9e728fa09a58cfc72cc7fbcbffc7d4bd9c7e9ea9f04ce3566a3e2bfbd,2025-10-30T00:00:00Z,UNCERTAIN,False,,109973,DOWN,UP,0.0049112054777081647313431478635665117801642221272494,,2025-10,ABSTENTION,,,,,,,,,,
1422,21c989980b041835447e14572459a7d777cd50f7e36b70cf3b74cae5429d2e3b,2025-10-30T01:00:00Z,BALANCED,False,,110513.1,UP,DOWN,-0.00093654055492063836775911634005380357622761464477967,,2025-10,ABSTENTION,,,,,,,,,,
1423,2879b8f6594e8dc21514f4d5f282b7d9d904d7c0f80acb75651d08dab4c6dd28,2025-10-30T02:00:00Z,UNCERTAIN,False,,110409.6,DOWN,UP,0.0045983320290989189345853983711561313508970234472365,,2025-10,ABSTENTION,,,,,,,,,,
1424,69aa039b9b19f45fb31f99d66b391c9aeffea708e4be28b7dc7b2be1129be10f,2025-10-30T03:00:00Z,UNCERTAIN,False,,110917.3,UP,DOWN,-0.0020150147902987180539014202473374306803357095782173,,2025-10,ABSTENTION,,,,,,,,,,
1425,ef6cdedf04f994ff8eef9616467d37647374f320759f83a24a3039be221b30db,2025-10-30T04:00:00Z,UNCERTAIN,False,,110693.8,DOWN,DOWN,-0.019754493928295893717624654678039781812531505829595,,2025-10,ABSTENTION,,,,,,,,,,
1426,b4b55294d0536b8101a0ebae5750bf38223abf1caed4cc7311ba880ecde341b6,2025-10-30T05:00:00Z,UNCERTAIN,False,,108507.1,DOWN,UP,0.015498524981314586787408381571344179320984525436584,,2025-10,ABSTENTION,,,,,,,,,,
1427,54ef71fcb456d04c806aa44d6285d8d3bfca6e4038842052a685e0b59ecf0268,2025-10-30T06:00:00Z,UNCERTAIN,False,,110188.8,UP,UP,0.0048208166347214961956206075390602311668699541151188,,2025-10,ABSTENTION,,,,,,,,,,
1428,ac85f5e3f2f66ead5ba86b4ae7ff900deb963691b308eef6150a96119930dded,2025-10-30T07:00:00Z,UNCERTAIN,False,,110720,UP,UP,0.0053829479768786127167630057803468208092485549132948,,2025-10,ABSTENTION,,,,,,,,,,
1429,dd7b71ee0e3d08b60f61ec5494abc456504f68df6a35634baebc7eaa13cce9e3,2025-10-30T08:00:00Z,UNCERTAIN,False,,111316,UP,DOWN,-0.0060269862373782744618922706529160228538574867943512,,2025-10,ABSTENTION,,,,,,,,,,
1430,0297711a11e713788035664cc206a3f50dcde0104776e61c8d29c792d38b9797,2025-10-30T09:00:00Z,UNCERTAIN,False,,110645.1,DOWN,DOWN,-0.0047449005875542613274333883741801489627647315606385,,2025-10,ABSTENTION,,,,,,,,,,
1431,980449c55aceb6ad59e8732c52469abe59eecdc622f4607f560249e184938a1f,2025-10-30T10:00:00Z,UNCERTAIN,False,,110120.1,DOWN,DOWN,-0.00056574594465497216221198491465227510690600535233804,,2025-10,ABSTENTION,,,,,,,,,,
1432,8d8dde838438ec5650380ea3b7081017f90ecbe99dad277ea85db47c2791d429,2025-10-30T11:00:00Z,BALANCED,False,,110057.8,DOWN,DOWN,-0.0034963446479940540334260724819140487998124621789641,,2025-10,ABSTENTION,,,,,,,,,,
1433,6f392aa383f8efe50bab9295bd839b9d7022340da066b2b15da230939737eb19,2025-10-30T12:00:00Z,UNCERTAIN,False,,109673,DOWN,DOWN,-0.012031220081515049282868162628905929444804099459302,,2025-10,ABSTENTION,,,,,,,,,,
1434,e0127a91e8d1fdf7e163d41e68a2d1b70ef674ad938df286ae4a3aa579573fa5,2025-10-30T13:00:00Z,UNCERTAIN,False,,108353.5,DOWN,DOWN,-0.0071995828468854259437858490957837079559035933310876,,2025-10,ABSTENTION,,,,,,,,,,
1435,1bf6f6f345b6d10df7afa99ade73eca3d08cd346d27530bd4ab61f71da84ce22,2025-10-30T14:00:00Z,UNCERTAIN,False,,107573.4,DOWN,UP,0.0058704103430773778647881353568819057499344633524645,,2025-10,ABSTENTION,,,,,,,,,,
1436,c76a99d2edca170bdf964b9fe1b24f4e3bcbcab144cc918657dfd512cc0dad4c,2025-10-30T15:00:00Z,DOWN,True,AS-2025-10-30T13:45:00+00:00-455d76e59628,108204.9,UP,DOWN,-0.0050672381749809851494710498323088880448112793413237,True,2025-10,PAIRED,True,False,MV_ONLY,AS-2025-10-30T13:45:00+00:00-455d76e59628,1,ACTIVATED_WITHIN_1H,2025-10-30T15:18:00Z,,DESTINATION_REACHED,2025-10-30T15:48:00Z
1437,e0e2570f2444de4681d9878098eef45cdd97443d8158ec9563abdbe62b9e68fe,2025-10-30T16:00:00Z,UNCERTAIN,False,,107656.6,DOWN,UP,0.0039988258964150827724449778276482816659638145733750,,2025-10,ABSTENTION,,,,,,,,,,
1438,4f48f904acb6b498fb3f98f7de6b1d25b742f7b1b074351518bdbbae41b8def6,2025-10-30T17:00:00Z,UNCERTAIN,False,,108087.1,UP,DOWN,-0.0060645534943577910777511839988305727510498477616663,,2025-10,ABSTENTION,,,,,,,,,,
1439,0aaa12a95eed30e5902f7005a16b20d910ba90e36f97976ec26a4044e13fad53,2025-10-30T18:00:00Z,DOWN,True,AS-2025-10-30T17:30:00+00:00-c2cdb65ac578,107431.6,DOWN,DOWN,-0.0059656562873493460024797173271179057186153794600471,True,2025-10,PAIRED,True,True,BOTH,AS-2025-10-30T17:30:00+00:00-c2cdb65ac578,1,ACTIVATED_WITHIN_1H,2025-10-30T18:36:00Z,,DESTINATION_REACHED,2025-10-30T19:00:00Z
1440,8ad808b9a8f0d00a4edc5d984d1c2775dfadf8987f4b2d9cb14c14538fb73571,2025-10-30T19:00:00Z,UNCERTAIN,False,,106790.7,DOWN,DOWN,-0.0028616724115489457415299272314911317183986995122234,,2025-10,ABSTENTION,,,,,,,,,,
1441,b44914417b157022aaeaec8860076513a9c24d7c1e76c4984ac34e3d10e23ebe,2025-10-30T20:00:00Z,UNCERTAIN,False,,106485.1,DOWN,UP,0.0090998646759030136610661961157006942755371408769865,,2025-10,ABSTENTION,,,,,,,,,,
1442,4b08c98797ad6f58ea0ecb1733845033f99665bd82adbc5eb8679e8500bdc871,2025-10-30T21:00:00Z,BALANCED,False,,107454.1,UP,UP,0.0037727736773189668891182374613904913819016677818715,,2025-10,ABSTENTION,,,,,,,,,,
1443,a15741848ebc43e89259e682f0a9a8dd4574ef893ceb212aed74728e483f4d2c,2025-10-30T22:00:00Z,UNCERTAIN,False,,107859.5,UP,UP,0.000039866678410339376689118714624117486174143214088699,,2025-10,ABSTENTION,,,,,,,,,,
1444,c9638bea5b5af84286af73581d660a58dd93a942a251d7bf769b731d018696ce,2025-10-30T23:00:00Z,BALANCED,False,,107863.8,UP,UP,0.0036824217207255817058178925645119122448866069988263,,2025-10,ABSTENTION,,,,,,,,,,
1445,c9e1161430118bc3cc325fec17128ddd2216de7d508e04c709a1be05d2019855,2025-10-31T00:00:00Z,UNCERTAIN,False,,108261,UP,UP,0.0093089847682914438255696880686489132744016774276979,,2025-10,ABSTENTION,,,,,,,,,,
1446,a04f1d8c93a6fa0dc072b1e0943a80de73048ca530e615de9d9215e1726e3544,2025-10-31T01:00:00Z,UNCERTAIN,False,,109268.8,UP,UP,0.0027931120319798515221179330238823891174790974184763,,2025-10,ABSTENTION,,,,,,,,,,
1447,25e8bc34b1ee2431575619938795b3286c2e9f98c1d92564d444f4d8b12ed9a1,2025-10-31T02:00:00Z,UNCERTAIN,False,,109574,UP,DOWN,-0.0071111760089072225162903608520269406976107470750360,,2025-10,ABSTENTION,,,,,,,,,,
1448,ab63b3a9850d45af6ae6a1090d2fe025a890ee3c4d1f189038c142f4e5cb4759,2025-10-31T03:00:00Z,UP,True,AL-2025-10-31T01:45:00+00:00-e6a6e04676ad,108794.8,DOWN,UP,0.0033907870596756462625051932629133010033567780813054,True,2025-10,PAIRED,True,False,MV_ONLY,AL-2025-10-31T01:45:00+00:00-e6a6e04676ad,1,ACTIVATED_WITHIN_1H,2025-10-31T03:08:00Z,,DESTINATION_REACHED,2025-10-31T04:41:00Z
1449,f3333cf0b69b8fbfde998accb43487df082c7b80e37346bf4802b18e8f8611de,2025-10-31T04:00:00Z,UP,True,AL-2025-10-31T01:45:00+00:00-e6a6e04676ad,109163.7,UP,UP,0.0078102885849416976522415418312131230436491251212628,True,2025-10,PAIRED,True,True,BOTH,AL-2025-10-31T01:45:00+00:00-e6a6e04676ad,2,ALREADY_ACTIVE_AT_CUTOFF,2025-10-31T03:08:00Z,,DESTINATION_REACHED,2025-10-31T04:41:00Z
1450,410c8afd5f71a3921f63366d985a4a8d66db0b9b30e0ba6c22b6aff3e063b77c,2025-10-31T05:00:00Z,UNCERTAIN,False,,110016.3,UP,DOWN,-0.0016133972874928533317335703891150674945439902996192,,2025-10,ABSTENTION,,,,,,,,,,
1451,7c6ca08e0b02f74f7d8703b8d6096ddc83df93d1ce6ccb40cc506d20351ec490,2025-10-31T06:00:00Z,UNCERTAIN,False,,109838.8,DOWN,DOWN,-0.0023097484677545639610046723015910588972202900978525,,2025-10,ABSTENTION,,,,,,,,,,
1452,6e92c3798253673faa198bae57065f1bf1258cdcef6e8f4fccda7557f96d0218,2025-10-31T07:00:00Z,UNCERTAIN,False,,109585.1,DOWN,DOWN,-0.0016772353175751082948320528977023336201728154648762,,2025-10,ABSTENTION,,,,,,,,,,
1453,154ee27c39e12c6943eb4f301a04947e94daff427d1ef70960f1668079cf76f7,2025-10-31T08:00:00Z,BALANCED,False,,109401.3,DOWN,UP,0.0056571539826309193766436047834897757156450608905013,,2025-10,ABSTENTION,,,,,,,,,,
1454,5be80be17b62d8b0b70b86afaf56f7a51421a8e3c96a20e133b04e88a71881e5,2025-10-31T09:00:00Z,BALANCED,False,,110020.2,UP,DOWN,-0.0018923797629889783876051852296214695119623487323237,,2025-10,ABSTENTION,,,,,,,,,,
1455,b47d5a9342ea62089886931bf1debbb1f91b86f6e9ed42da35dd8a3fce24aa21,2025-10-31T10:00:00Z,BALANCED,False,,109812,DOWN,DOWN,-0.00038247186099879794557971806359960660037154409354169,,2025-10,ABSTENTION,,,,,,,,,,
1456,44b5878645f3e35b9041d066b171af75b4f350544c67e6a1a449b901c8f20319,2025-10-31T11:00:00Z,UNCERTAIN,False,,109770,DOWN,UP,0.0056326865263733260453675867723421699918010385351189,,2025-10,ABSTENTION,,,,,,,,,,
1457,45f643f6e6c035b71c2d0928e10d8b4067c9f54bb2cdfd0c287aa686b3c123ea,2025-10-31T12:00:00Z,UNCERTAIN,False,,110388.3,UP,DOWN,-0.0071049196336930634858947913864059868663617430470439,,2025-10,ABSTENTION,,,,,,,,,,
1458,242fadf9120cf8472b7b118d12082cbd8bc53ae231fac5cc231675e928d9b190,2025-10-31T13:00:00Z,BALANCED,False,,109604,DOWN,UP,0.0045664391810517864311521477318346045764753111200321,,2025-10,ABSTENTION,,,,,,,,,,
1459,589942c4b13e61b1e399639b74fa3d0cb0e03b2d847afb479705393d2ec55a60,2025-10-31T14:00:00Z,BALANCED,False,,110104.5,UP,UP,0.0054212134835542598168103937622894613753298003260539,,2025-10,ABSTENTION,,,,,,,,,,
1460,ea6027a816dcd8cdc60b29dd0a7039416e4afc8918b8531f8e255246cfdf2e9e,2025-10-31T15:00:00Z,UNCERTAIN,False,,110701.4,UP,DOWN,-0.0052293828262334532354604368147105637327079874328599,,2025-10,ABSTENTION,,,,,,,,,,
1461,2019b0fe30062b6b40c118f669a628625b833daaca761e89a3970ff5c487248f,2025-10-31T16:00:00Z,BALANCED,False,,110122.5,DOWN,DOWN,-0.012182796431247020363685895253013689300551658380440,,2025-10,ABSTENTION,,,,,,,,,,
1462,72e38ebc743c8c4b13c89f5d7f5aed72c8576049c590160648ec76453085e95f,2025-10-31T17:00:00Z,UNCERTAIN,False,,108780.9,DOWN,UP,0.0042654546891963570810684596284825736871086744088346,,2025-10,ABSTENTION,,,,,,,,,,
1463,d3385150c4709b1dca21144ca999e8c866b111d5dd91285ceb6699230948c45b,2025-10-31T18:00:00Z,UNCERTAIN,False,,109244.9,UP,UP,0.0013492620708152051033961310779725186255834368469375,,2025-10,ABSTENTION,,,,,,,,,,
1464,2f690825da1b95a3b4dfc25ba1a4f03943bec87e54c2de58ced0a9180c30ff37,2025-10-31T19:00:00Z,BALANCED,False,,109392.3,UP,UP,0.0036145140014425146925332038909502771218815218255764,,2025-10,ABSTENTION,,,,,,,,,,
1465,08a1ccccbe1c696b6842c9ebdff74606512791a6879604202f667ccff48c5c6e,2025-10-31T20:00:00Z,UNCERTAIN,False,,109787.7,UP,DOWN,-0.0031879709657821413509892273906821984612119572593287,,2025-10,ABSTENTION,,,,,,,,,,
1466,52a4f8d5ce70debec48916c9da423b04eb917d35cfea1c4c3e6e820c8f6c88e4,2025-10-31T21:00:00Z,UNCERTAIN,False,,109437.7,DOWN,UP,0.00070268289629624891604995353520770264725958239253932,,2025-10,ABSTENTION,,,,,,,,,,
1467,5f0e5266f3b15c5fd9285249df6545f4861860f01dbc4f9aa50f2d27664332f8,2025-10-31T22:00:00Z,BALANCED,False,,109514.6,UP,UP,0.00014975172260137004563775058302728585960228133965700,,2025-10,ABSTENTION,,,,,,,,,,
1468,05eca63f6405791d3ea14ef4c80dbbc63395f94d20d6d19e6ac0a43afed6a6bf,2025-10-31T23:00:00Z,BALANCED,False,,109531,UP,UP,0.00014881631684180734221361988843341154558983301531073,,2025-10,ABSTENTION,,,,,,,,,,
1469,096caaa6fc522b8f340ed420db6f271091e12a0b9530c05c6d62cb958b474610,2025-11-01T00:00:00Z,BALANCED,False,,109547.3,UP,UP,0.0011848763045734582230689391705683298447337360208787,,2025-11,ABSTENTION,,,,,,,,,,
1470,376f7f26909f48856399e7f5dd4fc7b2084a9fd62a9b738370ddbdf0e1ee2d14,2025-11-01T01:00:00Z,UNCERTAIN,False,,109677.1,UP,DOWN,-0.000020970649296890599769687564678497152094648746183114,,2025-11,ABSTENTION,,,,,,,,,,
1471,f17353f59705cd7572b0ad31c68ce61633c88f4f570895816bd401a78914b04e,2025-11-01T02:00:00Z,UNCERTAIN,False,,109674.8,DOWN,UP,0.00052154186741165700780853942747103254348309730220616,,2025-11,ABSTENTION,,,,,,,,,,
1472,be4f23aea81454a6dfe0aab4f06495535e69282941bf6b4c26ac30108d8d0007,2025-11-01T03:00:00Z,UNCERTAIN,False,,109732,UP,UP,0.0040279954798964750482994933109758320271206211497102,,2025-11,ABSTENTION,,,,,,,,,,
1473,dac17df4b6b3aa3bf8030e26260c461d8eb3f189b598eefc47f73707d956f0df,2025-11-01T04:00:00Z,UNCERTAIN,False,,110174,UP,UP,0.00045745820247971390709241744876286601194474195363697,,2025-11,ABSTENTION,,,,,,,,,,
1474,795d91404bd972c0ac0ac819ad5f6f7778c1502c4e87414fe623e55b84e0418c,2025-11-01T05:00:00Z,UNCERTAIN,False,,110224.4,UP,DOWN,-0.0013953353341002536643429222567779910800149513174941,,2025-11,ABSTENTION,,,,,,,,,,
1475,7a9501123ec3d6ff5e5385acf8bfe0de6afb5b87546c4a61862135696f22f46d,2025-11-01T06:00:00Z,UNCERTAIN,False,,110070.6,DOWN,DOWN,-0.0010711307106529809049828019471139432327978588287881,,2025-11,ABSTENTION,,,,,,,,,,
1476,5e6f1e126b0fb3e06082093f44fb38f9716b610916e2087607c3086d284efeca,2025-11-01T07:00:00Z,BALANCED,False,,109952.7,DOWN,UP,0.00052022369618936142541292755885030563142151124983743,,2025-11,ABSTENTION,,,,,,,,,,
1477,efa66c4e65ffa593cf371ea308d03156b5b50e63277742d6c0dd85f915521c41,2025-11-01T08:00:00Z,UNCERTAIN,False,,110009.9,UP,UP,0.0016207632222190911908837295552491184884269506653492,,2025-11,ABSTENTION,,,,,,,,,,
1478,7611bd5a7b0a9734e4e32c1b952e88c3de1b3e36e3cd3b42f1ca3e4d71b86ed8,2025-11-01T09:00:00Z,UNCERTAIN,False,,110188.2,UP,DOWN,-0.0021082112240693649592243089550423729582659486224478,,2025-11,ABSTENTION,,,,,,,,,,
1479,d72463971a28ca5f9f2c683d633ee0e9c519989844a099311f274d70853d0544,2025-11-01T10:00:00Z,UNCERTAIN,False,,109955.9,DOWN,UP,0.0014860503165359930663111301894668680807487365389215,,2025-11,ABSTENTION,,,,,,,,,,
1480,0083d446c35a8473560531991b8181569431e4f3603d76b2402a95180189b3ea,2025-11-01T11:00:00Z,UNCERTAIN,False,,110119.3,UP,DOWN,-0.00022611840067998979288825846150493146977868548020193,,2025-11,ABSTENTION,,,,,,,,,,
1481,d76ac61bb0361a623a7da19f012f67c576eae38312e50999b66901a87a7fc7c9,2025-11-01T12:00:00Z,BALANCED,False,,110094.4,DOWN,DOWN,-0.0010899736953014867241203912278917002136348442790914,,2025-11,ABSTENTION,,,,,,,,,,
1482,a75c41ad9ec47ececee54865be87374774c63e1e3a9e6677f92edea8d3fc4ec7,2025-11-01T13:00:00Z,BALANCED,False,,109974.4,DOWN,DOWN,-0.00067924898885558820961969331044315768033287746966567,,2025-11,ABSTENTION,,,,,,,,,,
1483,7496ab120f0a40ab61835478bce58e26cb1ab0dbbb71b73023ff1d1e73a75ac1,2025-11-01T14:00:00Z,BALANCED,False,,109899.7,DOWN,DOWN,-0.00011192023272129041298565874156162391708075636239225,,2025-11,ABSTENTION,,,,,,,,,,
1484,0b68841c5ce28d1cc4f577dc20be4be7cdd2b49e7e14d15c1a8fb0938dfd1243,2025-11-01T15:00:00Z,BALANCED,False,,109887.4,DOWN,UP,0.0032087391275068843197673254622458989838689422081149,,2025-11,ABSTENTION,,,,,,,,,,
1485,4861d3d10cc1d089511b22e9ae60a941922cbd2003310c4feff24f65cbae6220,2025-11-01T16:00:00Z,UNCERTAIN,False,,110240,UP,UP,0.0016201015965166908563134978229317851959361393323657,,2025-11,ABSTENTION,,,,,,,,,,
1486,ec2596fd40c0f89afa3757deab83ea6eca5353a200c1c9d667965a2c68e3e53a,2025-11-01T17:00:00Z,UNCERTAIN,False,,110418.6,UP,DOWN,-0.0024832772739375431313202666941982600757481076557754,,2025-11,ABSTENTION,,,,,,,,,,
1487,1949539d2035c558280e031828548a8ee9b5b913741277fd13fd40b1caed0bbf,2025-11-01T18:00:00Z,BALANCED,False,,110144.4,DOWN,UP,0.0012283874622767930099033632213712181463605957270637,,2025-11,ABSTENTION,,,,,,,,,,
1488,d5368f29f37ff9dc40470b14b75571f0496a14a8acca0d6b1044dee121b5dd5b,2025-11-01T19:00:00Z,BALANCED,False,,110279.7,UP,DOWN,-0.00028926447931940329906592056380276696436424836121244,,2025-11,ABSTENTION,,,,,,,,,,
1489,6787b28ac00f1239ab4ef330912b32f97e52f8da50a718c69e1f7adf290e0a9f,2025-11-01T20:00:00Z,BALANCED,False,,110247.8,DOWN,UP,0.00099503119336621683153768147754422310467873281825125,,2025-11,ABSTENTION,,,,,,,,,,
1490,946927340fa6c0f376a0eb047c5fd8e1288fac58d5261f0575f4d542388d5d0e,2025-11-01T21:00:00Z,UNCERTAIN,False,,110357.5,UP,DOWN,-0.0049412137824796683505878621752033164941213782479668,,2025-11,ABSTENTION,,,,,,,,,,
1491,bc7603b92fa257700866d38e227d8678b8ad6810e18a529448e516753e4ecec1,2025-11-01T22:00:00Z,UNCERTAIN,False,,109812.2,DOWN,UP,0.0021445704575630030178796162903575376870693784479320,,2025-11,ABSTENTION,,,,,,,,,,
1492,92cc814130adae334b0cdb2ab1b7ad583683a355043f407a68bf648bbaec2ee6,2025-11-01T23:00:00Z,UNCERTAIN,False,,110047.7,UP,UP,0.000022717421627167128436123608217164011605876360887143,,2025-11,ABSTENTION,,,,,,,,,,
1493,1ac63e14bdbbf2af47ddf140e34cc08c4210f1efb6fba8f8826569b0074d2287,2025-11-02T00:00:00Z,BALANCED,False,,110050.2,UP,DOWN,-0.0010631511800978099085689985115883478630661280034021,,2025-11,ABSTENTION,,,,,,,,,,
1494,0055a9fcdab2ac7ddc4f7d5d0762afc847fb32c91c03546a959be400ab4029c4,2025-11-02T01:00:00Z,UNCERTAIN,False,,109933.2,DOWN,DOWN,-0.000033656802494605815167756419352843363060476725866253,,2025-11,ABSTENTION,,,,,,,,,,
1495,0e002416ab51d114c187d6db441e761cacaac37141d8abcedd744551bec53060,2025-11-02T02:00:00Z,BALANCED,False,,109929.5,DOWN,UP,0.00039206946270109479257160270900895573981506329056350,,2025-11,ABSTENTION,,,,,,,,,,
1496,dc826c46bae984d1bd2d23711dcc17c01b976af81913897f98e11499edd05780,2025-11-02T03:00:00Z,UNCERTAIN,False,,109972.6,UP,UP,0.00019186597388804120299056310390042610613916557397024,,2025-11,ABSTENTION,,,,,,,,,,
1497,3521f71631d8072ad110babd5c9b5167ac747868fb01e327db537fd7587697a1,2025-11-02T04:00:00Z,BALANCED,False,,109993.7,UP,UP,0.0057630573387384913863248531506804480620253705439493,,2025-11,ABSTENTION,,,,,,,,,,
1498,c9dd9cba4d922f34ed81c42c4074cee95ac2d6c0b1e17d09a2c972f564e6ae1e,2025-11-02T05:00:00Z,UNCERTAIN,False,,110627.6,UP,DOWN,-0.0015791719245468581077416485578644027349413708694756,,2025-11,ABSTENTION,,,,,,,,,,
1499,87703b7427f02601f123c081567b76e7d40f236392b2edf4b80b2b13c5f6bd1a,2025-11-02T06:00:00Z,UNCERTAIN,False,,110452.9,DOWN,UP,0.0014042184496740239504802499526947685393502569873675,,2025-11,ABSTENTION,,,,,,,,,,
1500,551d9f47b9f0fc09c21dd3c239d62eee6a5c5da4a6a20a754679a91836282886,2025-11-02T07:00:00Z,UNCERTAIN,False,,110608,UP,UP,0.0021110588745841168812382467814262982786055258209171,,2025-11,ABSTENTION,,,,,,,,,,
1501,b90afc21478b85299aa9ddf2a286683a505167ff060ccdb3852e1cb560d5ca01,2025-11-02T08:00:00Z,UNCERTAIN,False,,110841.5,UP,DOWN,-0.00033110342245458605305774461731391220797264562460811,,2025-11,ABSTENTION,,,,,,,,,,
1502,5d32d307daba0d33b96ca9eadd57d652493fb9e7ef9ba9aa00df85b7f73fa1e9,2025-11-02T09:00:00Z,UP,True,AL-2025-11-02T07:45:00+00:00-5b4e7183a54f,110804.8,DOWN,DOWN,-0.0012941677616854143502808542590212698366857753454724,True,2025-11,PAIRED,False,True,PERSISTENCE_ONLY,AL-2025-11-02T07:45:00+00:00-5b4e7183a54f,1,ACTIVATED_WITHIN_1H,2025-11-02T09:01:00Z,,INVALIDATED,2025-11-02T09:42:00Z
1503,d42af63c40b116f8874b7469b7f32cecda1c236352236b7d61ca35bda736d04b,2025-11-02T10:00:00Z,UNCERTAIN,False,,110661.4,DOWN,DOWN,-0.0019112355347031575599079715239460191177772918108753,,2025-11,ABSTENTION,,,,,,,,,,
1504,ebac141f41e73148db5726d7fb5f0b8ede9b4113fe5fce9e173cb22bfae86f2d,2025-11-02T11:00:00Z,UNCERTAIN,False,,110449.9,DOWN,UP,0.0063485797633135023209618116449177409848266046415615,,2025-11,ABSTENTION,,,,,,,,,,
1505,65d516bc6401383b740201dc087e1e454f05c6413a81cc6269573e6b0778a215,2025-11-02T12:00:00Z,UNCERTAIN,False,,111151.1,UP,DOWN,-0.0040872290062806395978087486313675708112650257172444,,2025-11,ABSTENTION,,,,,,,,,,
1506,3ae6cbfe9eee02f5ce9fe8d549879886db026bd2ec452fbde3e70760f918483d,2025-11-02T13:00:00Z,BALANCED,False,,110696.8,DOWN,DOWN,-0.0017326607453874005391303090965592501318917981368928,,2025-11,ABSTENTION,,,,,,,,,,
1507,6d988ebde2327c35619ae81c59b1741be9daafe9e84c5363fa3ae52dc82b86b6,2025-11-02T14:00:00Z,UNCERTAIN,False,,110505,DOWN,DOWN,-0.0012750554273562282249671960544771729785982534726935,,2025-11,ABSTENTION,,,,,,,,,,
1508,41a80f574ed34f8bb75c1546cedfa6216de658f4d5efc1b266eb0006be75df0b,2025-11-02T15:00:00Z,BALANCED,False,,110364.1,DOWN,DOWN,-0.0027373031628944557152189887834902835251680573664806,,2025-11,ABSTENTION,,,,,,,,,,
1509,76f8a2878edf0db828c150c61ac87c09f4da73f91ca77ffd046ac5fd7968550e,2025-11-02T16:00:00Z,UNCERTAIN,False,,110062,DOWN,DOWN,-0.000039068888444694808380730860787556104740964183823663,,2025-11,ABSTENTION,,,,,,,,,,
1510,5a829103006d010f0761de077026ccd69a369467cfee1bd97f740481433aa8ac,2025-11-02T17:00:00Z,UNCERTAIN,False,,110057.7,DOWN,UP,0.00078595136914545733737848419510856577958652597682852,,2025-11,ABSTENTION,,,,,,,,,,
1511,066f06c8b928c21ee935546d703594970d140c0d2ef55cda2ab1c60e234dd058,2025-11-02T18:00:00Z,BALANCED,False,,110144.2,UP,UP,0.0013110086595571986541279522662110215517476181224250,,2025-11,ABSTENTION,,,,,,,,,,
1512,6962291d889377bd978e75f557fe9fcd4bb1c55fb52bf6c3354d4e544da26e87,2025-11-02T19:00:00Z,UNCERTAIN,False,,110288.6,UP,DOWN,-0.0014026835049134724713161650433499019844299410818525,,2025-11,ABSTENTION,,,,,,,,,,
1513,23f7a7cf046661e39787da89c7cd6ca382ea2c1987b98ee4c4752e12ab579ada,2025-11-02T20:00:00Z,UNCERTAIN,False,,110133.9,DOWN,DOWN,-0.00087620614542842848568878428894282323607899111899243,,2025-11,ABSTENTION,,,,,,,,,,
1514,0c475ac6ca352364237f0c93fb597b99171c14e941a2ecd48fcfb6ef32601355,2025-11-02T21:00:00Z,UNCERTAIN,False,,110037.4,DOWN,DOWN,-0.00079154905513943441048225421538495093486396443391065,,2025-11,ABSTENTION,,,,,,,,,,
1515,52aeae626f4e9400d46b438dccc776b3ebe27214a05e337764acd17de71ae712,2025-11-02T22:00:00Z,UNCERTAIN,False,,109950.3,DOWN,DOWN,-0.00078671909035264114786408040723854323271514493366548,,2025-11,ABSTENTION,,,,,,,,,,
1516,f2810bd9bd68c21e1ca9e8fd31ab49fae0de35e045a4b5be27d0c385245c0270,2025-11-02T23:00:00Z,DOWN,True,AS-2025-11-02T22:30:00+00:00-cef885831d34,109863.8,DOWN,UP,0.0057807940377085081710263071184502993706753270868111,False,2025-11,PAIRED,False,False,NEITHER,AS-2025-11-02T22:30:00+00:00-cef885831d34,1,NOT_ACTIVATED_AT_1H,,,WITHDRAWN,2025-11-02T23:15:00Z
1517,6a3765e92f56b6e291dbb5e2a2af780cdd1d46b09a53fafb999cc1ff408ff914,2025-11-03T00:00:00Z,UNCERTAIN,False,,110498.9,UP,DOWN,-0.0071819719472320538937491685437592591419462094192793,,2025-11,ABSTENTION,,,,,,,,,,
1518,7bf40db13b21ef57c70bcb5aba33a282087165e9be8a22e5c16beacc2a5cc004,2025-11-03T01:00:00Z,BALANCED,False,,109705.3,DOWN,DOWN,-0.00085228334456038131247988930343383592223894378849518,,2025-11,ABSTENTION,,,,,,,,,,
1519,a0899973c12dc4e7fe1a7b57f9f3ad1dcbba7749f00e0198369bd09413aa9c00,2025-11-03T02:00:00Z,UNCERTAIN,False,,109611.8,DOWN,DOWN,-0.0056617991858540777544023544910310751214741478563439,,2025-11,ABSTENTION,,,,,,,,,,
1520,a88470a5dc730155cd30a9944c1f30e67e11937ff66a21a7245531bdf04a1aba,2025-11-03T03:00:00Z,UNCERTAIN,False,,108991.2,DOWN,DOWN,-0.010112743047145090612820117587474952106225089732015,,2025-11,ABSTENTION,,,,,,,,,,
1521,776e62c29a186731060035c8ac2d848d8e26fed14b4559b3788089d53994f985,2025-11-03T04:00:00Z,UNCERTAIN,False,,107889,DOWN,DOWN,-0.00036889766333917266820528506149839186571383551613232,,2025-11,ABSTENTION,,,,,,,,,,
1522,712a477a4c622d4d5588a8f9627b2662b6c6da7dc2a52ed7853f35c3493f02b3,2025-11-03T05:00:00Z,UNCERTAIN,False,,107849.2,DOWN,DOWN,-0.0027427185366233592831472092514362647103548287794439,,2025-11,ABSTENTION,,,,,,,,,,
1523,2a8949a83a8433b0d69074ca11afb56698d3f3649d1bb664dd1c7b814cb6901a,2025-11-03T06:00:00Z,UNCERTAIN,False,,107553.4,DOWN,DOWN,-0.00099020579544672692820496609126257282429007358205319,,2025-11,ABSTENTION,,,,,,,,,,
1524,2f69ed547ef42595fe8b15d0766423d3cc368bf3ee7f7ce3cb02b3434be049dc,2025-11-03T07:00:00Z,UNCERTAIN,False,,107446.9,DOWN,DOWN,-0.00024942553019212280670731310070369643051591064981865,,2025-11,ABSTENTION,,,,,,,,,,
1525,1b8d1f8504d10f5fff91047563bcb33e4b6e26b6a48a6accfcc10e41289e10c1,2025-11-03T08:00:00Z,UNCERTAIN,False,,107420.1,DOWN,UP,0.0011264186125315467030844320569427881746526022597261,,2025-11,ABSTENTION,,,,,,,,,,
1526,ba6f40743bdeff3152cb85204a9f5e33940971e84aa70cb31c933fa37b792d5e,2025-11-03T09:00:00Z,UNCERTAIN,False,,107541.1,UP,DOWN,-0.0034358956715153555245389902093246210053644606573673,,2025-11,ABSTENTION,,,,,,,,,,
1527,fdd355328312ec583ad939dfcdf02ba36fb30b84eacd389370596538921371da,2025-11-03T10:00:00Z,UNCERTAIN,False,,107171.6,DOWN,DOWN,-0.0021712841834963740393910326989612919840704067122260,,2025-11,ABSTENTION,,,,,,,,,,
1528,db8f55575728f43a301f8391402f762c56f7dd7c71496482a7c9898edfad142f,2025-11-03T11:00:00Z,UNCERTAIN,False,,106938.9,DOWN,UP,0.0075379492401735944544034023166499748922048010592965,,2025-11,ABSTENTION,,,,,,,,,,
1529,ba55bc07346259b10a6659f25eebdbc2eb73b981c5957c6dd68d8e90157929c9,2025-11-03T12:00:00Z,BALANCED,False,,107745,UP,DOWN,-0.00037310316023945426701935124599749408325212306835584,,2025-11,ABSTENTION,,,,,,,,,,
1530,4a7e8df9e85ee52efdc98395d2c07fb152f5f749e0926561910c6d4be707ec0b,2025-11-03T13:00:00Z,BALANCED,False,,107704.8,DOWN,UP,0.0013945525176222415342677392279638419086243138653059,,2025-11,ABSTENTION,,,,,,,,,,
1531,3424f387715c056f626e765235fae5b4f8235150f8d48adf9261e4264ae49f2e,2025-11-03T14:00:00Z,UNCERTAIN,False,,107855,UP,UP,0.0014899633767558295860182652635482824162069445088313,,2025-11,ABSTENTION,,,,,,,,,,
1532,7549a8ab6aab9c613018bb8f9aae3a90f841181007170ec1667f44fa3a72fa6d,2025-11-03T15:00:00Z,UNCERTAIN,False,,108015.7,UP,DOWN,-0.021424663266543659856854142499655142724622439145421,,2025-11,ABSTENTION,,,,,,,,,,
1533,e0de1d93c5998793860c6e1f71601a96902119053d5c4bb3b554746b4c82790b,2025-11-03T16:00:00Z,UNCERTAIN,False,,105701.5,DOWN,UP,0.0087047014469993330274404809770911481861657592370969,,2025-11,ABSTENTION,,,,,,,,,,
1534,a1bd8198094db1533523011d2b9c8ed6359ae4e3596dee000820c704188ba3de,2025-11-03T17:00:00Z,UNCERTAIN,False,,106621.6,UP,UP,0.0074600268613489199186656362313077275148750347021617,,2025-11,ABSTENTION,,,,,,,,,,
1535,8dff0900aabf98aa51c0cafac64086d178533fbc0951f2cacc17a3ff414209bb,2025-11-03T18:00:00Z,UNCERTAIN,False,,107417,UP,DOWN,-0.0047850898833517972015602744444547883482130389044565,,2025-11,ABSTENTION,,,,,,,,,,
1536,b0c51da184a0000322d2760b2bad0c1c0b20b7e9d93a8c23fe4af58059a2c90f,2025-11-03T19:00:00Z,BALANCED,False,,106903,DOWN,UP,0.0011075460931872819284772176646118443822904876383263,,2025-11,ABSTENTION,,,,,,,,,,
1537,c163f87cef108b53dc9826378da7b844ad68c627b2b90e124053f28ef28f4512,2025-11-03T20:00:00Z,BALANCED,False,,107021.4,UP,DOWN,-0.0039375302509591539635998034038052202643583432846141,,2025-11,ABSTENTION,,,,,,,,,,
1538,ef1c21ac44a4f1439144a7a96f3c25538077ff2a13cc83d230d27b1301ad9762,2025-11-03T21:00:00Z,BALANCED,False,,106600,DOWN,UP,0.0022345215759849906191369606003752345215759849906191,,2025-11,ABSTENTION,,,,,,,,,,
1539,c34161a84af0e4057b33ca29ecbce6545403c47df5140d5f7707ee49115b15dd,2025-11-03T22:00:00Z,BALANCED,False,,106838.2,UP,DOWN,-0.0036765875875857137241174037001746566303063885389308,,2025-11,ABSTENTION,,,,,,,,,,
1540,72b5232de2de53aed16ea657582edf90463894759e2c687b8723af95cdaeab4c,2025-11-03T23:00:00Z,UNCERTAIN,False,,106445.4,DOWN,UP,0.00082859381429352513119402059647481243905326110851197,,2025-11,ABSTENTION,,,,,,,,,,
1541,6dfc1d7404ee336f4b813af3d605abdf261018188bf5707f3f23115bf7d29fdd,2025-11-04T00:00:00Z,UNCERTAIN,False,,106533.6,UP,DOWN,-0.00096213776686416304339663730503803494859837647465213,,2025-11,ABSTENTION,,,,,,,,,,
1542,73dccf71ba5b2c1d0fe071fd8b32daae1fbfb821fed4bb09b5f4eddfb420cafa,2025-11-04T01:00:00Z,BALANCED,False,,106431.1,DOWN,UP,0.0052174599341733760150933326818946717641741934453369,,2025-11,ABSTENTION,,,,,,,,,,
1543,3cd47ccdc9d3a444d7673421aa604171522e8e740b6def122206c0a9dfd5bf2b,2025-11-04T02:00:00Z,UNCERTAIN,False,,106986.4,UP,DOWN,-0.0051520567100117398099197655029050421361967502411521,,2025-11,ABSTENTION,,,,,,,,,,
1544,534bb768d4de4f07d5c4c0e76eb55c31e98d8a1d4ec6845e467d4320469a3f14,2025-11-04T03:00:00Z,UNCERTAIN,False,,106435.2,DOWN,UP,0.0062469934758425783951174047683473136706653437960374,,2025-11,ABSTENTION,,,,,,,,,,
1545,cd31246936241a172137fd5ad13d254eae34e4350276655164e29335ab21effa,2025-11-04T04:00:00Z,BALANCED,False,,107100.1,UP,DOWN,-0.0038636751973154086690862100035387455287156594625028,,2025-11,ABSTENTION,,,,,,,,,,
1546,82978c456128a32e94042acb8ce0578eae83cebaae3868021e0309b2f9bc8bfe,2025-11-04T05:00:00Z,BALANCED,False,,106686.3,DOWN,DOWN,-0.023568161985184601959201884403152044826749076498107,,2025-11,ABSTENTION,,,,,,,,,,
1547,c31fea92d93c6b6d47122340205df07a07f5b77f2eedaf41e73176cb5a723f8d,2025-11-04T06:00:00Z,UNCERTAIN,False,,104171.9,DOWN,UP,0.0050704652598253463745981401894368826910136034765613,,2025-11,ABSTENTION,,,,,,,,,,
1548,765e0786cebe2101fcfb4ca955748ed42193e41be3dbf73a27c2f4cc67e93d5b,2025-11-04T07:00:00Z,DOWN,True,AS-2025-11-04T05:45:00+00:00-abc85295d4ef,104700.1,UP,DOWN,-0.0024431686311665413882126187081005653289729427192524,True,2025-11,PAIRED,True,False,MV_ONLY,AS-2025-11-04T05:45:00+00:00-abc85295d4ef,1,ALREADY_ACTIVE_AT_CUTOFF,2025-11-04T06:38:00Z,,DESTINATION_REACHED,2025-11-04T08:06:00Z
1549,bbf647955d44cc0bdf97388c976cbd180a46cfa155826997ea7a72dbe5544f43,2025-11-04T08:00:00Z,DOWN,True,AS-2025-11-04T05:45:00+00:00-abc85295d4ef,104444.3,DOWN,DOWN,-0.0039829842317867035348027608974352836870944608753182,True,2025-11,PAIRED,True,True,BOTH,AS-2025-11-04T05:45:00+00:00-abc85295d4ef,2,ALREADY_ACTIVE_AT_CUTOFF,2025-11-04T06:38:00Z,,DESTINATION_REACHED,2025-11-04T08:06:00Z
1550,f7ca8f48a9500b2e04d12bbcd37bc9c7a48607f48c8e06a4439f7ccc8ba1fd32,2025-11-04T09:00:00Z,UNCERTAIN,False,,104028.3,DOWN,DOWN,-0.0019744627183179961606601280613063945099554640419963,,2025-11,ABSTENTION,,,,,,,,,,
1551,0e907d55b393c0b0613bb738bca956d30e11abb8fda809dfe1d99a785e84f4d0,2025-11-04T10:00:00Z,UNCERTAIN,False,,103822.9,DOWN,DOWN,-0.00031495941646785054164351024677600028510087851524086,,2025-11,ABSTENTION,,,,,,,,,,
1552,7d608bd65ae41a878327fecd62b2eecf04c8fc7f858bb03c2c81a4c827915cab,2025-11-04T11:00:00Z,UNCERTAIN,False,,103790.2,DOWN,UP,0.0071943208511015490865226196692944035178658486061304,,2025-11,ABSTENTION,,,,,,,,,,
1553,6b64f6cc01c740da6110b141b1318a8ae06ebb766095e6ab2e1e363b910992df,2025-11-04T12:00:00Z,UNCERTAIN,False,,104536.9,UP,DOWN,-0.0061308494895104025468518771840374068869461405494137,,2025-11,ABSTENTION,,,,,,,,,,
1554,6f025ee1cd0fffb0766601842cf230e6f35fb6fe11c8ce6876d856c512a76600,2025-11-04T13:00:00Z,UNCERTAIN,False,,103896,DOWN,DOWN,-0.00029933779933779933779933779933779933779933779933780,,2025-11,ABSTENTION,,,,,,,,,,
1555,f1f352e7567d91bb1dec658d1c558dfe294565d396ef2fd8a8f4adb43425e978,2025-11-04T14:00:00Z,BALANCED,False,,103864.9,DOWN,UP,0.0056323165958856167964345991764301510905031439880075,,2025-11,ABSTENTION,,,,,,,,,,
1556,6871a6f0258120166b2c92f69afbdd2e0dd97fcfd738c69689b4d2d984eef02d,2025-11-04T15:00:00Z,UNCERTAIN,False,,104449.9,UP,DOWN,-0.012391586779882029566327971592122156172480777865752,,2025-11,ABSTENTION,,,,,,,,,,
1557,18b00b704f3580014242c115a9d07845c46557d162b29c8d0f03dab99015058e,2025-11-04T16:00:00Z,UNCERTAIN,False,,103155.6,DOWN,DOWN,-0.0090843347331603907107321366944693259503119559190194,,2025-11,ABSTENTION,,,,,,,,,,
1558,1b9b5f733082ac3aeab4cd4f4c64b370b0c5b804054b698ccc1f7bede7da4a75,2025-11-04T17:00:00Z,UNCERTAIN,False,,102218.5,DOWN,DOWN,-0.011190733575624764597406535998865176068911204918875,,2025-11,ABSTENTION,,,,,,,,,,
1559,6c7e0bcb2869fe2453bf7933c4e5fce8aac5e7a793b46c26c0f191b33bf5f22b,2025-11-04T18:00:00Z,UNCERTAIN,False,,101074.6,DOWN,UP,0.0024763887267424258913713237549295272996380890945895,,2025-11,ABSTENTION,,,,,,,,,,
1560,63045f22aaf527d62621e8eb1222ee877f3d866bea6adbe1936a32bc14535d77,2025-11-04T19:00:00Z,UNCERTAIN,False,,101324.9,UP,DOWN,-0.0081707457890409958460358707484537364458292088124439,,2025-11,ABSTENTION,,,,,,,,,,
1561,1ba6536ab33053b03c00d9483d4473f4da80e4bfb4c355c50bb5ff727372f985,2025-11-04T20:00:00Z,UNCERTAIN,False,,100497,DOWN,UP,0.0022955909131615869130421803635929430729275500761217,,2025-11,ABSTENTION,,,,,,,,,,
1562,163c05de116d18ba04590410a7db079be10b7523a1985199e5f1bb3b0290a7d7,2025-11-04T21:00:00Z,UNCERTAIN,False,,100727.7,UP,DOWN,-0.0045201071800507705427603330563489487003078597049272,,2025-11,ABSTENTION,,,,,,,,,,
1563,53691930f6f5f01e680fb5b429681cef72d8dc1fe9228b47a50a14b9724a8d35,2025-11-04T22:00:00Z,DOWN,True,AS-2025-11-04T21:30:00+00:00-2685722f11ce,100272.4,DOWN,UP,0.0098062876723804356931718000167543611203082802446137,False,2025-11,PAIRED,False,False,NEITHER,AS-2025-11-04T21:30:00+00:00-2685722f11ce,1,NOT_ACTIVATED_AT_1H,,,WITHDRAWN,2025-11-04T22:30:00Z
1564,e376aee82be9e601f3ea1ebb95d75f4830fc44f018370455d15a90cfc4228b30,2025-11-04T23:00:00Z,UNCERTAIN,False,,101255.7,UP,UP,0.0017845908921670582495602716686566780931838898945936,,2025-11,ABSTENTION,,,,,,,,,,
1565,c2763979ef4ecc6bb3acad90f5f41680a877835a72e1e822d2148c1a0acdf41c,2025-11-05T00:00:00Z,UNCERTAIN,False,,101436.4,UP,DOWN,-0.0090431048420488108805123210208564184060159863717561,,2025-11,ABSTENTION,,,,,,,,,,
1566,4117977b48893ada1a45f60c8b3b3a643a8dead4fb539563f4122ed439c9ad12,2025-11-05T01:00:00Z,UNCERTAIN,False,,100519.1,DOWN,UP,0.0019190382723283435685357310202737589174594679021201,,2025-11,ABSTENTION,,,,,,,,,,
1567,b6d8dce9783b09b644f68d7413a534efc15f149cc26d55a73e5cc972f2efb6f0,2025-11-05T02:00:00Z,BALANCED,False,,100712,UP,UP,0.0091220509969020573516562078004607196759075383271110,,2025-11,ABSTENTION,,,,,,,,,,
1568,cde91d155d35b4a586ba6a309ba0dfc3169a39c65e1a8cb489ad913484f1f02d,2025-11-05T03:00:00Z,UNCERTAIN,False,,101630.7,UP,UP,0.0044769936643159990042378926840019797167588140197795,,2025-11,ABSTENTION,,,,,,,,,,
1569,7bf4646fc0f03b10841cceda1c61be5fd70f4dc2e437848f92e695705f853313,2025-11-05T04:00:00Z,UNCERTAIN,False,,102085.7,UP,DOWN,-0.0012959699546557451239497794500111181095883164831117,,2025-11,ABSTENTION,,,,,,,,,,
1570,7a6892933a1a6367474a2efb62afbf2d5b422d538fed32a237fe71222de11233,2025-11-05T05:00:00Z,BALANCED,False,,101953.4,DOWN,DOWN,-0.0017557040765683145437032997428236821920602942128463,,2025-11,ABSTENTION,,,,,,,,,,
1571,2f071ab91c78701897baee442e2b3497ae1117203aed1979596f5138e2c6cae3,2025-11-05T06:00:00Z,UNCERTAIN,False,,101774.4,DOWN,UP,0.0028857944630476819318021034759232184124887987548932,,2025-11,ABSTENTION,,,,,,,,,,
1572,803db0cfcc251fa686be3e74f67bf2a2983b4684956004583de61decd00e8d2d,2025-11-05T07:00:00Z,BALANCED,False,,102068.1,UP,DOWN,-0.0010492994383161830189843839554180003350704088740752,,2025-11,ABSTENTION,,,,,,,,,,
1573,9045a8bfcd956ac09ba71bf4fc9a882e549970e2c8095acb094944201a1c0b11,2025-11-05T08:00:00Z,BALANCED,False,,101961,DOWN,DOWN,-0.0029913398260119065132746834574003785761222428183325,,2025-11,ABSTENTION,,,,,,,,,,
1574,792ec61d6426c89d3fb1ec856893aeecd6abc09ff3956ba8e9095f97086b0e29,2025-11-05T09:00:00Z,UNCERTAIN,False,,101656,DOWN,UP,0.0028783347761076571968206500354135515857401432281420,,2025-11,ABSTENTION,,,,,,,,,,
1575,eca786d93ebb33a291f4e74ee812dff163c512c0f513e2e7a25c4cb89a4eea27,2025-11-05T10:00:00Z,UNCERTAIN,False,,101948.6,UP,DOWN,-0.0058715862699438736775198482372489666361284019594188,,2025-11,ABSTENTION,,,,,,,,,,
1576,7f80d4b5a7c5d6ef7cae78925820dd935637847f9954f47aff2bf0cee3f68e68,2025-11-05T11:00:00Z,UNCERTAIN,False,,101350,DOWN,UP,0.0066985693142575234336457819437592501233349777997040,,2025-11,ABSTENTION,,,,,,,,,,
1577,dc9bbef7c82f3054def7ddf52d1cbe29247acee83635f59f0937c57fa1131a5e,2025-11-05T12:00:00Z,BALANCED,False,,102028.9,UP,UP,0.0057150474032357498708699201892797040838429111751670,,2025-11,ABSTENTION,,,,,,,,,,
1578,fc5252721c601218c85bf441db6566c62b00d64285fca9a547d544236b496566,2025-11-05T13:00:00Z,UNCERTAIN,False,,102612,UP,UP,0.0030990527423693135305812185709273769149807040112268,,2025-11,ABSTENTION,,,,,,,,,,
1579,ae8745976d32f1972d42c4118a6d0c13ed94ad77c9e302de6b84b135b5cc8e12,2025-11-05T14:00:00Z,UNCERTAIN,False,,102930,UP,UP,0.0023229379189740600408044301952783445059749344214515,,2025-11,ABSTENTION,,,,,,,,,,
1580,ad9838aadf980f1e7e122b3b9b7434a1849f5c6a78c4785f952e81ef6aff0bf7,2025-11-05T15:00:00Z,UNCERTAIN,False,,103169.1,UP,UP,0.0049510948530131599480852309460875397769293325230132,,2025-11,ABSTENTION,,,,,,,,,,
1581,1683ad2601aa363ce6742f100eb6c6d53c07b1e4795230f4361e6b6173356124,2025-11-05T16:00:00Z,UNCERTAIN,False,,103679.9,UP,UP,0.0019396237843593599145060903801026042656291142256117,,2025-11,ABSTENTION,,,,,,,,,,
1582,91a634da9b1dafc8a5d423ccb266ffa701ce3967c38da55d9797a39cdf7ba7dc,2025-11-05T17:00:00Z,UNCERTAIN,False,,103881,UP,DOWN,-0.00013188167229811033779035627304319365427749059019455,,2025-11,ABSTENTION,,,,,,,,,,
1583,28f935e7afacccef26c73b48aa96ea5d0e57e502bd02ed9f64cdda5e38037bf1,2025-11-05T18:00:00Z,UNCERTAIN,False,,103867.3,DOWN,UP,0.0041918871483132805031034791508010702117028169597169,,2025-11,ABSTENTION,,,,,,,,,,
1584,d6b6d5e50ce5a46dd609ffcba48d0e18784954e9746d88dbd9145a66a549e8af,2025-11-05T19:00:00Z,UNCERTAIN,False,,104302.7,UP,DOWN,-0.0033815040262620238977514484284682946846054800115433,,2025-11,ABSTENTION,,,,,,,,,,
1585,6da968fbdbecee4998466896b5bda6502b4be5fac50e0bcf720ca77dfed1fb1f,2025-11-05T20:00:00Z,UNCERTAIN,False,,103950,DOWN,DOWN,-0.0015343915343915343915343915343915343915343915343915,,2025-11,ABSTENTION,,,,,,,,,,
1586,fb35ae44eb21b49cac8780f0746beb9749f03af0eabfa64479c4edfab3862f85,2025-11-05T21:00:00Z,UNCERTAIN,False,,103790.5,DOWN,DOWN,-0.0015887773929213174616173927286215983158381547444130,,2025-11,ABSTENTION,,,,,,,,,,
1587,cb85303cc0d29732a0572d3a0ea2bcc744fd29c2aa0ee0827e4c0862c4db5c16,2025-11-05T22:00:00Z,UNCERTAIN,False,,103625.6,DOWN,UP,0.00029818886452768427878825309576012105116882314794800,,2025-11,ABSTENTION,,,,,,,,,,
1588,79681b4884680ca78b4896f9e59b2d0c15c985b7ab3b80ee8f663064ad0815e9,2025-11-05T23:00:00Z,UNCERTAIN,False,,103656.5,UP,UP,0.0016776564904275178112322912697225933733050990531226,,2025-11,ABSTENTION,,,,,,,,,,
1589,f60e16b30602d1d8a63552ee8ef99c255f778a997b39c88c2cdfe5e4deccb3ed,2025-11-06T00:00:00Z,UNCERTAIN,False,,103830.4,UP,DOWN,-0.0019493327580361820815483711899405183838259315190927,,2025-11,ABSTENTION,,,,,,,,,,
1590,0be16c665dbd08d7181bf96dbc5af48e421c7060eb30c2fedbad19edfa3f8047,2025-11-06T01:00:00Z,BALANCED,False,,103628,DOWN,DOWN,-0.0029712046937121241363338093951441695294707993978461,,2025-11,ABSTENTION,,,,,,,,,,
1591,ebcb20cca2b3a38a190cb089dc36821024ff47ac811d47ef3a1d8e3583b1519a,2025-11-06T02:00:00Z,UNCERTAIN,False,,103320.1,DOWN,DOWN,-0.00035714251147646972854265530134020389062728355857186,,2025-11,ABSTENTION,,,,,,,,,,
1592,366016e56525bb603063f0317a71a3decb2d3a89edd28035cc683320f524fbb3,2025-11-06T03:00:00Z,UNCERTAIN,False,,103283.2,DOWN,UP,0.0030914998760689056884372289007311934564382203494857,,2025-11,ABSTENTION,,,,,,,,,,
1593,fbbcb588dde78985b45534cad63847f9b3d3424d535c0084ff9f100cdbf2bdb1,2025-11-06T04:00:00Z,UNCERTAIN,False,,103602.5,UP,UP,0.0036919958495210057672353466373880939166525904297676,,2025-11,ABSTENTION,,,,,,,,,,
1594,58773743e95865044c72c0b81619a05949bd8844efcebdf3f5145cb51803d44f,2025-11-06T05:00:00Z,UNCERTAIN,False,,103985,UP,DOWN,-0.0084329470596720680867432802808097321729095542626340,,2025-11,ABSTENTION,,,,,,,,,,
1595,6dcf274822e26332fa5dc506ecb7ecb91bf55425a3a08a7553101ab6e9c740da,2025-11-06T06:00:00Z,UNCERTAIN,False,,103108.1,DOWN,UP,0.0017137353903330582175406199900880726150515817864940,,2025-11,ABSTENTION,,,,,,,,,,
1596,a1417e76b0b3a1c16bc499359ff37accb2a219ae833c41c92f3c94e0e0ff8d84,2025-11-06T07:00:00Z,BALANCED,False,,103284.8,UP,DOWN,-0.0013090019054110575805926912769352315151890694468111,,2025-11,ABSTENTION,,,,,,,,,,
1597,484bb4b0d42de3bc7ac810b5672a84ae2716e65889cac513fd9bbbb350839df9,2025-11-06T08:00:00Z,UNCERTAIN,False,,103149.6,DOWN,UP,0.00022879390710191799095682387522588550997774106734297,,2025-11,ABSTENTION,,,,,,,,,,
1598,fa73a3c743f0c9449a790fe568337a974699f2213d1e005f702d6ba9fff1660f,2025-11-06T09:00:00Z,UNCERTAIN,False,,103173.2,UP,DOWN,-0.0038391752897070169385072867760232308390163336990614,,2025-11,ABSTENTION,,,,,,,,,,
1599,18df2eee0658b7e2455a7befab82667073b37c3bbeadb74ccd373b5678ac7d78,2025-11-06T10:00:00Z,UNCERTAIN,False,,102777.1,DOWN,UP,0.0031417504483002536557268107389681164383894855955266,,2025-11,ABSTENTION,,,,,,,,,,
1600,fbdcea256f4b8b77c574ecce0f6e515d429641e6b8665d611ebd5c4f56e32a75,2025-11-06T11:00:00Z,BALANCED,False,,103100,UP,UP,0.00095926285160038797284190106692531522793404461687682,,2025-11,ABSTENTION,,,,,,,,,,
1601,bcdd526442bcf2ae366e0b5caa1ebf75a68d214cdcb4a2ade32a42d661457e1e,2025-11-06T12:00:00Z,BALANCED,False,,103198.9,UP,DOWN,-0.0066657687242790378579616643200654270539705365076566,,2025-11,ABSTENTION,,,,,,,,,,
1602,4b46e1b2db22f911449fdd2dd471d2b0b51347a9fa163d5d2ecfe403c7a4cabd,2025-11-06T13:00:00Z,UNCERTAIN,False,,102511,DOWN,UP,0.0074011569490103501087688150539942054998975719678864,,2025-11,ABSTENTION,,,,,,,,,,
1603,609a266b5104940eaeb70cc1fa29680b4bca4fd112851c8cef1002cfb7cdeef7,2025-11-06T14:00:00Z,BALANCED,False,,103269.7,UP,DOWN,-0.011554211932444850716134548662385966067491238959734,,2025-11,ABSTENTION,,,,,,,,,,
1604,3db3cfce2a9804099d58a7879b22d8971733004ae422a972072fd06c3af80d7e,2025-11-06T15:00:00Z,UNCERTAIN,False,,102076.5,DOWN,DOWN,-0.0011393415722521834114610120840741992525213932687739,,2025-11,ABSTENTION,,,,,,,,,,
1605,c7d2cf62e0e54f5becd483422bc8b665b74f1b00690e559302a03dd898706ae3,2025-11-06T16:00:00Z,UNCERTAIN,False,,101960.2,DOWN,DOWN,-0.011254391419396980390387621836755910639641742562294,,2025-11,ABSTENTION,,,,,,,,,,
1606,3add5c68e6135e3316ee5dd1826a2a1bc807258d6c9ad90d1feddb76166ad42a,2025-11-06T17:00:00Z,UNCERTAIN,False,,100812.7,DOWN,UP,0.0092607379824168978710023637894828726936189587224625,,2025-11,ABSTENTION,,,,,,,,,,
1607,cc857ef1e5c892c4fde269f5c2ca4f05a1c1e7531c63dfd2897083ad52a55505,2025-11-06T18:00:00Z,BALANCED,False,,101746.3,UP,DOWN,-0.00071353946040298271288489114591881965240996478496024,,2025-11,ABSTENTION,,,,,,,,,,
1608,0fc2992d5e8d6164932f224b71ca7ee5899814827a1d51dbea83cf00c2db9d1f,2025-11-06T19:00:00Z,UNCERTAIN,False,,101673.7,DOWN,DOWN,-0.0033627181857255121039167454317094784590311948911075,,2025-11,ABSTENTION,,,,,,,,,,
1609,fe897b212195d98f44999797596a5207e7cf9153ac8e8dc320d9c3ad683fbc00,2025-11-06T20:00:00Z,UNCERTAIN,False,,101331.8,DOWN,DOWN,-0.0045869115124768335310336932729903149850293787340203,,2025-11,ABSTENTION,,,,,,,,,,
1610,33c815a0f8508c83d72442bd7d13fe5be0b34e2b68f908b67367484fe9949852,2025-11-06T21:00:00Z,UNCERTAIN,False,,100867,DOWN,UP,0.0020571643847839233842584789871811395203584918754399,,2025-11,ABSTENTION,,,,,,,,,,
1611,bc36b9eef8f334229eb25e82749b9a87005db325c459001d5739d79c521a3646,2025-11-06T22:00:00Z,UNCERTAIN,False,,101074.5,UP,UP,0.0029255648061578340728868310008953791510222657544682,,2025-11,ABSTENTION,,,,,,,,,,
1612,8975f3dec715aec97ec8582c26d4a19260121f1b8b9d1ba3c20ff1ed12c2242c,2025-11-06T23:00:00Z,UNCERTAIN,False,,101370.2,UP,DOWN,-0.00063332221895586671428092279585124622423552483866067,,2025-11,ABSTENTION,,,,,,,,,,
1613,47c56fe17540f07ffa21e6dff15ae39f396f212d11ca8fe1d2e86b6f63bb95e0,2025-11-07T00:00:00Z,UNCERTAIN,False,,101306,DOWN,UP,0.0012398081061338913785955422186247606262215466013859,,2025-11,ABSTENTION,,,,,,,,,,
1614,139e01d5f58a5fc8c70ec78ff18e39955e3de5b86f21fe89baf0b68b33a52efc,2025-11-07T01:00:00Z,BALANCED,False,,101431.6,UP,UP,0.00055505384909633684177317522350036872138465724685404,,2025-11,ABSTENTION,,,,,,,,,,
1615,9f30e5e1daa646af889b8b0d55b86f2724c29f1d878a0f30d1f6f2b7e3efa903,2025-11-07T02:00:00Z,BALANCED,False,,101487.9,UP,UP,0.0037354206757652882757451873573105759405801085646663,,2025-11,ABSTENTION,,,,,,,,,,
1616,b2bf6aa77433bdb6ecc2dad26f3b65e630b8366ff63ba34cd2ab1add7e0ed5ca,2025-11-07T03:00:00Z,BALANCED,False,,101867,UP,DOWN,-0.000029450165411762396065457900988543885654824427930537,,2025-11,ABSTENTION,,,,,,,,,,
1617,e7013167d9730877712705ae01c447b205ba0531332c1dfc10fb4ba14651a225,2025-11-07T04:00:00Z,UNCERTAIN,False,,101864,DOWN,UP,0.0010749626953585172386711694023403754024974475771617,,2025-11,ABSTENTION,,,,,,,,,,
1618,475becc8b31523fd315f1f4ac97c7e940cfe57b8119d2b13c6985f4405e2b141,2025-11-07T05:00:00Z,UNCERTAIN,False,,101973.5,UP,UP,0.0043462272060878561587078996013670218242974890535286,,2025-11,ABSTENTION,,,,,,,,,,
1619,1c43db8542b23b7bee93affbbcd3373c5e27248127ce96807167d6145c6956a3,2025-11-07T06:00:00Z,UNCERTAIN,False,,102416.7,UP,DOWN,-0.0061864910703039640996048495997234825961000500894874,,2025-11,ABSTENTION,,,,,,,,,,
1620,78b75a30c4fecada20131475d78bad1d48de5cdf050e72ce15eaaa06b815f1f4,2025-11-07T07:00:00Z,UNCERTAIN,False,,101783.1,DOWN,UP,0.0017832036949159536308090439375495539043318586287900,,2025-11,ABSTENTION,,,,,,,,,,
1621,71d636913977edbd6d65fdf86b8109ddc03670d0bd6554db8ab8dcc366cf3650,2025-11-07T08:00:00Z,UNCERTAIN,False,,101964.6,UP,DOWN,-0.0049340653520927851430790686179321058485003618903031,,2025-11,ABSTENTION,,,,,,,,,,
1622,8bbcca996596550131b7a90d2d0f2110154650e6d9ef26cb61d886afec673b5c,2025-11-07T09:00:00Z,UNCERTAIN,False,,101461.5,DOWN,DOWN,-0.0047722535148800283851510178737747815673925577682175,,2025-11,ABSTENTION,,,,,,,,,,
1623,c5e74e8131b028016765f4f4a54e7650fbe09efae4209fe97a1303eda1653351,2025-11-07T10:00:00Z,UNCERTAIN,False,,100977.3,DOWN,DOWN,-0.0025708748401868538770594975306331224938674335717037,,2025-11,ABSTENTION,,,,,,,,,,
1624,57e350d4ed6fbb31bf90913fefe9fda88a7f92593f10c8f903f28aabf3156ef8,2025-11-07T11:00:00Z,UNCERTAIN,False,,100717.7,DOWN,DOWN,-0.0035713682897842186626581027962314469055588044603878,,2025-11,ABSTENTION,,,,,,,,,,
1625,bb70d657d6711c173e3bc2782008c53947d5049a5a31e55559cdf9b2959c84d6,2025-11-07T12:00:00Z,DOWN,True,AS-2025-11-07T11:15:00+00:00-328527d5a9ba,100358,DOWN,DOWN,-0.0076057713386077841328045596763586360828234918990016,True,2025-11,PAIRED,True,True,BOTH,AS-2025-11-07T11:15:00+00:00-328527d5a9ba,1,ACTIVATED_WITHIN_1H,2025-11-07T12:17:00Z,,DESTINATION_REACHED,2025-11-07T12:31:00Z
1626,db2f6d6c2340c4880742e6d172d0e3ba85b33d67576a32ee33a9d1643748976b,2025-11-07T13:00:00Z,UNCERTAIN,False,,99594.7,DOWN,UP,0.0069802911199089911410948574572743328711266764195283,,2025-11,ABSTENTION,,,,,,,,,,
1627,5e2c19c10e6fc032fc4191fccb571fb6f5267b43055ec39596af78935f75bc6a,2025-11-07T14:00:00Z,UNCERTAIN,False,,100289.9,UP,UP,0.0045797233819158260203669561939936125173123116086465,,2025-11,ABSTENTION,,,,,,,,,,
1628,735f581ef24de173373da4a8deef1266df96d0fa5def37f1f198acb63423156f,2025-11-07T15:00:00Z,UNCERTAIN,False,,100749.2,UP,UP,0.000038709984793923921976551674852008750441690852135799,,2025-11,ABSTENTION,,,,,,,,,,
1629,22bbbb8e0e353ebe660d04a7f9f66d1ee912dabf1032a513ea7f94e8e4d06bdc,2025-11-07T16:00:00Z,UNCERTAIN,False,,100753.1,UP,UP,0.0035294199384435813885627340498704258231260378092585,,2025-11,ABSTENTION,,,,,,,,,,
1630,ecdb331eddf2aa1f8efcdcd4f8b3f6738c92056d4a130aed199d20ccb6c77654,2025-11-07T17:00:00Z,BALANCED,False,,101108.7,UP,UP,0.012228423468999205805237333681473503269253783304503,,2025-11,ABSTENTION,,,,,,,,,,
1631,d519fab2a25ba30649fbbb392ff042dbf8f87ce384c49d7abf4319f2e6160523,2025-11-07T18:00:00Z,UNCERTAIN,False,,102345.1,UP,UP,0.0020968273029192408820744715672758148655871165302491,,2025-11,ABSTENTION,,,,,,,,,,
1632,69f406563ff25c49d73059bcff5aa83e06e701f195b5848cffc282fb57a23412,2025-11-07T19:00:00Z,UNCERTAIN,False,,102559.7,UP,UP,0.0076277524212726831299233519598828779725369711494866,,2025-11,ABSTENTION,,,,,,,,,,
1633,85f673bb389854af679476050bc4949384455a01f764de5512260a8947bd323c,2025-11-07T20:00:00Z,UNCERTAIN,False,,103342,UP,UP,0.0036761432912078341816492810280428093127673162896015,,2025-11,ABSTENTION,,,,,,,,,,
1634,9ce85a8c5bc0789df0707d1803053b1ff46c240a414a4497f412669e198c186d,2025-11-07T21:00:00Z,UP,True,AL-2025-11-07T20:30:00+00:00-9762bdadf315,103721.9,UP,UP,0.0011357292914996736465490894401278804186965337117812,True,2025-11,PAIRED,True,True,BOTH,AL-2025-11-07T20:30:00+00:00-9762bdadf315,1,ACTIVATED_WITHIN_1H,2025-11-07T21:55:00Z,,DESTINATION_REACHED,2025-11-07T22:00:00Z
1635,cbddf2a1b8dcd69d6544db835456f0c8fdf39720bff931ca3b96fab85de15489,2025-11-07T22:00:00Z,UNCERTAIN,False,,103839.7,UP,DOWN,-0.0025394911580060420051290595022905497608332843796737,,2025-11,ABSTENTION,,,,,,,,,,
1636,d737966530dfcb2f396d160818c9cfb25b32caaf083c454dd5b0fe113f83ffbe,2025-11-07T23:00:00Z,UNCERTAIN,False,,103576,DOWN,DOWN,-0.0027979454699930485826832470842666254730825673901290,,2025-11,ABSTENTION,,,,,,,,,,
1637,5684a2ffe76d665026d3559b9226a7701f2fadcd307099450ab28910194265b6,2025-11-08T00:00:00Z,UNCERTAIN,False,,103286.2,DOWN,DOWN,-0.0061218245999949654455290251747087219783475430405998,,2025-11,ABSTENTION,,,,,,,,,,
1638,4d51ae2e3645fc87128960a2e4748ac5cd6dc5a4ad399b221d2bd71b7451ebe3,2025-11-08T01:00:00Z,UNCERTAIN,False,,102653.9,DOWN,UP,0.0027500172911111998667366753722946717075532444456567,,2025-11,ABSTENTION,,,,,,,,,,
1639,859ccd43aa284b0b7ad3f5d09b5e6c672111ac198382fa33c7aafe6bb6dd431e,2025-11-08T02:00:00Z,BALANCED,False,,102936.2,UP,DOWN,-0.0014173828060487952731886352905974768837396367847269,,2025-11,ABSTENTION,,,,,,,,,,
1640,fd5ea684ccb805552d63a89a7fb5a649258ed3d07c28ca346b7003688558d054,2025-11-08T03:00:00Z,BALANCED,False,,102790.3,DOWN,DOWN,-0.0024350546695553957912371108947050451258533149528701,,2025-11,ABSTENTION,,,,,,,,,,
1641,255fa422041cbb0cc9ae62a67cc8b8f6a14e76b039c33d7a73da9e2b0ab1fa64,2025-11-08T04:00:00Z,UNCERTAIN,False,,102540,DOWN,DOWN,-0.00012385410571484298810220401794421689096937780378389,,2025-11,ABSTENTION,,,,,,,,,,
1642,bf9084bceca698c23919dbe11ae8d51c4f4912b8617392641c1609d6f0f7b733,2025-11-08T05:00:00Z,UNCERTAIN,False,,102527.3,DOWN,DOWN,-0.0025885788468047046981633184527438057961147908898410,,2025-11,ABSTENTION,,,,,,,,,,
1643,e9e5794f838cdf323273d9880bc8c1d5aad980079753aba12d030a2b0ce6e6d4,2025-11-08T06:00:00Z,UNCERTAIN,False,,102261.9,DOWN,DOWN,-0.00081848665045339466604864568328967093316279083412297,,2025-11,ABSTENTION,,,,,,,,,,
1644,33d9d33758113294e733d0c8ab0d8a9fb4462e8a2cc3c4d213cb598f8cd0f18a,2025-11-08T07:00:00Z,DOWN,True,AS-2025-11-08T06:00:00+00:00-225faec23d68,102178.2,DOWN,UP,0.0013486242662329146530277495591036052700086711255434,True,2025-11,PAIRED,False,False,NEITHER,AS-2025-11-08T06:00:00+00:00-225faec23d68,1,ALREADY_ACTIVE_AT_CUTOFF,2025-11-08T06:54:00Z,,DESTINATION_REACHED,2025-11-08T07:22:00Z
1645,a3d6967346a6792226155f7b115edc3c0a19966e526f4bb5e170128a69f83f9c,2025-11-08T08:00:00Z,UNCERTAIN,False,,102316,UP,UP,0.00068415497087454552562649048047226240275225771140389,,2025-11,ABSTENTION,,,,,,,,,,
1646,23ee5153c52832c28675baa680ad43ccdc54f0d508da7e2878ec346ad9738866,2025-11-08T09:00:00Z,UNCERTAIN,False,,102386,UP,DOWN,-0.00036137753208446467290449866192643525481999492118063,,2025-11,ABSTENTION,,,,,,,,,,
1647,4d8f824e236d54f9a7efbfd1e494ae31b56b7048a05f0c980913555650256291,2025-11-08T10:00:00Z,UNCERTAIN,False,,102349,DOWN,UP,0.00088325240109820320667519956228199591593469403706924,,2025-11,ABSTENTION,,,,,,,,,,
1648,8d0969cc911710de6478cf18b0714d71239b53e97e54ad294dfd000d6b99339d,2025-11-08T11:00:00Z,BALANCED,False,,102439.4,UP,DOWN,-0.0062417390183855040150567066968373496916225592887112,,2025-11,ABSTENTION,,,,,,,,,,
1649,a3196b074cfbbd3b1825bd9fb6a025b673a1a3d5b2b7a81d904d91571a83accf,2025-11-08T12:00:00Z,UNCERTAIN,False,,101800,DOWN,UP,0.0021178781925343811394891944990176817288801571709234,,2025-11,ABSTENTION,,,,,,,,,,
1650,3dc541a807952caf427f2f039f6b18510eb8fed4e590ccf9aa927ff5b2561893,2025-11-08T13:00:00Z,UNCERTAIN,False,,102015.6,UP,DOWN,-0.0024858943142029258270303757464544638271009531875517,,2025-11,ABSTENTION,,,,,,,,,,
1651,7a5044ed92635c597f6fc85c68abec449e318af0d9e1adf7992d59fd1751e201,2025-11-08T14:00:00Z,UNCERTAIN,False,,101762,DOWN,UP,0.00026335960378137222145791159764941726774237927713685,,2025-11,ABSTENTION,,,,,,,,,,
1652,0e0ba5ba089da65243d1a229464c8f00823e603b9e46d6af90a9e114ef1cae41,2025-11-08T15:00:00Z,UNCERTAIN,False,,101788.8,UP,DOWN,-0.0010187761325411047187902794806501304662202521299003,,2025-11,ABSTENTION,,,,,,,,,,
1653,838ceb34187a6ad31c2e2e174ecd7a43368676f4743184a3651ce9e611858032,2025-11-08T16:00:00Z,UNCERTAIN,False,,101685.1,DOWN,UP,0.0011801139006599786989440930873844840591197727100627,,2025-11,ABSTENTION,,,,,,,,,,
1654,e63fc2d72bdd4a8ea32a61dd12225ccff47e84e770395e649c81146eda231e97,2025-11-08T17:00:00Z,UNCERTAIN,False,,101805.1,UP,UP,0.0013908929906262063491907576339495762000135553130442,,2025-11,ABSTENTION,,,,,,,,,,
1655,e6e2b0cd3de34c6f8aa542760951b57b018fa33ee4c9c4f46b20a8d950b89087,2025-11-08T18:00:00Z,UNCERTAIN,False,,101946.7,UP,UP,0.0013703239045501227602266674644691785020996265695702,,2025-11,ABSTENTION,,,,,,,,,,
1656,873bad0338925117999b8b952b223240c0e33570a178c2c0ef23a24e40bcd928,2025-11-08T19:00:00Z,UNCERTAIN,False,,102086.4,UP,DOWN,-0.0014977509247069149269638267193279418218293523916996,,2025-11,ABSTENTION,,,,,,,,,,
1657,38da9135227293b0525c6e9c565e0cc8ae3ebf66d0f9aa801a63b8ae9a7f0bf0,2025-11-08T20:00:00Z,BALANCED,False,,101933.5,DOWN,UP,0.00084074421068637886465195446050611428038868477978290,,2025-11,ABSTENTION,,,,,,,,,,
1658,eebc4b36040b23480cf84f608a65ff2f5064f3ee021770f7a8894331aee335d4,2025-11-08T21:00:00Z,UNCERTAIN,False,,102019.2,UP,UP,0.0020211881685016153822025657915372792572378532668360,,2025-11,ABSTENTION,,,,,,,,,,
1659,69ebd5b8cc4e80468b39d99d454dc95761542ed234fc48aa052aee903dd1e1a1,2025-11-08T22:00:00Z,UNCERTAIN,False,,102225.4,UP,UP,0.0010065991426788254191228403117033535696607692413040,,2025-11,ABSTENTION,,,,,,,,,,
1660,920e2003e76beed297a65196a4fa327d5bbcd9d02c9117d633f03704a0557656,2025-11-08T23:00:00Z,UNCERTAIN,False,,102328.3,UP,DOWN,-0.00058048457758020019877199171685643170071231516599025,,2025-11,ABSTENTION,,,,,,,,,,
1661,a816181daa39af49d3df2ac064e011291d49e79bf1a9cbc71f02beb192f6a3fb,2025-11-09T00:00:00Z,UNCERTAIN,False,,102268.9,DOWN,DOWN,-0.0049702304415125223797263879830525213432431560327724,,2025-11,ABSTENTION,,,,,,,,,,
1662,a9f242c619cdd434d4676747aa975fcfefccc66379f08f6fcc7949d31b4849e2,2025-11-09T01:00:00Z,UNCERTAIN,False,,101760.6,DOWN,UP,0.0023525804682755408281790791327881321454472556175966,,2025-11,ABSTENTION,,,,,,,,,,
1663,56ed1fdac7553573946d7fc948839b20807349c426db97df07a32963eff78b3c,2025-11-09T02:00:00Z,BALANCED,False,,102000,UP,DOWN,-0.0040186274509803921568627450980392156862745098039216,,2025-11,ABSTENTION,,,,,,,,,,
1664,188f0152d7511e85839c6b1b391a688bfc7528ba90f97fef1b630ffe28a29a9a,2025-11-09T03:00:00Z,UNCERTAIN,False,,101590.1,DOWN,UP,0.00031400697508910809222552197507434287396114385161546,,2025-11,ABSTENTION,,,,,,,,,,
1665,e4e8742fd42227326aac4a2245759f9cfbe987c2dcccbff73ba3b6e6c83d6db5,2025-11-09T04:00:00Z,BALANCED,False,,101622,UP,UP,0.00044281750014760583338253527779417842593139280864380,,2025-11,ABSTENTION,,,,,,,,,,
1666,dbdfc08dc5da5779d65ef0548e10764ff0aebe0655543a0d2e29a941817b385f,2025-11-09T05:00:00Z,BALANCED,False,,101667,UP,UP,0.0020744194281330225146802797367877482368910265867981,,2025-11,ABSTENTION,,,,,,,,,,
1667,0f0dbbd593d1a7ed3f4187963b85829e95ec669ecdc567cc4868e29d427ec218,2025-11-09T06:00:00Z,BALANCED,False,,101877.9,UP,DOWN,-0.0017785996766717806315206732765398580064960114018840,,2025-11,ABSTENTION,,,,,,,,,,
1668,44f94fbf94a1a105bc7e80f8e1bcf525d06d686b97f4f9a13ecf974e639f6b3b,2025-11-09T07:00:00Z,UNCERTAIN,False,,101696.7,DOWN,UP,0.0019597489397394409061454304810283912850662804201120,,2025-11,ABSTENTION,,,,,,,,,,
1669,e306c3ced24c54abf9097c2a36d51eb0b821b51714eabee46b45ed6d2c8df2d0,2025-11-09T08:00:00Z,BALANCED,False,,101896,UP,UP,0.00043181282876658553819580748998979351495642616000628,,2025-11,ABSTENTION,,,,,,,,,,
1670,554f51ed3e5178e55c4438acd518eec3017f36497ceaec1893b36a8a07555536,2025-11-09T09:00:00Z,UNCERTAIN,False,,101940,UP,DOWN,-0.0033352952717284677261134000392387679026878556013341,,2025-11,ABSTENTION,,,,,,,,,,
1671,c0567cc92f720d1ac03712bbe04af4de32cd0c4d4aef9356e2ff0b7b6e73069a,2025-11-09T10:00:00Z,UNCERTAIN,False,,101600,DOWN,UP,0.0023966535433070866141732283464566929133858267716535,,2025-11,ABSTENTION,,,,,,,,,,
1672,6705368eb6479b6c34ee992bfe3183af3b2f23edc754d5af9476d9050965d8ac,2025-11-09T11:00:00Z,BALANCED,False,,101843.5,UP,UP,0.0035584008797812329701944650370421283636167256624134,,2025-11,ABSTENTION,,,,,,,,,,
1673,5b71c558e67187f23bc43a4ac0a6a278c731638db05e01eccd2e34226b6fabff,2025-11-09T12:00:00Z,UNCERTAIN,False,,102205.9,UP,DOWN,-0.0014705608971693414959410366720512220918753222661314,,2025-11,ABSTENTION,,,,,,,,,,
1674,def260ff1ea8c36d2e6bccf67b7a7a087f68384bbdfd0d47548c91f6f248294f,2025-11-09T13:00:00Z,BALANCED,False,,102055.6,DOWN,UP,0.0079995610235989009912243914101724942090389944304869,,2025-11,ABSTENTION,,,,,,,,,,
1675,07cc469edc573e59d7ecc7ae4bd892599a10668abd4e5fa4ccaf0edf42245e39,2025-11-09T14:00:00Z,UNCERTAIN,False,,102872,UP,UP,0.0011353915545532311999377867641340695232910801773077,,2025-11,ABSTENTION,,,,,,,,,,
1676,b0c1b58ba576b9a967400f246b16817f1a6258183fe786f60426ebf7270db0e8,2025-11-09T15:00:00Z,UNCERTAIN,False,,102988.8,UP,UP,0.0068560853218990802883420333084762614963957245836440,,2025-11,ABSTENTION,,,,,,,,,,
1677,b45fe67f2a670689f370a084cefb5d99f5b96f9aa23dca666dab9ac90975b61a,2025-11-09T16:00:00Z,UNCERTAIN,False,,103694.9,UP,UP,0.0010135503288975639110505916877300619413298050338059,,2025-11,ABSTENTION,,,,,,,,,,
1678,18d10d0c2d64b428bee9cbaf635c40ea920fd0a666c528a303276fdf28e47b1d,2025-11-09T17:00:00Z,UNCERTAIN,False,,103800,UP,DOWN,-0.0019306358381502890173410404624277456647398843930636,,2025-11,ABSTENTION,,,,,,,,,,
1679,30c87f44dc1414e17d92b20131f96b560494048566db6a96fe328e370c276c52,2025-11-09T18:00:00Z,UNCERTAIN,False,,103599.6,DOWN,UP,0.0085077548561963559704863725342568890227375395271796,,2025-11,ABSTENTION,,,,,,,,,,
1680,647c0d42b3e90511a3aa9028503f315cfdd4de3f5a578a73fcc063060e97dfeb,2025-11-09T19:00:00Z,UNCERTAIN,False,,104481,UP,UP,0.0027076693370086427197289459327533235707927757199874,,2025-11,ABSTENTION,,,,,,,,,,
1681,4a33618f61de515655c9086344231b6859affc93cb6eee6a960e53aca19d3615,2025-11-09T20:00:00Z,UNCERTAIN,False,,104763.9,UP,DOWN,-0.0017171945679761826354307161149976279997212780356592,,2025-11,ABSTENTION,,,,,,,,,,
1682,c7c40af29469167c2c6d2f8277b34114b98ffea7173f8693154c9774c9fb1c04,2025-11-09T21:00:00Z,UNCERTAIN,False,,104584,DOWN,DOWN,-0.0010431806012391952879981641551288916086590683087279,,2025-11,ABSTENTION,,,,,,,,,,
1683,50635602a664179467fd8bff3903392da8436907f2ab79e7950db86b1a1490cb,2025-11-09T22:00:00Z,UNCERTAIN,False,,104474.9,DOWN,UP,0.0020368528708809484383330350160660598861544734668327,,2025-11,ABSTENTION,,,,,,,,,,
1684,5de41f95a29d5cd12185b3dec0b282504ff4d4ba1ab65d8d0936633b8222f203,2025-11-09T23:00:00Z,UNCERTAIN,False,,104687.7,UP,DOWN,-0.00027223828587312549611845517668264753165844698087741,,2025-11,ABSTENTION,,,,,,,,,,
1685,a3910d68e391191d73ea15a4446a1a3092f9f5a57ed209e2eb18fb6286a3c05e,2025-11-10T00:00:00Z,UNCERTAIN,False,,104659.2,DOWN,UP,0.015248540023237326484437106341344095884547177887849,,2025-11,ABSTENTION,,,,,,,,,,
1686,2e2d96b926fc931d3108d68561a5188e5c062f20191fa57568fdefd4e9e7731a,2025-11-10T01:00:00Z,UNCERTAIN,False,,106255.1,UP,DOWN,-0.0053352733186454109026296149549527505032699606889458,,2025-11,ABSTENTION,,,,,,,,,,
1687,b6553d063c4bb4775ccb9a11e9acad424b06f79c13420cb15a8c1544aa0b9cb8,2025-11-10T02:00:00Z,UNCERTAIN,False,,105688.2,DOWN,UP,0.0024647973946003432738943420362916579145070121356973,,2025-11,ABSTENTION,,,,,,,,,,
1688,7dfc59e641b8aecdcc575f30531ae2cd89d108669f1d36f4466393a64b215899,2025-11-10T03:00:00Z,UNCERTAIN,False,,105948.7,UP,UP,0.00025012104914925808433704236106719572774370992754040,,2025-11,ABSTENTION,,,,,,,,,,
1689,67aa8878e87d87a7ef27fb2592ba65d9d44b2563d14fac07c7138d9d90789ec3,2025-11-10T04:00:00Z,UNCERTAIN,False,,105975.2,UP,UP,0.0013512595399678415327359608663158927749133759596585,,2025-11,ABSTENTION,,,,,,,,,,
1690,96053c729459eec3134c4f39fd94d7b182a1b62685e5db342e57ef47399422ac,2025-11-10T05:00:00Z,UNCERTAIN,False,,106118.4,UP,DOWN,-0.00060027290271998070080212291176647970568723237440444,,2025-11,ABSTENTION,,,,,,,,,,
1691,fdb222ae7b5331f75efca770f576ef92efb5e2b54df7fcbf0d7c3f405deaa5c9,2025-11-10T06:00:00Z,UNCERTAIN,False,,106054.7,DOWN,UP,0.0011079188381090135562120302070535299237091802626381,,2025-11,ABSTENTION,,,,,,,,,,
1692,c5f089c29609df7ddcbe17891d9f001ffe305ecb4def9bb84a172c0aa31ad4fc,2025-11-10T07:00:00Z,UNCERTAIN,False,,106172.2,UP,UP,0.0024620380852991649414818568325795264673803500351316,,2025-11,ABSTENTION,,,,,,,,,,
1693,836318dcf0971048c7d390b07eee834394d00fc54059388edbb9b03dcef7b6e9,2025-11-10T08:00:00Z,UNCERTAIN,False,,106433.6,UP,DOWN,-0.0046639407104523383593151035011500127779197546639407,,2025-11,ABSTENTION,,,,,,,,,,
1694,3f523206685901d12cfc8aa394ce84c9f4f6a2377d747f7cd7045cd77b17be2c,2025-11-10T09:00:00Z,UNCERTAIN,False,,105937.2,DOWN,UP,0.0043676819851761232126203071253535113255777951465585,,2025-11,ABSTENTION,,,,,,,,,,
1695,66e6f23fa867127810b2c28dd23dab0959e243935aa62d64e5b45baadaf43b36,2025-11-10T10:00:00Z,UNCERTAIN,False,,106399.9,UP,DOWN,-0.0042283874326949555403717484696884113612888733917983,,2025-11,ABSTENTION,,,,,,,,,,
1696,f94509a9079fb1f107e146668011fed8cae5720460ccae8cb9f0404aa28d206c,2025-11-10T11:00:00Z,UNCERTAIN,False,,105950,DOWN,UP,0.0016885323265691363850873053327041057102406795658329,,2025-11,ABSTENTION,,,,,,,,,,
1697,d43a0f77ff856e574c38edb316283df30225e8efbd7104e468dbfb9ee17f8547,2025-11-10T12:00:00Z,BALANCED,False,,106128.9,UP,DOWN,-0.0021982702166893277891318952707509453127282012722265,,2025-11,ABSTENTION,,,,,,,,,,
1698,883c398640c31a3b3a74f8e13d12918cc0ab3cc0f3a7e301c29fafab9cfe9d29,2025-11-10T13:00:00Z,UNCERTAIN,False,,105895.6,DOWN,UP,0.0057207287177182054778479936843457140806605751324890,,2025-11,ABSTENTION,,,,,,,,,,
1699,2443f213ba215d8cb99bf433a87abc17d724677cf39d664495b4cc7477db33fa,2025-11-10T14:00:00Z,UNCERTAIN,False,,106501.4,UP,DOWN,-0.015410126064070519260779670501984011477783390640874,,2025-11,ABSTENTION,,,,,,,,,,
1700,c7bf3c69d4c1d26ca0c1bee74e3b5eba88709e3095be78c50169c8b0bfacdd4f,2025-11-10T15:00:00Z,UNCERTAIN,False,,104860.2,DOWN,UP,0.0016660277207176793483132780597404925796441357159342,,2025-11,ABSTENTION,,,,,,,,,,
1701,c1f2204104f2caac5c917e98ec7be6b7606684bae635aa0f7bb32c09f291e315,2025-11-10T16:00:00Z,UNCERTAIN,False,,105034.9,UP,UP,0.0015832832706081502433952905177231567793181123607487,,2025-11,ABSTENTION,,,,,,,,,,
1702,4a18d39f5d1198a6384a491b75efed7420b3696262371bd166407d2c08b63640,2025-11-10T17:00:00Z,BALANCED,False,,105201.2,UP,UP,0.0067290106956954863632734227366227761660513378174393,,2025-11,ABSTENTION,,,,,,,,,,
1703,6367aaa2e2fa97f788a6a1848616e99a111b42500088a4460dfa8c053c16cb91,2025-11-10T18:00:00Z,UNCERTAIN,False,,105909.1,UP,DOWN,-0.0045397420995929528246392425202366935419147174322131,,2025-11,ABSTENTION,,,,,,,,,,
1704,5a0eeb29b298db5406f3520778c4db0bd9c320a66bc93e190823e18b20d1380d,2025-11-10T19:00:00Z,BALANCED,False,,105428.3,DOWN,UP,0.0032363226951397300345353192643720898468437791371008,,2025-11,ABSTENTION,,,,,,,,,,
1705,59b9826630bad316af4e64efc7b52f1c3edccccbbbc628027ed8d55f07f90916,2025-11-10T20:00:00Z,BALANCED,False,,105769.5,UP,UP,0.0016621048600967197538042630436940705969112078623800,,2025-11,ABSTENTION,,,,,,,,,,
1706,956b9df9b57f470c61b65e2ea5b4277ca209326e825626acc7f0e3e151bfbd23,2025-11-10T21:00:00Z,BALANCED,False,,105945.3,UP,DOWN,-0.0033951482510314284824338597370529886649053804180082,,2025-11,ABSTENTION,,,,,,,,,,
1707,b662c776f84dc7c2ef4f2429e92931c2826a4e359de2a35dab6fec6b151cb38a,2025-11-10T22:00:00Z,BALANCED,False,,105585.6,DOWN,UP,0.0040185404070252004061159855131760391568547226136897,,2025-11,ABSTENTION,,,,,,,,,,
1708,7e41689b7861d7806b8950afbaf4cda09f4db949c7c75c5be057d7a1616af9ab,2025-11-10T23:00:00Z,UNCERTAIN,False,,106009.9,UP,DOWN,-0.00047071075437294064044961838469803291956694610597689,,2025-11,ABSTENTION,,,,,,,,,,
1709,6feeee2c0d946d732c940ba62d3673ec195356eac6c297e95c062d251910260b,2025-11-11T00:00:00Z,UNCERTAIN,False,,105960,DOWN,UP,0.0011551528878822197055492638731596828992072480181200,,2025-11,ABSTENTION,,,,,,,,,,
1710,4e30dcc7a96245026e16405672afe3a091373b4957e1d325224ff2ad8bf34524,2025-11-11T01:00:00Z,UNCERTAIN,False,,106082.4,UP,DOWN,-0.00026960174355029675045059312383581065285099130487244,,2025-11,ABSTENTION,,,,,,,,,,
1711,b703583b37e53c68c8982343272a993b17916d9a0d797590f9378a653f465666,2025-11-11T02:00:00Z,BALANCED,False,,106053.8,DOWN,UP,0.0051511591286686568515225291314408347461382807593882,,2025-11,ABSTENTION,,,,,,,,,,
1712,d860afedb574bb989ba6be84b0c580aede7fd89763a71947e3a0a84ccb7d9551,2025-11-11T03:00:00Z,UNCERTAIN,False,,106600.1,UP,DOWN,-0.0017786099637805217818745010558151446387010893986028,,2025-11,ABSTENTION,,,,,,,,,,
1713,c0022b728f2755f2f98df55f88c6958da277dbbf15e8408eae7f17dbc0dcbd1e,2025-11-11T04:00:00Z,UNCERTAIN,False,,106410.5,DOWN,DOWN,-0.0066187077403075824284257662542700203457365579524577,,2025-11,ABSTENTION,,,,,,,,,,
1714,8ad09e3cee64e7de2051db489f875e212b1fddbea6284cb58c45e50e620b29ff,2025-11-11T05:00:00Z,UNCERTAIN,False,,105706.2,DOWN,DOWN,-0.0047102251334358817174394690188465766435648996936793,,2025-11,ABSTENTION,,,,,,,,,,
1715,0ca6845341791ba140b490d46ddb74be96cb1acb1d76f14653dbb8e7cfeded19,2025-11-11T06:00:00Z,UNCERTAIN,False,,105208.3,DOWN,UP,0.000049425758233903598860546173638391647807254750813386,,2025-11,ABSTENTION,,,,,,,,,,
1716,9c4897342c70e52488cd2f10b1557c30f4aaac287e46f2380453f1aa28519ff8,2025-11-11T07:00:00Z,UNCERTAIN,False,,105213.5,UP,DOWN,-0.0043967741782185746125734815399164555879236029596962,,2025-11,ABSTENTION,,,,,,,,,,
1717,10982aa4a6be600afd8529d4544f308b1e5bf5b42b73181a1a1910e59c7e459d,2025-11-11T08:00:00Z,UNCERTAIN,False,,104750.9,DOWN,UP,0.0034796837067748343928309923828816745249921480388235,,2025-11,ABSTENTION,,,,,,,,,,
1718,5a3711153086ce8e527f4ecabb302bc8c22b8a438d43cf1694ede9afe67525a1,2025-11-11T09:00:00Z,UNCERTAIN,False,,105115.4,UP,DOWN,-0.0019388215237729200478711967989466814567608552124617,,2025-11,ABSTENTION,,,,,,,,,,
1719,880ebbba38e07fb8a2b0a634525c2fef9510ba3d27e0d09ac866019918f26ee4,2025-11-11T10:00:00Z,UNCERTAIN,False,,104911.6,DOWN,UP,0.0019359155708234361119266125004289325489269060809291,,2025-11,ABSTENTION,,,,,,,,,,
1720,a70648c4e1120a8c2203b84e0184ad79830a32f1ef0b4a652127da25e74996a1,2025-11-11T11:00:00Z,UNCERTAIN,False,,105114.7,UP,UP,0.0012510143681140696781706079168755654537376789354867,,2025-11,ABSTENTION,,,,,,,,,,
1721,72b45544e5120d942d52763626a76f6d69d8d131dbe8740024a64a42575df221,2025-11-11T12:00:00Z,UNCERTAIN,False,,105246.2,UP,DOWN,-0.0069950268988334020610720387054354456502942624056736,,2025-11,ABSTENTION,,,,,,,,,,
1722,b63c3e5b9cf98b618afe771475d426a1d752f1c40c636c1ed86e801cdf69963c,2025-11-11T13:00:00Z,UNCERTAIN,False,,104510,DOWN,DOWN,-0.0014084776576404171849583771887857621280260262175868,,2025-11,ABSTENTION,,,,,,,,,,
1723,43921223f580dbe6031134b0d1c7f9e8eb4c3422b310110ba26388096f8bc586,2025-11-11T14:00:00Z,UNCERTAIN,False,,104362.8,DOWN,UP,0.0016595951814247988746948146274342965117838923447819,,2025-11,ABSTENTION,,,,,,,,,,
1724,5dc0fb8cc403ffbb18e80d43f24cc869ae5b9b8af2814db1635edf29b75a0076,2025-11-11T15:00:00Z,UNCERTAIN,False,,104536,UP,DOWN,-0.010687227366648809979337261804545802402999923471340,,2025-11,ABSTENTION,,,,,,,,,,
1725,e55412c1ff86bd66499b7a7b8b858351103471fc86bff7b67ca57a657424fd37,2025-11-11T16:00:00Z,UNCERTAIN,False,,103418.8,DOWN,DOWN,-0.00036453720213346122755243727446073634580946597717243,,2025-11,ABSTENTION,,,,,,,,,,
1726,d6e0b40689e1d99186a42f59c3ab0fa5cff169ec254505b40b57edd88a9b6a7d,2025-11-11T17:00:00Z,DOWN,True,AS-2025-11-11T16:15:00+00:00-4db0b94f020d,103381.1,DOWN,DOWN,-0.00082800434508822212183851787222229208240190905300872,True,2025-11,PAIRED,True,True,BOTH,AS-2025-11-11T16:15:00+00:00-4db0b94f020d,1,ACTIVATED_WITHIN_1H,2025-11-11T17:03:00Z,,DESTINATION_REACHED,2025-11-11T17:37:00Z
1727,d4cd5f3e314115f0af50cd3f06f579471d35bbeeddccbb008c44c7cf7305fa60,2025-11-11T18:00:00Z,UNCERTAIN,False,,103295.5,DOWN,UP,0.00060602833618115019531344540662468355349458592097429,,2025-11,ABSTENTION,,,,,,,,,,
1728,600840957a6ee03fead77e22bc2951d6055d9aa0f90b220ccf1339540f07b8c9,2025-11-11T19:00:00Z,UNCERTAIN,False,,103358.1,UP,DOWN,-0.0026674251945420823331698241356990888957904605444566,,2025-11,ABSTENTION,,,,,,,,,,
1729,363beeb9071234b7f1a6622af3abb019e2e26d85e8f78caf8a24a4df48915bf7,2025-11-11T20:00:00Z,UNCERTAIN,False,,103082.4,DOWN,DOWN,-0.0029529774238861338113974839545839056909811956260235,,2025-11,ABSTENTION,,,,,,,,,,
1730,d57210f19f88c5fe9b05fefcbb13f396803d6cdcc46e1313d5505604a60166b0,2025-11-11T21:00:00Z,UNCERTAIN,False,,102778,DOWN,DOWN,-0.0016803206911985055167448286598299246920547198816867,,2025-11,ABSTENTION,,,,,,,,,,
1731,57660698b7fcb404b2118eeed36ba6bb665dc6ebd2bc55b32b64176b840a864e,2025-11-11T22:00:00Z,UNCERTAIN,False,,102605.3,DOWN,UP,0.0034062567918031524687321220248856540549074950319330,,2025-11,ABSTENTION,,,,,,,,,,
1732,61ab2e01201f2543adee3f4414160379e893cf277c3a75c9f9ff910843967488,2025-11-11T23:00:00Z,UNCERTAIN,False,,102954.8,UP,UP,0.00061289031691577274687532781375904765974971540909215,,2025-11,ABSTENTION,,,,,,,,,,
1733,3250bed79b1cb0f0e3fc9abb40968798f7a5f17df870f405890eee3924ac04b8,2025-11-12T00:00:00Z,UNCERTAIN,False,,103017.9,UP,DOWN,-0.0017249429468082731253500605234624274033930025752806,,2025-11,ABSTENTION,,,,,,,,,,
1734,2b1a6ad14de9ab7dad1dd1d1563dda27b29e89ef363c835f61e3d8af37ce87dc,2025-11-12T01:00:00Z,UNCERTAIN,False,,102840.2,DOWN,UP,0.0035005766227603602482297778495179900466938026180424,,2025-11,ABSTENTION,,,,,,,,,,
1735,d101f360366ee8fb278dbb744b32d0d34b79fc87cb17e54fd77f5a072298bae5,2025-11-12T02:00:00Z,BALANCED,False,,103200.2,UP,DOWN,-0.00097092835091404861618485235493729663314605979445776,,2025-11,ABSTENTION,,,,,,,,,,
1736,d22b98432b387f3633c65328e38d628ac90a821cbad706ddabad59338e58901b,2025-11-12T03:00:00Z,BALANCED,False,,103100,DOWN,UP,0.0016808923375363724539282250242483026188166828322017,,2025-11,ABSTENTION,,,,,,,,,,
1737,a331bd37a6ee605708e4dc5e0148990a43c77bec9759550ac62cdf5a463ee107,2025-11-12T04:00:00Z,BALANCED,False,,103273.3,UP,DOWN,-0.00065554213915891135462893119518791401068814495130881,,2025-11,ABSTENTION,,,,,,,,,,
1738,e9c4a3dd28060c4a41af885448e363102c452bbd8d632f67680ab4b3e6f70e6f,2025-11-12T05:00:00Z,UNCERTAIN,False,,103205.6,DOWN,UP,0.0013991488833939243606936057733301293728247304409838,,2025-11,ABSTENTION,,,,,,,,,,
1739,6a488030a6962801c4614b570d4e7d3bd0a324014cd5138c615aca096bbeff71,2025-11-12T06:00:00Z,UNCERTAIN,False,,103350,UP,DOWN,-0.00042380261248185776487663280116110304789550072568940,,2025-11,ABSTENTION,,,,,,,,,,
1740,f00e1cf8d9e27db13d87923fc59e3fd2027c6e9718c7cc183f949b5b64c55832,2025-11-12T07:00:00Z,UNCERTAIN,False,,103306.2,DOWN,DOWN,-0.0022641429072020846764279394653951069732503954264120,,2025-11,ABSTENTION,,,,,,,,,,
1741,b4d212abe3edde102550111a768b48f6e0bc14abe61acc7c1e3e4f812d55f112,2025-11-12T08:00:00Z,UNCERTAIN,False,,103072.3,DOWN,UP,0.0099813431930790328730415446245014421915490388785348,,2025-11,ABSTENTION,,,,,,,,,,
1742,c13032f039b4acdd542625ba5da79f0422e4e59231c5620d7cb09f0fadcda5da,2025-11-12T09:00:00Z,UNCERTAIN,False,,104101.1,UP,UP,0.0036397309922757780657457029752807607220288738543589,,2025-11,ABSTENTION,,,,,,,,,,
1743,549180f14701f50394a4d5d0ce0d44cc7d961f78c85ed9b668ec2e38fd55ddbc,2025-11-12T10:00:00Z,UNCERTAIN,False,,104480,UP,UP,0.0036179173047473200612557427258805513016845329249617,,2025-11,ABSTENTION,,,,,,,,,,
1744,1759edd5be811458e666a6a96fb6e4939688e75fe1e0e3d05c0542719ef79c3a,2025-11-12T11:00:00Z,UNCERTAIN,False,,104858,UP,UP,0.0011901810066947681626580709149516488966030250433920,,2025-11,ABSTENTION,,,,,,,,,,
1745,80285fd66eb501f56a08bfddc1851b2afd8f79ef7bba02dcf0907a83118c8b41,2025-11-12T12:00:00Z,UP,True,AL-2025-11-12T11:00:00+00:00-fd5a9fe79360,104982.8,UP,DOWN,-0.00031814735366174268546847674095185116038055757705072,True,2025-11,PAIRED,False,False,NEITHER,AL-2025-11-12T11:00:00+00:00-fd5a9fe79360,1,ALREADY_ACTIVE_AT_CUTOFF,2025-11-12T11:53:00Z,,DESTINATION_REACHED,2025-11-12T12:20:00Z
1746,a129c5b7c7243d36954f02c47784f7c12e75e8969c925987162857a25ccf7c08,2025-11-12T13:00:00Z,UNCERTAIN,False,,104949.4,DOWN,UP,0.00048118426594149180462203690540393751655559726877905,,2025-11,ABSTENTION,,,,,,,,,,
1747,0b216fc33724949b2ca1def470e75cac8aa428f04c1eac5f35ab0f28cb757e73,2025-11-12T14:00:00Z,UNCERTAIN,False,,104999.9,UP,DOWN,-0.010017152397287997417140397276568834827461740439753,,2025-11,ABSTENTION,,,,,,,,,,
1748,0cbef09a2fa8426c6b2cd94b72ebd44a69ea39472c11cf8470c92ed5fa7ccbc7,2025-11-12T15:00:00Z,UNCERTAIN,False,,103948.1,DOWN,DOWN,-0.017555876442186052462719376304136391141348422914897,,2025-11,ABSTENTION,,,,,,,,,,
1749,5c97ac02ec9271ad50736edcb6a0f62b9b6d8f15b3e277dedcf06bbac4ec2cea,2025-11-12T16:00:00Z,UNCERTAIN,False,,102123.2,DOWN,DOWN,-0.0071922932301377160135992605010418788287088536199414,,2025-11,ABSTENTION,,,,,,,,,,
1750,8db6a68429e34f4abebf341a43ae2a68b3692a54a8d0eeead433de302fd55385,2025-11-12T17:00:00Z,UNCERTAIN,False,,101388.7,DOWN,UP,0.0029825808990548256363874869684688727639273410153202,,2025-11,ABSTENTION,,,,,,,,,,
1751,4eb4148ad1fde69ef8de5c6455b32d3e516309e99bea6411665c1222153c9995,2025-11-12T18:00:00Z,DOWN,True,AS-2025-11-12T16:45:00+00:00-b17f12ac2dda,101691.1,UP,DOWN,-0.0020227925551006921943021562358947833192875286037815,True,2025-11,PAIRED,True,False,MV_ONLY,AS-2025-11-12T16:45:00+00:00-b17f12ac2dda,1,ACTIVATED_WITHIN_1H,2025-11-12T18:45:00Z,,DESTINATION_REACHED,2025-11-12T19:08:00Z
1752,79bde76fedbc076b5df745801f965924553d57a4dc291aae4e49b337c9e5d1d4,2025-11-12T19:00:00Z,DOWN,True,AS-2025-11-12T16:45:00+00:00-b17f12ac2dda,101485.4,DOWN,DOWN,-0.0024092135420464421483287251171104415019303269238728,True,2025-11,PAIRED,True,True,BOTH,AS-2025-11-12T16:45:00+00:00-b17f12ac2dda,2,ALREADY_ACTIVE_AT_CUTOFF,2025-11-12T18:45:00Z,,DESTINATION_REACHED,2025-11-12T19:08:00Z
1753,e317ba3092dfd8ff6012b246b587a83f792f866c8050755974948e463268b923,2025-11-12T20:00:00Z,UNCERTAIN,False,,101240.9,DOWN,UP,0.0024278725297779849843294557831864394725846965011176,,2025-11,ABSTENTION,,,,,,,,,,
1754,55d5bbe583c21c3e77a194be5dd76961c1f2bddab64ac535236af0bce2b4ac09,2025-11-12T21:00:00Z,UNCERTAIN,False,,101486.7,UP,UP,0.0037433476504803092424918733193610591338569487430373,,2025-11,ABSTENTION,,,,,,,,,,
1755,f6d6744e67be89e0984e4ad848e26082139ebaa83c03ef0011c597d2e04a2824,2025-11-12T22:00:00Z,UNCERTAIN,False,,101866.6,UP,UP,0.00060373076160390157323401389660595327614743203365971,,2025-11,ABSTENTION,,,,,,,,,,
1756,1452f776c654a80d97c9d7cc2bfca09d2bdddfcbb71ecbec80daf5dccc997ecc,2025-11-12T23:00:00Z,UNCERTAIN,False,,101928.1,UP,DOWN,-0.0031414300865021520071501381856426245559369791058599,,2025-11,ABSTENTION,,,,,,,,,,
1757,0925de87a60cfb9917352880a30bad3894c936b66ed61b9f1811279dd84e1030,2025-11-13T00:00:00Z,BALANCED,False,,101607.9,DOWN,UP,0.0020421640443311986567973553237494328689009417574815,,2025-11,ABSTENTION,,,,,,,,,,
1758,af12dc198b6c573586991ab7833b609f895d681f61dfb1dc80d93f810eefa41a,2025-11-13T01:00:00Z,BALANCED,False,,101815.4,UP,UP,0.0014172708647218397216923962386829497305908536429656,,2025-11,ABSTENTION,,,,,,,,,,
1759,02a3692de51b72a7b4c954da9108a03cd61055a647f3a0cb3deb8c488f187fbc,2025-11-13T02:00:00Z,BALANCED,False,,101959.7,UP,UP,0.00039525420337643206090249382844398326005274633016770,,2025-11,ABSTENTION,,,,,,,,,,
1760,d2d003ec75e80c0959822c627c72c6bf179cc480229ec557cb8f23900739fd41,2025-11-13T03:00:00Z,UNCERTAIN,False,,102000,UP,UP,0.00078529411764705882352941176470588235294117647058824,,2025-11,ABSTENTION,,,,,,,,,,
1761,a32c642438838a3114fc06f1cd13703c696a394cc010e91a733018b8a1fcb903,2025-11-13T04:00:00Z,UNCERTAIN,False,,102080.1,UP,DOWN,-0.000054858880428212746656792068189588372268444094392541,,2025-11,ABSTENTION,,,,,,,,,,
1762,6131a377e5b9b47320c5ddcc354ce2a64919651ff9bcb3ca920036f2f7a8c0ec,2025-11-13T05:00:00Z,UNCERTAIN,False,,102074.5,DOWN,UP,0.010043644592919877148553262568026294520178888948758,,2025-11,ABSTENTION,,,,,,,,,,
1763,b8f4e00b5ba3ac919725a759af444f49278d4e77d24a9b36fd1706a4ead56eaa,2025-11-13T06:00:00Z,UNCERTAIN,False,,103099.7,UP,UP,0.0043385189287650691515106251521585416834384581138451,,2025-11,ABSTENTION,,,,,,,,,,
1764,4b8df7905674872e0bf12bd89b2685219c744fdb473073257533e120c5d41a65,2025-11-13T07:00:00Z,UNCERTAIN,False,,103547,UP,DOWN,-0.0012023525548784609887297555699344259128704839348315,,2025-11,ABSTENTION,,,,,,,,,,
1765,0508002b45a63315e81c38d2227d4bfdd5bfee164daaa1a4c7460a9c976347ed,2025-11-13T08:00:00Z,UNCERTAIN,False,,103422.5,DOWN,UP,0.0019425173439048562933597621407333994053518334985134,,2025-11,ABSTENTION,,,,,,,,,,
1766,a9ee5aa649b32bbbbe573a60b03ad3e9a9efab9ac8091483452a050eef06d589,2025-11-13T09:00:00Z,UNCERTAIN,False,,103623.4,UP,DOWN,-0.0080541653719140657419077158248040500504712256112036,,2025-11,ABSTENTION,,,,,,,,,,
1767,3a493907984b6272b9d7fc9b51025cf1acad093fd35a019637fb5eb836dfd55b,2025-11-13T10:00:00Z,UNCERTAIN,False,,102788.8,DOWN,UP,0.0015526983484581977803029123795588624441573400993104,,2025-11,ABSTENTION,,,,,,,,,,
1768,a6883b6b93d02c06169abb7758a2d9c3772ac46b9cec195014f7b801daf720fa,2025-11-13T11:00:00Z,BALANCED,False,,102948.4,UP,DOWN,-0.00054299046901166021035781032051008077833166906916475,,2025-11,ABSTENTION,,,,,,,,,,
1769,4df827974863c52e428d67c10a68ab6de94b298184346ebebccb411f6410e6ec,2025-11-13T12:00:00Z,BALANCED,False,,102892.5,DOWN,UP,0.0020681779527176421993828510338460043249022037563476,,2025-11,ABSTENTION,,,,,,,,,,
1770,8c50f99a6af0e73669d5b3cf9fd80fe6af225c2a4d6ea0d761e776bda345d79e,2025-11-13T13:00:00Z,UNCERTAIN,False,,103105.3,UP,DOWN,-0.0079792212427489178538833600212598188453939807168012,,2025-11,ABSTENTION,,,,,,,,,,
1771,7490aefe54033dd49945fdd73da784237238fd656c75ba24f980915817d5a6e5,2025-11-13T14:00:00Z,UNCERTAIN,False,,102282.6,DOWN,UP,0.0051445700441717359550891353954631579564852672888644,,2025-11,ABSTENTION,,,,,,,,,,
1772,cc8aeba3cfab87b425691a6c2bc958e245182e00d33e09819f99d2555df47c6b,2025-11-13T15:00:00Z,UNCERTAIN,False,,102808.8,UP,DOWN,-0.014461797044610967154562644442888157433993977169270,,2025-11,ABSTENTION,,,,,,,,,,
1773,593e90bf5cfaf9306e3bd9dc1f3ae1b7685f2fb875ee395408ee6c4c91ee070c,2025-11-13T16:00:00Z,UNCERTAIN,False,,101322,DOWN,DOWN,-0.0072254791654329760565326385187817058486804445234006,,2025-11,ABSTENTION,,,,,,,,,,
1774,15f1e64cc3cd337a8dbfd2f64f83098cbc59753ff9a4f627b260bf963ad4ff9d,2025-11-13T17:00:00Z,UNCERTAIN,False,,100589.9,DOWN,DOWN,-0.0098817078056544444322938982939639069131195080221772,,2025-11,ABSTENTION,,,,,,,,,,
1775,a6fdbf84f8eb70e1d4c757b5256f8239a9878adb34a21a02af887f3f8ffa1f7a,2025-11-13T18:00:00Z,UNCERTAIN,False,,99595.9,DOWN,DOWN,-0.010601842043698585985969301949176622732461878450820,,2025-11,ABSTENTION,,,,,,,,,,
1776,466a691326086479a1e47c516f2b06ef8fef7ecfb78191e2e2515298ba1ee44a,2025-11-13T19:00:00Z,UNCERTAIN,False,,98540,DOWN,UP,0.00090826060483052567485285163385427237669981733306272,,2025-11,ABSTENTION,,,,,,,,,,
1777,8c5ed15069fb245784774360616f0a3b7020b854bc6558b4d9935e3e7b8edd0a,2025-11-13T20:00:00Z,UNCERTAIN,False,,98629.5,UP,DOWN,-0.0051668111467664339776638835236922016232465945787011,,2025-11,ABSTENTION,,,,,,,,,,
1778,553a266fb478d352adda074744afe0d8cb0aa428009d0ebe577266c7ec68e7f8,2025-11-13T21:00:00Z,UNCERTAIN,False,,98119.9,DOWN,UP,0.0065470918743292645019002261518815245429316581040136,,2025-11,ABSTENTION,,,,,,,,,,
1779,940f95edfa8b405d0634e8421ae6f9d331817c551efefa51de06f8afe53f8edd,2025-11-13T22:00:00Z,DOWN,True,AS-2025-11-13T20:45:00+00:00-fdcd5ec45a8f,98762.3,UP,UP,0.010542484328534268642994340958037631768397455304301,False,2025-11,PAIRED,False,True,PERSISTENCE_ONLY,AS-2025-11-13T20:45:00+00:00-fdcd5ec45a8f,1,NOT_ACTIVATED_AT_1H,,,WITHDRAWN,2025-11-13T22:15:00Z
1780,930b5a24a34a37796aa0f24ba29b9aa9589a616c6600d3da03b9932e36012f46,2025-11-13T23:00:00Z,UNCERTAIN,False,,99803.5,UP,DOWN,-0.0016462348514831644180815302068564729693848412129835,,2025-11,ABSTENTION,,,,,,,,,,
1781,828db1c3a833f12454cd4109f57e887eb711695c96ac628ce34930ecc2723b1b,2025-11-14T00:00:00Z,BALANCED,False,,99639.2,DOWN,DOWN,-0.0069219744839380484789119141863844751864727938401754,,2025-11,ABSTENTION,,,,,,,,,,
1782,d12ec3ecd302bf01b182999840db7eb55cf85d9a514a8c32accf709451e6ba52,2025-11-14T01:00:00Z,UNCERTAIN,False,,98949.5,DOWN,UP,0.0026831868781550184690170238353907801454277181794754,,2025-11,ABSTENTION,,,,,,,,,,
1783,b73574aca9892d0808cde61333e1b3dcb1e873ca182e9a54688cb28c41567592,2025-11-14T02:00:00Z,BALANCED,False,,99215,UP,UP,0.0036939978833845688655949201229652774278082951166658,,2025-11,ABSTENTION,,,,,,,,,,
1784,ac7418c3f36639f03d97d5a07a50db5be72152bbd938245d8c2fae5a5f5856b7,2025-11-14T03:00:00Z,UNCERTAIN,False,,99581.5,UP,DOWN,-0.0047137269472743431259822356562212860822542339691609,,2025-11,ABSTENTION,,,,,,,,,,
1785,b576a37af211c932a2310c6588ec2d70d694eb4e963323fad03b4ae9a8f012ec,2025-11-14T04:00:00Z,UNCERTAIN,False,,99112.1,DOWN,DOWN,-0.013541232604293522183467003524292190358190372315792,,2025-11,ABSTENTION,,,,,,,,,,
1786,9bd05cc5700474a51ee0f8f4a756ec3cdfffc008f6be414254884a34b507fe48,2025-11-14T05:00:00Z,UNCERTAIN,False,,97770,DOWN,DOWN,-0.0029958064846067300808018819678838089393474480924619,,2025-11,ABSTENTION,,,,,,,,,,
1787,d2db30ef7fd92b6e8e43f971d10c9f73e46c54d6a223f196f3e690fff088a463,2025-11-14T06:00:00Z,UNCERTAIN,False,,97477.1,DOWN,UP,0.00023595285456789338213795855641991811410064517717495,,2025-11,ABSTENTION,,,,,,,,,,
1788,350d3f4b8b6c7eb630c328ed8810fbc7f80360071f1319656723c12757d97585,2025-11-14T07:00:00Z,UNCERTAIN,False,,97500.1,UP,DOWN,-0.0042430725712076192742366418085725040282009967169264,,2025-11,ABSTENTION,,,,,,,,,,
1789,1d8898ba0e3bf31c03a49101c4545f7b109385d1d2825c7db31e6fb3aa50192f,2025-11-14T08:00:00Z,UNCERTAIN,False,,97086.4,DOWN,UP,0.0024988051879562945994495624515895120222811845943407,,2025-11,ABSTENTION,,,,,,,,,,
1790,1a9d0da4f6c946a739af7be1b716dd21967d5b984cad6835cb4dca4c7d5511b0,2025-11-14T09:00:00Z,UNCERTAIN,False,,97329,UP,DOWN,-0.0053755817896002219276885614770520605369417131584625,,2025-11,ABSTENTION,,,,,,,,,,
1791,3ed53c6a69b8c3a3e354449c9fa62d633ca60a4e1728a709298b32f4de3dac6c,2025-11-14T10:00:00Z,UNCERTAIN,False,,96805.8,DOWN,DOWN,-0.00096275223178776478268864055666086122938914817087406,,2025-11,ABSTENTION,,,,,,,,,,
1792,a6d6891896a4efde358d56068d92fb2d7daf2f4d93159e6a3a3578b1efde7148,2025-11-14T11:00:00Z,UNCERTAIN,False,,96712.6,DOWN,DOWN,-0.0058989211333373314335464045015851088689581295508548,,2025-11,ABSTENTION,,,,,,,,,,
1793,1af77a63775bfadf22b47f58c9b2b9b050acad7f66fac851f67092c4b398dbef,2025-11-14T12:00:00Z,UNCERTAIN,False,,96142.1,DOWN,DOWN,-0.0084167081850718883818847310387436929295282711736066,,2025-11,ABSTENTION,,,,,,,,,,
1794,8eabd8df667b5f5bf6b0cbf6ba8ef1735b47efc6ce851eb2292e38030739b2cb,2025-11-14T13:00:00Z,UNCERTAIN,False,,95332.9,DOWN,DOWN,-0.0012881177431925389870653258214110763440533121304398,,2025-11,ABSTENTION,,,,,,,,,,
1795,55bab94a473c51d0ebb4202136d20b87072a117cb72fa226c9d7b93310f8902d,2025-11-14T14:00:00Z,UNCERTAIN,False,,95210.1,DOWN,UP,0.013324216653485292001583865577286443350022739184183,,2025-11,ABSTENTION,,,,,,,,,,
1796,b4fada5def8bdec33f8a863af84ee0144e49608228720bd2bdd903e5218eea2a,2025-11-14T15:00:00Z,UNCERTAIN,False,,96478.7,UP,UP,0.0028317131138790220017475359846266585267007121779211,,2025-11,ABSTENTION,,,,,,,,,,
1797,b00b886d9d351659089fa1cf61d4b3c4dc5e81feb8ee4fbe2808c17ab1553a8b,2025-11-14T16:00:00Z,UNCERTAIN,False,,96751.9,UP,UP,0.0022232121539732036270088752779015192466504533761094,,2025-11,ABSTENTION,,,,,,,,,,
1798,e9fa587d497661877873a7242026c6c3c282543245ae042a623be68502bbee8f,2025-11-14T17:00:00Z,UNCERTAIN,False,,96967,UP,DOWN,-0.011976239339156620293501913021955923149112584693762,,2025-11,ABSTENTION,,,,,,,,,,
1799,4bf2f5342309c1f5ed61c27a565ef223a6fa14e8e3cbfa42c662d17a1f6a7327,2025-11-14T18:00:00Z,UNCERTAIN,False,,95805.7,DOWN,DOWN,-0.0080193558420845523804951062410691639432726862806701,,2025-11,ABSTENTION,,,,,,,,,,
1800,d312b6f6da782c0dd8189b51cb0c48644d9f0c5080667c76dac451c7937f027e,2025-11-14T19:00:00Z,UNCERTAIN,False,,95037.4,DOWN,UP,0.0073823568405701334422027538632159549819334283134850,,2025-11,ABSTENTION,,,,,,,,,,
1801,d31e8fe702a88f7f2fa3c056b8625b2e158810d10f160e28e5c3f0b9fb585c3c,2025-11-14T20:00:00Z,BALANCED,False,,95739,UP,DOWN,-0.014612644794702263445408872037518670552230543456690,,2025-11,ABSTENTION,,,,,,,,,,
1802,aef797099ff2b517efa289fe17f4cce9b0f5d6f06ff855420378bf8e2fe7e09e,2025-11-14T21:00:00Z,UNCERTAIN,False,,94340,DOWN,UP,0.0071825312698749205003179987280050879796480814076744,,2025-11,ABSTENTION,,,,,,,,,,
1803,2316575f87d08afd068d5091a8d8d6f9c8b0d48874833d2a23417e25f6e16d14,2025-11-14T22:00:00Z,BALANCED,False,,95017.6,UP,UP,0.0012660812312666284982992624524298656248947563398781,,2025-11,ABSTENTION,,,,,,,,,,
1804,bddd8069b782859dd86eb72a919be1ace81f27f93df1e1aed61972ed1b2ab02e,2025-11-14T23:00:00Z,UNCERTAIN,False,,95137.9,UP,DOWN,-0.0063581390802193447616565007215841425972194046746880,,2025-11,ABSTENTION,,,,,,,,,,
1805,66b1f3520b79910c6749474282e9c44e74ec8bdd9595e777cb65c0fd7eb5f632,2025-11-15T00:00:00Z,UP,True,CL-2025-11-14T23:00:00+00:00-c96650765655,94533,DOWN,UP,0.0061132091438968402568415262395142437032570636708874,True,2025-11,PAIRED,True,False,MV_ONLY,box-2025-11-14T22:00:00+00:00-b7045da3b5b3,1,ALREADY_ACTIVE_AT_CUTOFF,2025-11-14T23:17:00Z,,DESTINATION_REACHED,2025-11-15T00:09:00Z
1806,4ad2ed6eb89ac1673fb8794e256996e451b2122b3750099e0f47734f12c7a62f,2025-11-15T01:00:00Z,UNCERTAIN,False,,95110.9,UP,UP,0.0053001285867340126105420093806282981235589191144233,,2025-11,ABSTENTION,,,,,,,,,,
1807,a3aa5174cd25b82b6469c53b14d409c97aec2325f107fc3171b0d9d2461ee6eb,2025-11-15T02:00:00Z,BALANCED,False,,95615,UP,UP,0.0085143544422946190451289023688751764890446059718663,,2025-11,ABSTENTION,,,,,,,,,,
1808,104862931dbaf016e6bb1d4e850c80d12786d6f551833e47ff8d85738b1f11a2,2025-11-15T03:00:00Z,UNCERTAIN,False,,96429.1,UP,DOWN,-0.00066370006564408461761024421051321644607281411938927,,2025-11,ABSTENTION,,,,,,,,,,
1809,00f91b4b436fb6d555f72ad0d85dddb66a9e5c782276b3902e95db7025d8c8ed,2025-11-15T04:00:00Z,UNCERTAIN,False,,96365.1,DOWN,DOWN,-0.0031847629484118212921482985022585977703546200854874,,2025-11,ABSTENTION,,,,,,,,,,
1810,e04e0d25e711ed58a910417ea97f684eba74c0bbd598964e07bb1d8dc701265a,2025-11-15T05:00:00Z,UNCERTAIN,False,,96058.2,DOWN,UP,0.0025005673643686848181623224253629570406274529399885,,2025-11,ABSTENTION,,,,,,,,,,
1811,660a8c4273723c3d59bf8fb1a25123accbe9cf3546e833bc95390756cbf522b5,2025-11-15T06:00:00Z,UNCERTAIN,False,,96298.4,UP,DOWN,-0.0022232975833451023069957548619707077168468011929586,,2025-11,ABSTENTION,,,,,,,,,,
1812,8828c9ea76c24335a70320c91e8494daac59f98649bbff1b7059a67ff9190f8b,2025-11-15T07:00:00Z,UNCERTAIN,False,,96084.3,DOWN,UP,0.0021512359459349758493323050696107480618581807849982,,2025-11,ABSTENTION,,,,,,,,,,
1813,089aace7d054376478c510a87bf14fff06ec8c5fd74e2dbf9d6fef39455b63e5,2025-11-15T08:00:00Z,UNCERTAIN,False,,96291,UP,DOWN,-0.0043254302063536571434505820897072415905951750423196,,2025-11,ABSTENTION,,,,,,,,,,
1814,7c40a4eeb7ec5e26eb0e33f48866e3caa9422e6ede85a5d335badc30f565cff0,2025-11-15T09:00:00Z,UNCERTAIN,False,,95874.5,DOWN,DOWN,-0.00093664112981032495606235234603570292413519757599779,,2025-11,ABSTENTION,,,,,,,,,,
1815,253e7bf3f28ac4b05a01e3a6dcef7d34bfd85f85c5af86f3e3c229318c68687b,2025-11-15T10:00:00Z,BALANCED,False,,95784.7,DOWN,UP,0.0013488584293733759149425743359847658342094301073136,,2025-11,ABSTENTION,,,,,,,,,,
1816,88ada2656f6350028f9f6cfe8367836987a5e4c6a858a6b1415af3b40f3d95c6,2025-11-15T11:00:00Z,BALANCED,False,,95913.9,UP,DOWN,-0.0027660224430452728957950828816261250976135888541703,,2025-11,ABSTENTION,,,,,,,,,,
1817,51d2fc814d4f2c7d3a81f1029dd6b6bcab04c26157de53920068f69985446175,2025-11-15T12:00:00Z,UNCERTAIN,False,,95648.6,DOWN,UP,0.0012180000543656676626735780764172188615410993992594,,2025-11,ABSTENTION,,,,,,,,,,
1818,0b32307070c317b71b7064cbd18785688cb1f27afe7ae71f096b6138ff2d840a,2025-11-15T13:00:00Z,BALANCED,False,,95765.1,UP,UP,0.0058037844684545831414575873674229964778400482012758,,2025-11,ABSTENTION,,,,,,,,,,
1819,37b86ea5202e937b96c88511bbffd4f2f36d2702c75305d1ea8016f457ba2c3a,2025-11-15T14:00:00Z,UNCERTAIN,False,,96320.9,UP,DOWN,-0.0012551793016884186090453889031352489438948348696908,,2025-11,ABSTENTION,,,,,,,,,,
1820,de4621624ec4d2551167b339e54a11b64eed2ff7940fa0c0f593e210784b80a8,2025-11-15T15:00:00Z,BALANCED,False,,96200,DOWN,UP,0.00012889812889812889812889812889812889812889812889813,,2025-11,ABSTENTION,,,,,,,,,,
1821,e227278baf7d07acefef5dc4f7830eabd6e637b5a3e0b63371dfd9966cb78711,2025-11-15T16:00:00Z,BALANCED,False,,96212.4,UP,DOWN,-0.00096141453700354632043270929734628800445680598342833,,2025-11,ABSTENTION,,,,,,,,,,
1822,13bb276bfac1d99f493393c2b67a27d0f643c5741a22d52b53cd41bcca3baf04,2025-11-15T17:00:00Z,BALANCED,False,,96119.9,DOWN,UP,0.00071577269639273449098469723751273149472689838420556,,2025-11,ABSTENTION,,,,,,,,,,
1823,68494b7a3059ea9e96aedb4b788328b31ac91961d9d3d081e0a93c251d47c311,2025-11-15T18:00:00Z,UNCERTAIN,False,,96188.7,UP,DOWN,-0.0019607292748524514833863021332027566647641562886285,,2025-11,ABSTENTION,,,,,,,,,,
1824,f75146564e7b22213ba87dc2411206010f7f6375bf811eca29c19d6f849893a2,2025-11-15T19:00:00Z,BALANCED,False,,96000.1,DOWN,DOWN,-0.00040208291449696406566243160163374829817885606369160,,2025-11,ABSTENTION,,,,,,,,,,
1825,11ac401752aaa8ac48649bfb19cea73d6d4089adde3eecce92fafb1ef0099ee6,2025-11-15T20:00:00Z,BALANCED,False,,95961.5,DOWN,DOWN,-0.0074915460887960275735581457146876611974593977793177,,2025-11,ABSTENTION,,,,,,,,,,
1826,2db70cde3508cf1ea4b302048574a5b921ea96e6d97c2552cebcfeda664d1fd0,2025-11-15T21:00:00Z,UNCERTAIN,False,,95242.6,DOWN,DOWN,-0.000055647367879499299683124988188058704823261859714036,,2025-11,ABSTENTION,,,,,,,,,,
1827,82f99b599fff9acc06d158a97fc6c113a3329535119ef8215301d7416a065d9a,2025-11-15T22:00:00Z,UNCERTAIN,False,,95237.3,DOWN,UP,0.0034912791521809207106879342442509394953447861289642,,2025-11,ABSTENTION,,,,,,,,,,
1828,015136259fa00e83879d7b1f9b99dea54ba03bd6a0393796d58334130af610a3,2025-11-15T23:00:00Z,UNCERTAIN,False,,95569.8,UP,DOWN,-0.00013288716728506285458377018681633737854426816839629,,2025-11,ABSTENTION,,,,,,,,,,
1829,392f5da6170337593d0d452173c641592220008603d033b7f01ea6e5a08358b3,2025-11-16T00:00:00Z,UNCERTAIN,False,,95557.1,DOWN,DOWN,-0.0024917039131576826839659219461452890470723787138789,,2025-11,ABSTENTION,,,,,,,,,,
1830,b08343b71aab242e246ede02fc395b714c99e5547ae407fe48aaf8613a284513,2025-11-16T01:00:00Z,UNCERTAIN,False,,95319,DOWN,DOWN,-0.00091692107554632339827316694468049392041460779068182,,2025-11,ABSTENTION,,,,,,,,,,
1831,41f6d9f04e930d5f6257e3b9277aebdc3d2d64b7d8631141e2dfa3524eb94fd2,2025-11-16T02:00:00Z,UNCERTAIN,False,,95231.6,DOWN,UP,0.0072076915645647033127659306364694072135719656080545,,2025-11,ABSTENTION,,,,,,,,,,
1832,fc14141229cbb62c51845fd67f106610cff442fb0d75996376f39896dd83012b,2025-11-16T03:00:00Z,UNCERTAIN,False,,95918,UP,DOWN,-0.0015440271898913655413999457870264183990491878479535,,2025-11,ABSTENTION,,,,,,,,,,
1833,e8f720c0e6bb4bdc41d27f2a73e7e56179e60f0e52a7209f11282c9fdb592778,2025-11-16T04:00:00Z,BALANCED,False,,95769.9,DOWN,UP,0.000043855115229315265025858855444142679484890346549386,,2025-11,ABSTENTION,,,,,,,,,,
1834,63f07db4e0e2ea25ceb4a43cdac6ca1425f095bb08d8c221510548dfd92cb133,2025-11-16T05:00:00Z,UNCERTAIN,False,,95774.1,UP,UP,0.00070582756716064155131710974052483917885942023991873,,2025-11,ABSTENTION,,,,,,,,,,
1835,88505b450062a3899feaaee70886d3b0caa664e23bd574175e7d0dce6faea6b0,2025-11-16T06:00:00Z,UNCERTAIN,False,,95841.7,UP,DOWN,-0.00098913103586434714743165031505075556881816578796077,,2025-11,ABSTENTION,,,,,,,,,,
1836,719687c62d6ff50ec3cfcd74f901f43c7d3cf76ab4d769728599332160d2bf12,2025-11-16T07:00:00Z,UNCERTAIN,False,,95746.9,DOWN,UP,0.0031844373029309565113857472147923327021553700433121,,2025-11,ABSTENTION,,,,,,,,,,
1837,832dfdd6db190ba9c13ea8c78ad0a6532c1c4b3d7bb40794553b4d700250b665,2025-11-16T08:00:00Z,UNCERTAIN,False,,96051.8,UP,UP,0.00013638474239941364971817290253800553451366866628215,,2025-11,ABSTENTION,,,,,,,,,,
1838,0a2f0626f9b87094b9f9b03faecf7de025cfa314f566efad3c11cb212dff82ad,2025-11-16T09:00:00Z,UNCERTAIN,False,,96064.9,UP,UP,0.0053630410274720527476737080869287325547624574636522,,2025-11,ABSTENTION,,,,,,,,,,
1839,4c114d9b963246e23b9e3122368810f483e9d2918d30f9d68f50eb3151beae72,2025-11-16T10:00:00Z,UNCERTAIN,False,,96580.1,UP,DOWN,-0.0018647733849933889072386547539296397498035309551346,,2025-11,ABSTENTION,,,,,,,,,,
1840,731de7cbf4f4b53db48ec0706ce578ae9f0755ad3f9a1b2804aec04c477c860b,2025-11-16T11:00:00Z,UP,True,AL-2025-11-16T09:45:00+00:00-4fa372411e8f,96400,DOWN,DOWN,-0.0083858921161825726141078838174273858921161825726141,False,2025-11,PAIRED,False,True,PERSISTENCE_ONLY,AL-2025-11-16T09:45:00+00:00-4fa372411e8f,1,NOT_ACTIVATED_AT_1H,,,WITHDRAWN,2025-11-16T11:30:00Z
1841,76c65d45d6cbccde6c2be1d70c0266df53782cb85e467254b890366e55cf985e,2025-11-16T12:00:00Z,UNCERTAIN,False,,95591.6,DOWN,UP,0.0013944739914385782851212868076274484368919444804774,,2025-11,ABSTENTION,,,,,,,,,,
1842,aa3c8fc32d565758faa6adba19293621d8ef84a5aaf068a951010eddf4bff881,2025-11-16T13:00:00Z,UNCERTAIN,False,,95724.9,UP,DOWN,-0.0036542216288551881485381546494172362676795692656770,,2025-11,ABSTENTION,,,,,,,,,,
1843,bc0c6db51ee13ff37a471ff3ca541e8a9d8f26880bd1bb9b45f2f3de83fc4ec7,2025-11-16T14:00:00Z,UNCERTAIN,False,,95375.1,DOWN,UP,0.0011889895790410704680781461828087205151029985813907,,2025-11,ABSTENTION,,,,,,,,,,
1844,aea41d98c541f772ab4373a64207e78f63ccc0a36a6690cc08a2203559bf69ce,2025-11-16T15:00:00Z,BALANCED,False,,95488.5,UP,DOWN,-0.0099310388161925258015363106552097896605350382506794,,2025-11,ABSTENTION,,,,,,,,,,
1845,476f61470470399498e4696d4bdd6926eb9d63abac3830f1e502952a0ad4dcfd,2025-11-16T16:00:00Z,UNCERTAIN,False,,94540.2,DOWN,DOWN,-0.0037253993539256316360659275102020093039786249658875,,2025-11,ABSTENTION,,,,,,,,,,
1846,70a5a9806ce2ae908e7bb271713e5de474c000371dbb5925c0dc8c4df550c268,2025-11-16T17:00:00Z,UNCERTAIN,False,,94188,DOWN,UP,0.0013048371342421539898925553149021106722724763239478,,2025-11,ABSTENTION,,,,,,,,,,
1847,cf4b91e759dbc1d3ba4803621aa8e7a78c5dc43b07462db3428ac568f77d5977,2025-11-16T18:00:00Z,UNCERTAIN,False,,94310.9,UP,DOWN,-0.0031417365331048691084487583089547443614682926363761,,2025-11,ABSTENTION,,,,,,,,,,
1848,788fbffe21eb5d4857fa003ee5e63708d9467e010a7351aaba072476ea37a8f9,2025-11-16T19:00:00Z,UNCERTAIN,False,,94014.6,DOWN,DOWN,-0.00023826086586551450519387414295226486098967607158888,,2025-11,ABSTENTION,,,,,,,,,,
1849,8db4f64c0e04a96571a34485b2969cb5adb8d162cda6e8067d441e5da3a96b33,2025-11-16T20:00:00Z,UNCERTAIN,False,,93992.2,DOWN,UP,0.00067984364660046259157674785780096646317460385010671,,2025-11,ABSTENTION,,,,,,,,,,
1850,d9764cc0f55345de3ee4ef8ad86928c3447ffdef74aec56f371214cc63da7f95,2025-11-16T21:00:00Z,UNCERTAIN,False,,94056.1,UP,DOWN,-0.0063419597453009427352399259590818670984657029156004,,2025-11,ABSTENTION,,,,,,,,,,
1851,460d72226e6c5bb4a32be930ea367c494241202c9bc6dc3431600e3744d693ac,2025-11-16T22:00:00Z,DOWN,True,AS-2025-11-16T21:30:00+00:00-b3855631416e,93459.6,DOWN,UP,0.0075134068624303977333521649996362064464217694062461,False,2025-11,PAIRED,False,False,NEITHER,AS-2025-11-16T21:30:00+00:00-b3855631416e,1,NOT_ACTIVATED_AT_1H,,,DESTINATION_REACHED,2025-11-16T22:02:00Z
1852,8193aa147be3610153a0c11bf5708d0f9c009fce64bd0e7e93c53c9bb1c4454b,2025-11-16T23:00:00Z,UNCERTAIN,False,,94161.8,UP,UP,0.00066481311954529331427394123731704364190149296211415,,2025-11,ABSTENTION,,,,,,,,,,
1853,082a4fa3e4a38134b609da0ae42b26cf853556a59e309c8f09ce6dd97f5828a1,2025-11-17T00:00:00Z,BALANCED,False,,94224.4,UP,UP,0.011037480737473520659192311121110879984377719571576,,2025-11,ABSTENTION,,,,,,,,,,
1854,31615e15c03c823477d72bbc0e5d4450a64e88b4fb04f7d8fa1f841c2892c869,2025-11-17T01:00:00Z,UNCERTAIN,False,,95264.4,UP,DOWN,-0.0055603142412065787429511968794219036702062890229719,,2025-11,ABSTENTION,,,,,,,,,,
1855,588361bf5de9a41c5dbc219854d3a9ce7a9534ff5d134b1e42b86d60b76ee7ea,2025-11-17T02:00:00Z,BALANCED,False,,94734.7,DOWN,UP,0.0021903273035118071836402078647000518289496879179435,,2025-11,ABSTENTION,,,,,,,,,,
1856,d403de53a3b5cff07ad16786bfd3e08ed4b15771bb0d0be20e01ee104102d8b0,2025-11-17T03:00:00Z,UNCERTAIN,False,,94942.2,UP,UP,0.0054538445496312493285388373136497784968117444087034,,2025-11,ABSTENTION,,,,,,,,,,
1857,3f90e52e679e32e5dd64f89be9757d5aadd6e40ef4f18dd2b04baadbdf3f54e8,2025-11-17T04:00:00Z,UNCERTAIN,False,,95460,UP,DOWN,-0.0041493819400796144982191493819400796144982191493819,,2025-11,ABSTENTION,,,,,,,,,,
1858,27702a88553e5fdd2cc1a63bee6779b510f68660300124cb5ee9e674a81b80c8,2025-11-17T05:00:00Z,BALANCED,False,,95063.9,DOWN,UP,0.00033871953496542851702907202418583710535755423457275,,2025-11,ABSTENTION,,,,,,,,,,
1859,c2dd64452ac810e27e8a626796d66a4e7b325a68aa5589bb06d8df098a546c90,2025-11-17T06:00:00Z,UNCERTAIN,False,,95096.1,UP,UP,0.0016131050589876977078975899116788175330008275838862,,2025-11,ABSTENTION,,,,,,,,,,
1860,c193cd96fd05905bb536d74f15d3017410d00fc58e0c090f854b7511900eef46,2025-11-17T07:00:00Z,UNCERTAIN,False,,95249.5,UP,UP,0.0036703604743331985994677137412794817820565987223030,,2025-11,ABSTENTION,,,,,,,,,,
1861,667f15c719be21b06d4a2052a114d6eecac28d2c9a4f102b1d44d4f7df554124,2025-11-17T08:00:00Z,UNCERTAIN,False,,95599.1,UP,DOWN,-0.00030544220604587281679430036475238783628716169922102,,2025-11,ABSTENTION,,,,,,,,,,
1862,0c8065f47b11a582143f51a2de631dc4ceb6f2c12c6c8b4850ce9db3776e9eac,2025-11-17T09:00:00Z,BALANCED,False,,95569.9,DOWN,UP,0.00041121733935056958310095542634239441497793761424884,,2025-11,ABSTENTION,,,,,,,,,,
1863,eb81e17a8c67e62c786e2dbd80c46a500d51e23039d86eb265adde34eff43eae,2025-11-17T10:00:00Z,UNCERTAIN,False,,95609.2,UP,UP,0.000029285884621981984997259677938943114260970701564285,,2025-11,ABSTENTION,,,,,,,,,,
1864,96b329173379442ad16f7d21e7177123864124245e768ec698429155defa1b7d,2025-11-17T11:00:00Z,UNCERTAIN,False,,95612,UP,DOWN,-0.00089946868593900347236748525289712588378027862611388,,2025-11,ABSTENTION,,,,,,,,,,
1865,84c49e47d96b610dd40156686ae32ae682bb691bcaf9fe0e975581817f623bab,2025-11-17T12:00:00Z,BALANCED,False,,95526,DOWN,DOWN,-0.0025574189225969893013420430039989112911668027552708,,2025-11,ABSTENTION,,,,,,,,,,
1866,93f6cd53d2de42885c27e1ae486871abb9b9d541d89b0de726d1587b537514f8,2025-11-17T13:00:00Z,UNCERTAIN,False,,95281.7,DOWN,DOWN,-0.014361624530208843880829162368009806709997827494682,,2025-11,ABSTENTION,,,,,,,,,,
1867,229b5aed64742ec5a94d36cfcfc6e65153fc1e42283f5533f4802a8e69adf8f1,2025-11-17T14:00:00Z,UNCERTAIN,False,,93913.3,DOWN,UP,0.0085834487766908414463127160902662349209323918976332,,2025-11,ABSTENTION,,,,,,,,,,
1868,c2effba85f3d036a56853fb19ba85fea5784f75de60f517b8c02c5789f4ab2ee,2025-11-17T15:00:00Z,BALANCED,False,,94719.4,UP,DOWN,-0.0085093444426379390072149950274178257041324163793267,,2025-11,ABSTENTION,,,,,,,,,,
1869,ff3b9cf175d43257c13492a2f58421940d22c2476ca32b2dd5683a219c14340f,2025-11-17T16:00:00Z,UNCERTAIN,False,,93913.4,DOWN,UP,0.0038130873762423679687882666371359145766205887551723,,2025-11,ABSTENTION,,,,,,,,,,
1870,b24b12b8772a1f37c505a0902ead802c7ac4b23c6de3b97b61f11c1114039da3,2025-11-17T17:00:00Z,UNCERTAIN,False,,94271.5,UP,DOWN,-0.016423839654614597200638581119426337758495409535225,,2025-11,ABSTENTION,,,,,,,,,,
1871,eab96a67ab68517f98adc6b1dc0d463aa858490091775cd314630a6f0e459b78,2025-11-17T18:00:00Z,UNCERTAIN,False,,92723.2,DOWN,DOWN,-0.0025117769878520154610712313638873550524572059635560,,2025-11,ABSTENTION,,,,,,,,,,
1872,db6b21661ac3ba69c7d04d8bafc279e31fd06ce36e6d56c72943ff5e66f4cc43,2025-11-17T19:00:00Z,DOWN,True,AS-2025-11-17T18:15:00+00:00-6e277c685554,92490.3,DOWN,DOWN,-0.0090712215226894063485576325301139687080699273329203,False,2025-11,PAIRED,True,True,BOTH,AS-2025-11-17T18:15:00+00:00-6e277c685554,1,NOT_ACTIVATED_AT_1H,,,DESTINATION_REACHED,2025-11-17T19:04:00Z
1873,4ebb3a20bda6b9cd725caf6d10d8f3fdecffa093139b0afe0bd67918dc781e16,2025-11-17T20:00:00Z,UNCERTAIN,False,,91651.3,DOWN,UP,0.0024942363065226570708762450723557658211067382568496,,2025-11,ABSTENTION,,,,,,,,,,
1874,58a3c423267c83a0b859e1dc0f9f0d506565365b5a19cd3f81633842624c37f7,2025-11-17T21:00:00Z,DOWN,True,AS-2025-11-17T20:00:00+00:00-6114b7079cf7,91879.9,UP,UP,0.00048650466532941372378507159890248030309131812289739,True,2025-11,PAIRED,False,True,PERSISTENCE_ONLY,AS-2025-11-17T20:00:00+00:00-6114b7079cf7,1,ACTIVATED_WITHIN_1H,2025-11-17T21:18:00Z,,INVALIDATED,2025-11-17T22:43:00Z
1875,1870aaf6f5d80337f86315e0b2234d0c3ec91d1dcf4e53ad03fee1cb0776baa6,2025-11-17T22:00:00Z,DOWN,True,AS-2025-11-17T20:00:00+00:00-6114b7079cf7,91924.6,UP,UP,0.0030851371667649356102718967501626332885865154702876,True,2025-11,PAIRED,False,True,PERSISTENCE_ONLY,AS-2025-11-17T20:00:00+00:00-6114b7079cf7,2,ALREADY_ACTIVE_AT_CUTOFF,2025-11-17T21:18:00Z,,INVALIDATED,2025-11-17T22:43:00Z
1876,eb3dc343ad66c9a800df297391d4fee1ecda2e8e8f24e665ed24b253b964bc47,2025-11-17T23:00:00Z,UNCERTAIN,False,,92208.2,UP,DOWN,-0.00041319535572758171182172518279285356399973104344299,,2025-11,ABSTENTION,,,,,,,,,,
1877,c2390f2eafe17ae3cc1da7402eb43c1424b6a8e6b7b792209233f346acb8fdd8,2025-11-18T00:00:00Z,UNCERTAIN,False,,92170.1,DOWN,DOWN,-0.00050233210119116720064315868161149873982994485196392,,2025-11,ABSTENTION,,,,,,,,,,
1878,e1a5772de6d86df8d89cf09870fa13df81a9a950c3415433acc433412197f52b,2025-11-18T01:00:00Z,UNCERTAIN,False,,92123.8,DOWN,DOWN,-0.0048793037195599834136238409618361378927052509774890,,2025-11,ABSTENTION,,,,,,,,,,
1879,88e7fbc8274622575cca8ed2f1a3fd37034ceb76f70426852330bd6be0cb8210,2025-11-18T02:00:00Z,UNCERTAIN,False,,91674.3,DOWN,DOWN,-0.0091901438025706223009065790521443850675707368368234,,2025-11,ABSTENTION,,,,,,,,,,
1880,06bd26c0eedbf6c8d098af64a5c43ef812b577ebd1c3ec702bcb2c31e840c498,2025-11-18T03:00:00Z,UNCERTAIN,False,,90831.8,DOWN,DOWN,-0.00026862838785535462250004954212071102851644468126801,,2025-11,ABSTENTION,,,,,,,,,,
1881,d0cfed59f2cc5ee5fc6dff32b6bf432308c8d83764b94b2e508cd1536ad41460,2025-11-18T04:00:00Z,UNCERTAIN,False,,90807.4,DOWN,DOWN,-0.0082548338571526109105645575140351997744677195911346,,2025-11,ABSTENTION,,,,,,,,,,
1882,a1b05b58030ccb4a7d08104eaf3eaea9b68e849fa524d0f4e2ea4b93c2954a37,2025-11-18T05:00:00Z,UNCERTAIN,False,,90057.8,DOWN,UP,0.0015112516628209882986259935286005209987363670886919,,2025-11,ABSTENTION,,,,,,,,,,
1883,60ebfdaac623a3f5ad5a700249cec3da7bde8032b6cd331cf0ad583b7d804ccc,2025-11-18T06:00:00Z,UNCERTAIN,False,,90193.9,UP,DOWN,-0.0063485446355019574494505725996990927324353420796750,,2025-11,ABSTENTION,,,,,,,,,,
1884,e53636da88d71e3878f48d7189f104b7fef738c3ab7db74abbc4c101918525cf,2025-11-18T07:00:00Z,UNCERTAIN,False,,89621.3,DOWN,UP,0.0093024760854841427205363010802119585411057416038375,,2025-11,ABSTENTION,,,,,,,,,,
1885,9678780bff052b6f49216e3c560ab60e0b5d7e339e6d31b1aa433bfb653de357,2025-11-18T08:00:00Z,UNCERTAIN,False,,90455,UP,UP,0.0080028743574152893704051738433475208667293129180255,,2025-11,ABSTENTION,,,,,,,,,,
1886,ca46ec5d589c8a985b0a2a3db1cf5a460d2bc71e11c45db5ba13262914c1eabf,2025-11-18T09:00:00Z,UNCERTAIN,False,,91178.9,UP,UP,0.0018864013494350118283945079398852146713768207337443,,2025-11,ABSTENTION,,,,,,,,,,
1887,5a2b2bce7e2026adfd57e572cd4eae8117b255f9fded79c88719bfa08695c10b,2025-11-18T10:00:00Z,UNCERTAIN,False,,91350.9,UP,UP,0.0019682345767803053938165907506111050903713044972737,,2025-11,ABSTENTION,,,,,,,,,,
1888,9d9843d5310731e6e8c0a1b157ed7379d550ac2b35a56bb27d9602ada4907321,2025-11-18T11:00:00Z,UNCERTAIN,False,,91530.7,UP,DOWN,-0.00069484883214047308717184507493114332131186585484433,,2025-11,ABSTENTION,,,,,,,,,,
1889,1e9d79cb672ef481054a868da4c9f6f1303810736255c4fecb57c3f153f1ccc9,2025-11-18T12:00:00Z,BALANCED,False,,91467.1,DOWN,UP,0.000039358414118300459946800543583430544971907931923063,,2025-11,ABSTENTION,,,,,,,,,,
1890,62b680d1abbed9638ab2a8f46a328a78ef6219a7723893e7ab59eb5de31f4967,2025-11-18T13:00:00Z,UNCERTAIN,False,,91470.7,UP,DOWN,-0.00031922790576654600872191860344350704651872129545308,,2025-11,ABSTENTION,,,,,,,,,,
1891,bfa4b96f031a58895bad0e1fc28ceb5693d65d86483e73d492af2d146f40b60a,2025-11-18T14:00:00Z,UNCERTAIN,False,,91441.5,DOWN,DOWN,-0.0013287183609192762585915585374255671658929479503289,,2025-11,ABSTENTION,,,,,,,,,,
1892,0e573cbbe8c144c045b7bf9830c20111ec8adb0069508a8f3c7003b6ab2ea879,2025-11-18T15:00:00Z,UNCERTAIN,False,,91320,DOWN,UP,0.016879106438896189224704336399474375821287779237845,,2025-11,ABSTENTION,,,,,,,,,,
1893,8c01c2ceb495c9d1b70495c0341273bea7689ad895bf7d365ee759eff8758035,2025-11-18T16:00:00Z,UNCERTAIN,False,,92861.4,UP,UP,0.0063395555096089440822559211900746704228021546089118,,2025-11,ABSTENTION,,,,,,,,,,
1894,d3f37d2582f239159381baa4273bb7dffc1642007386ff6189a496c85838a55c,2025-11-18T17:00:00Z,UNCERTAIN,False,,93450.1,UP,DOWN,-0.0024911690838212051137451966343535212910419571514637,,2025-11,ABSTENTION,,,,,,,,,,
1895,b76643bc40e226cd935aefc0e30c9ab704016eb82c7f63481bb0fa1f8c434f9f,2025-11-18T18:00:00Z,UNCERTAIN,False,,93217.3,DOWN,UP,0.00071338689277634087234880220731559485202853976676003,,2025-11,ABSTENTION,,,,,,,,,,
1896,940a2dd6bb08e985420e3f2adb6010602f904378f47e6aec52bc9b485d404045,2025-11-18T19:00:00Z,UNCERTAIN,False,,93283.8,UP,DOWN,-0.0015704763313672899260107328389280882639858153291354,,2025-11,ABSTENTION,,,,,,,,,,
1897,b75f527c0e1899bf072a5a731dc63389e0bde7d32891d093bb62904cdbe5206f,2025-11-18T20:00:00Z,UNCERTAIN,False,,93137.3,DOWN,DOWN,-0.0040939559124002950482781871495093802375632533904247,,2025-11,ABSTENTION,,,,,,,,,,
1898,4bf9ef21ad122546834d778d4a148a38b77991eaeea49325fd7bc10ebf50440f,2025-11-18T21:00:00Z,UNCERTAIN,False,,92756,DOWN,DOWN,-0.0032332140238906378024063133382207080943550821510199,,2025-11,ABSTENTION,,,,,,,,,,
1899,66ed46d8ba1c41559179b8f346098a49c3f9c930e03c3f4ffe16c6acf284509c,2025-11-18T22:00:00Z,UNCERTAIN,False,,92456.1,DOWN,UP,0.0070044053339909427284949289446558961496320956648615,,2025-11,ABSTENTION,,,,,,,,,,
1900,51271e97d7f062d012f318b6f4a528de3fb811518bd2d13f786138390271759e,2025-11-18T23:00:00Z,UNCERTAIN,False,,93103.7,UP,DOWN,-0.0019462169602282186422236710248894512248170588279521,,2025-11,ABSTENTION,,,,,,,,,,
1901,af4e688b5487f8e8b67ed47ca4f505a002fb59146cb2b5fbe7b39e0b6b238057,2025-11-19T00:00:00Z,UNCERTAIN,False,,92922.5,DOWN,DOWN,-0.0057596384083510452258602598939976862439129382011892,,2025-11,ABSTENTION,,,,,,,,,,
1902,177b0c42444be65d37a37622280671641692efcf734e569cc9670da040243ff5,2025-11-19T01:00:00Z,UNCERTAIN,False,,92387.3,DOWN,UP,0.00032580235595152147535429653209910886020048210089482,,2025-11,ABSTENTION,,,,,,,,,,
1903,db24d374713e7d0babec1d8cba5ffebb2648892018a31e1a82bcb8b8210ffa31,2025-11-19T02:00:00Z,UNCERTAIN,False,,92417.4,UP,UP,0.0012898004055513355710071912864893407518497598936997,,2025-11,ABSTENTION,,,,,,,,,,
1904,5b3e4a6bf77b3655a5772000a824b3e604d6c0eefde59977bd61ce108a2ee43c,2025-11-19T03:00:00Z,UNCERTAIN,False,,92536.6,UP,DOWN,-0.0075364774586487940987674066261349563307923567539763,,2025-11,ABSTENTION,,,,,,,,,,
1905,607548965b7b09418490cbecb2ff59e3e77a24a5f4e18526db033e9cd5ab6ca8,2025-11-19T04:00:00Z,UNCERTAIN,False,,91839.2,DOWN,DOWN,-0.0078245455099783099155915992299584491154104129826915,,2025-11,ABSTENTION,,,,,,,,,,
1906,c961da035e4d9f1d79c8866ccaa1dea9c92c30539e288b60c5f5464e211fe95e,2025-11-19T05:00:00Z,UNCERTAIN,False,,91120.6,DOWN,DOWN,-0.0075789667758991929377111213051713882481019659659835,,2025-11,ABSTENTION,,,,,,,,,,
1907,9d76be86c8d39fef489d932509e90b9cf4aa11eda2f5a4c5fc2392da7b807121,2025-11-19T06:00:00Z,UNCERTAIN,False,,90430,DOWN,UP,0.0055401968373327435585535773526484573703417007630211,,2025-11,ABSTENTION,,,,,,,,,,
1908,ffb1418ee350d495aca77eeb4541941da2d924ecfb6be414303fb9a00a79eb0d,2025-11-19T07:00:00Z,UNCERTAIN,False,,90931,UP,UP,0.0096556729828111425146539683936171382696770078411103,,2025-11,ABSTENTION,,,,,,,,,,
1909,8af8907103f411d3e8f646e62b9a804f89c8385f08e2a7655a4fa1a144cb1a40,2025-11-19T08:00:00Z,UNCERTAIN,False,,91809,UP,DOWN,-0.0041575444673180189306059318803167445457417028831596,,2025-11,ABSTENTION,,,,,,,,,,
1910,e07f88cffe1b3edb33b8dd011c9590e9408ee578d2022b7fa1ee7d0f19329472,2025-11-19T09:00:00Z,BALANCED,False,,91427.3,DOWN,UP,0.00052500730088277790113018759167119667757879758015385,,2025-11,ABSTENTION,,,,,,,,,,
1911,9c22ff652024058274b7f8554acf69c0880b5d52c06e99014af7fd218584c78c,2025-11-19T10:00:00Z,UNCERTAIN,False,,91475.3,UP,DOWN,-0.0023536408188877216035366924186091764662154701870341,,2025-11,ABSTENTION,,,,,,,,,,
1912,ea64963a7c7786f43fd4e8b50a10d05e0899d2b2035d2596015aab331d1100f3,2025-11-19T11:00:00Z,BALANCED,False,,91260,DOWN,UP,0.0010146833223756300679377602454525531448608371685295,,2025-11,ABSTENTION,,,,,,,,,,
1913,e311d62cb4e5241dc924a0b4e6f432a0eb7a53f45d75299518d31493a3d228f5,2025-11-19T12:00:00Z,BALANCED,False,,91352.6,UP,UP,0.0041301506470532858397024277360469214888246202078540,,2025-11,ABSTENTION,,,,,,,,,,
1914,362d63966aa47e1b5df031c7bca365050f0028b3f9722e6411d2921c07b9524a,2025-11-19T13:00:00Z,BALANCED,False,,91729.9,UP,DOWN,-0.0041611295771607730957953731553179497633814056267368,,2025-11,ABSTENTION,,,,,,,,,,
1915,25f5b369df9d0efd9eb8bda43578f9c39f85c97c10e13c35634df3653461fc33,2025-11-19T14:00:00Z,UNCERTAIN,False,,91348.2,DOWN,UP,0.0035260683844892400726013210988284388745481574896933,,2025-11,ABSTENTION,,,,,,,,,,
1916,210ecd4125be4917360e28a467eb3d24e4b4ee2ab7821d755105a0c9c420c156,2025-11-19T15:00:00Z,UNCERTAIN,False,,91670.3,UP,DOWN,-0.019359596292365138981763995536176929714422228355312,,2025-11,ABSTENTION,,,,,,,,,,
1917,5a5fc0138a0160fa5f7e3138506eddeb03b58c2e37e481a814c9f6d041e98039,2025-11-19T16:00:00Z,UNCERTAIN,False,,89895.6,DOWN,DOWN,-0.00036820489545650732627625823733308415539803950360196,,2025-11,ABSTENTION,,,,,,,,,,
1918,9e15b17edbc7a9c5900fd21a3902133eae851096112c1b5aa0ab2ac736d79078,2025-11-19T17:00:00Z,UNCERTAIN,False,,89862.5,DOWN,DOWN,-0.0044768396160801224092363332869661983586034218945611,,2025-11,ABSTENTION,,,,,,,,,,
1919,5a97e8adcec32c5841952bf266278a85bf88a704cd9623973fe5e5a73eb7f177,2025-11-19T18:00:00Z,UNCERTAIN,False,,89460.2,DOWN,DOWN,-0.0029130272456354893013876561867735596388114491136841,,2025-11,ABSTENTION,,,,,,,,,,
1920,f09b6edac50861f1bf29c5c926b293c4db491454e8c31adf03c79081dbc3a998,2025-11-19T19:00:00Z,UNCERTAIN,False,,89199.6,DOWN,DOWN,-0.0039349952241938304656074690917896492809384795447513,,2025-11,ABSTENTION,,,,,,,,,,
1921,c0c20d5aba14bef0b4de2ecec94ba3fafc1d1d740769d8fbe214fc4eec4e6cb2,2025-11-19T20:00:00Z,UNCERTAIN,False,,88848.6,DOWN,UP,0.0072516618157179741717933653428416429746782729272043,,2025-11,ABSTENTION,,,,,,,,,,
1922,d2386960472ff7793ad1e230326a87c761b3841ac4512bf2f3f2eb9281810c32,2025-11-19T21:00:00Z,UNCERTAIN,False,,89492.9,UP,UP,0.012022182765336691514075418273404929329589274679891,,2025-11,ABSTENTION,,,,,,,,,,
1923,cc965802ff9e69117ee00385e6fa27790ace2e1fd693a08475a7f6ed2edbe2e7,2025-11-19T22:00:00Z,UNCERTAIN,False,,90568.8,UP,DOWN,-0.0013580835784508572488539099557463497363330418422238,,2025-11,ABSTENTION,,,,,,,,,,
1924,a95156171e3e15cc4872ebea1fdf64e7826fcb9b649f0387c9898c720fdfb001,2025-11-19T23:00:00Z,BALANCED,False,,90445.8,DOWN,UP,0.011883359979125619984565341895367170172633776250528,,2025-11,ABSTENTION,,,,,,,,,,
1925,f5ea25b285067ef4f0fe77d0ff4ff93ad2748e5ae87316b7c0916708ba490d1d,2025-11-20T00:00:00Z,UNCERTAIN,False,,91520.6,UP,UP,0.0036778605035369086304067062497404955824153250743548,,2025-11,ABSTENTION,,,,,,,,,,
1926,5fa2f2c9fdb472549d1afa217723225489c9cc56e85a87ec215a5145beb0ae89,2025-11-20T01:00:00Z,UNCERTAIN,False,,91857.2,UP,UP,0.0077587821096223268290346320157810166214515574173826,,2025-11,ABSTENTION,,,,,,,,,,
1927,fabccee91d4a077792d3502d7fd5ab500438e4c7d659ee381eaba491e87f672f,2025-11-20T02:00:00Z,UNCERTAIN,False,,92569.9,UP,UP,0.000016203971269278674817624303364268514927638465635158,,2025-11,ABSTENTION,,,,,,,,,,
1928,1c5dc78dfb1b8efda48a6bd99a30842285e82ef8e47105e1765b31f27605a795,2025-11-20T03:00:00Z,UP,True,AL-2025-11-20T02:15:00+00:00-65fab3ecccdc,92571.4,UP,DOWN,-0.0016679017493523917754295603177655301745463501686266,True,2025-11,PAIRED,False,False,NEITHER,AL-2025-11-20T02:15:00+00:00-65fab3ecccdc,1,ALREADY_ACTIVE_AT_CUTOFF,2025-11-20T02:51:00Z,,INVALIDATED,2025-11-20T04:18:00Z
1929,63c8c3930dc85dfe59f65ef2e279f70826413948ae86009891f2f8e36c155221,2025-11-20T04:00:00Z,UP,True,AL-2025-11-20T02:15:00+00:00-65fab3ecccdc,92417,DOWN,UP,0.0056429011978315677851477542010669032753714143501737,True,2025-11,PAIRED,True,False,MV_ONLY,AL-2025-11-20T02:15:00+00:00-65fab3ecccdc,2,ALREADY_ACTIVE_AT_CUTOFF,2025-11-20T02:51:00Z,,INVALIDATED,2025-11-20T04:18:00Z
1930,504aab734fc62c826c986405dd1e132b494c8dd543dd836ffbbc405b631a620b,2025-11-20T05:00:00Z,UNCERTAIN,False,,92938.5,UP,DOWN,-0.0038799851514711341370906567246082086541099759518391,,2025-11,ABSTENTION,,,,,,,,,,
1931,cfb5b37093508fd4ec2779d8d9eb8d35c73025ad29eca15248f92a47646fa4ec,2025-11-20T06:00:00Z,UNCERTAIN,False,,92577.9,DOWN,DOWN,-0.0068698901141633154348932088543810131791712708972660,,2025-11,ABSTENTION,,,,,,,,,,
1932,31fcecd8784507e1bc04ccb1ef4e2953466d16dce60092e0923aebaa5d4f9c48,2025-11-20T07:00:00Z,UNCERTAIN,False,,91941.9,DOWN,UP,0.0037675967105313246735166447506523141244633839413804,,2025-11,ABSTENTION,,,,,,,,,,
1933,b2919e10c8696f21fa9515d5a826af508c64f41a044bf87fc6142a6a8280c686,2025-11-20T08:00:00Z,UNCERTAIN,False,,92288.3,UP,DOWN,-0.0021216123820679327715430883438095619921485172009886,,2025-11,ABSTENTION,,,,,,,,,,
1934,a1d034903eea52336629206f888c88504484a70bcd26248cc542df882b306181,2025-11-20T09:00:00Z,BALANCED,False,,92092.5,DOWN,DOWN,-0.0023508971957542688058202350897195754268805820235090,,2025-11,ABSTENTION,,,,,,,,,,
1935,e45729d5448beba4288368348669897cc32a334ae3aae5264977b84dd07675ab,2025-11-20T10:00:00Z,UNCERTAIN,False,,91876,DOWN,DOWN,-0.0012146806565370717053419826722974443815577517523619,,2025-11,ABSTENTION,,,,,,,,,,
1936,8135c98d35cb55593ee130af0c4a22d234072ee8ab43e53efce1b3b05f4c7d84,2025-11-20T11:00:00Z,UNCERTAIN,False,,91764.4,DOWN,UP,0.0013294916111258832401236209248902624547210029161636,,2025-11,ABSTENTION,,,,,,,,,,
1937,ff077198d8773f4be3d89b31c675e835b5442aec3be3174ee77e40ae1af33852,2025-11-20T12:00:00Z,BALANCED,False,,91886.4,UP,DOWN,-0.0010012363091817722753312786222988385658813491441606,,2025-11,ABSTENTION,,,,,,,,,,
1938,e1eaaa30c6810f1381901257a9869932bb95b74d4e1647b6c406e5bcf0488fde,2025-11-20T13:00:00Z,UNCERTAIN,False,,91794.4,DOWN,DOWN,-0.0033052125184107091500135084493171696748385522428383,,2025-11,ABSTENTION,,,,,,,,,,
1939,238ab20623cbf789342024a349c005ed331377385ee6299c23828071bbbe88e0,2025-11-20T14:00:00Z,UNCERTAIN,False,,91491,DOWN,DOWN,-0.0046168475587762730760402662556972816998393284585369,,2025-11,ABSTENTION,,,,,,,,,,
1940,99444bfd9ce8242e2b02fc8501203e0c7d42be9d3d7ca6a765d541c6883260fa,2025-11-20T15:00:00Z,DOWN,True,AS-2025-11-20T14:00:00+00:00-4cd64bc77763,91068.6,DOWN,DOWN,-0.013742387606705274924617266544121684093090263823096,True,2025-11,PAIRED,True,True,BOTH,AS-2025-11-20T14:00:00+00:00-4cd64bc77763,1,ALREADY_ACTIVE_AT_CUTOFF,2025-11-20T14:50:00Z,,DESTINATION_REACHED,2025-11-20T15:08:00Z
1941,d07b784cd09c4df3ac47dad56b4f41ce158e2e6b7b95fe7a9eda3d7460f2c108,2025-11-20T16:00:00Z,UNCERTAIN,False,,89817.1,DOWN,DOWN,-0.022124962841151629255453582892344553542699552757771,,2025-11,ABSTENTION,,,,,,,,,,
1942,cd388e5a4f1682557d4327e2ed3226ac620da9cc63a356d898c7aa0ef80a11b0,2025-11-20T17:00:00Z,UNCERTAIN,False,,87829.9,DOWN,DOWN,-0.0074063616148942444429516599700102129229339894500620,,2025-11,ABSTENTION,,,,,,,,,,
1943,05088ec37791adc5fe727168416d1a5e2b4029fb2bae6e2644d107021b35097b,2025-11-20T18:00:00Z,UNCERTAIN,False,,87179.4,DOWN,DOWN,-0.0084813614225378931261284202460673048908343025990085,,2025-11,ABSTENTION,,,,,,,,,,
1944,d6328f01538a724d5781d20f7cb5d0b037117584694c11d5273d8dfeed02dbc8,2025-11-20T19:00:00Z,UNCERTAIN,False,,86440,DOWN,UP,0.0050775104118463674224895881536325775104118463674225,,2025-11,ABSTENTION,,,,,,,,,,
1945,8e19809afa0a9a080816711d3cc8cc8887d024facdea40c56bfe3f108267e2b8,2025-11-20T20:00:00Z,UNCERTAIN,False,,86878.9,UP,DOWN,-0.0051404886571998494456076216434600345998855878700122,,2025-11,ABSTENTION,,,,,,,,,,
1946,1556de92109f57796faea06852efb8eb5accc70d8898bdbda65dcb664a190b5b,2025-11-20T21:00:00Z,UNCERTAIN,False,,86432.3,DOWN,UP,0.0093171187160355561520403830512435744507550996560314,,2025-11,ABSTENTION,,,,,,,,,,
1947,8ff7696cd76ea3489ab4e7baa181079d35aaaa19e704f5315ab664703d71100f,2025-11-20T22:00:00Z,UNCERTAIN,False,,87237.6,UP,UP,0.0090419727273560941612332297082909204288059277192403,,2025-11,ABSTENTION,,,,,,,,,,
1948,111dfd89deef065dbd880575a25edd8f523929958e2d9ee97b5dcf9e8d56a93b,2025-11-20T23:00:00Z,UNCERTAIN,False,,88026.4,UP,DOWN,-0.016259894758845073750602092099642834422400552561504,,2025-11,ABSTENTION,,,,,,,,,,
1949,cab7372bd13152fc0b1da072b98d7c05efdd9e78e8f9e08686e864db3cf18e8e,2025-11-21T00:00:00Z,UNCERTAIN,False,,86595.1,DOWN,UP,0.0076274523616232327233296110287995510138564422236362,,2025-11,ABSTENTION,,,,,,,,,,
1950,acf7311c0ad5232290039cc12a5451bef17736a8cc2aefdb4f6a0624f2b20b5b,2025-11-21T01:00:00Z,BALANCED,False,,87255.6,UP,DOWN,-0.0026955289975657722828105015609313327740569086683262,,2025-11,ABSTENTION,,,,,,,,,,
1951,609375551903b55706e957fd95f7816655980f195b28a8faf6117e9c37c8bf14,2025-11-21T02:00:00Z,UNCERTAIN,False,,87020.4,DOWN,DOWN,-0.018617473603890581978478609613378012512008678424829,,2025-11,ABSTENTION,,,,,,,,,,
1952,db73785f4c193882a615e8a9f5388a76a127bca4afc826a2114ba2ee79f5eeac,2025-11-21T03:00:00Z,UNCERTAIN,False,,85400.3,DOWN,UP,0.0045655577322327907513205457123686919132602578679466,,2025-11,ABSTENTION,,,,,,,,,,
1953,2dbef72a53b20285c677d7c9213ed21556abe172a7cc828bee051afaf01be710,2025-11-21T04:00:00Z,BALANCED,False,,85790.2,UP,UP,0.0027357437096544826798398884721098680268841895694380,,2025-11,ABSTENTION,,,,,,,,,,
1954,7e47a551057c677b675f1f3240b8b85dd292beedb0e0215256f02044b985efa3,2025-11-21T05:00:00Z,BALANCED,False,,86024.9,UP,UP,0.0015681506168562823089593826903605816455468126089074,,2025-11,ABSTENTION,,,,,,,,,,
1955,3d651a5f686a764f42a0787546859df1f2a28f484cbe92cfb0ce182a0392c3f0,2025-11-21T06:00:00Z,UNCERTAIN,False,,86159.8,UP,DOWN,-0.0072678905939893082388770633172314698966339290481176,,2025-11,ABSTENTION,,,,,,,,,,
1956,be67db539d1970511fb988ff244da658b864a6bea1f17ddaac20f3472cc66a56,2025-11-21T07:00:00Z,UNCERTAIN,False,,85533.6,DOWN,DOWN,-0.017928626878793830728509030369351927195862210873855,,2025-11,ABSTENTION,,,,,,,,,,
1957,e5178ec4a70b39914614d0ff42cec53336a47fec4c158d26ded652709efb7311,2025-11-21T08:00:00Z,UNCERTAIN,False,,84000.1,DOWN,DOWN,-0.0046678515858909691774176459313738912215580695737267,,2025-11,ABSTENTION,,,,,,,,,,
1958,e681b651585e59efbd0ac22c35fc7980d90615f2852fda266a89d2de84779ddb,2025-11-21T09:00:00Z,UNCERTAIN,False,,83608,DOWN,DOWN,-0.017072528944598603004497177303607310305233948904411,,2025-11,ABSTENTION,,,,,,,,,,
1959,9c81542b664a2e965563c9b17858c80a055d93544d38f57a5b8553807178d00b,2025-11-21T10:00:00Z,UNCERTAIN,False,,82180.6,DOWN,UP,0.0059746460843556751836808200475538022355641112379321,,2025-11,ABSTENTION,,,,,,,,,,
1960,733ff50443d2c5e2fc1907d1051525fa0404cc32ceabae6a126567e7b3109528,2025-11-21T11:00:00Z,UNCERTAIN,False,,82671.6,UP,DOWN,-0.0046763338316906894265987352367681283536305091470348,,2025-11,ABSTENTION,,,,,,,,,,
1961,ac487311ec98619ebc79af51316b285a6dc954e55a5eddca40d4a9582cac66ac,2025-11-21T12:00:00Z,UNCERTAIN,False,,82285,DOWN,UP,0.011403050373701160600352433614875129124384760284377,,2025-11,ABSTENTION,,,,,,,,,,
1962,db9b662eeb73ad2c05ea8547182a5b63e15761ab02b0d9bbb9bc4ed3f2c19246,2025-11-21T13:00:00Z,UNCERTAIN,False,,83223.3,UP,UP,0.010059682805175954330097460687091235267046608341654,,2025-11,ABSTENTION,,,,,,,,,,
1963,83c0350ee5d3e8463aa8a10cd9084dfa776a8c98e28086142c448cb29948d001,2025-11-21T14:00:00Z,UNCERTAIN,False,,84060.5,UP,UP,0.0088198380928022079335716537493828849459615396054033,,2025-11,ABSTENTION,,,,,,,,,,
1964,359a0c8db704426566f16a6421a97176add3c6306a7b1e386d5102cea56ac464,2025-11-21T15:00:00Z,UNCERTAIN,False,,84801.9,UP,DOWN,-0.022372140246857676537907759142189031141990922373202,,2025-11,ABSTENTION,,,,,,,,,,
1965,5eef5b02f4c45d3ae84980f84c4295c4217584f03d0e523b63ee1c16186a3af8,2025-11-21T16:00:00Z,BALANCED,False,,82904.7,DOWN,UP,0.023829770809133860927064448698324702942052742486252,,2025-11,ABSTENTION,,,,,,,,,,
1966,0cfbcacb3ad4e573c2550e5ff399c58cb799d9327055de6fcac94761a21c8fed,2025-11-21T17:00:00Z,UNCERTAIN,False,,84880.3,UP,DOWN,-0.00060320239207448607038382286584755237669989385051655,,2025-11,ABSTENTION,,,,,,,,,,
1967,37a8f0f93595fe34a6b66189b0a995615f012727afe745b71a264cceae81b91e,2025-11-21T18:00:00Z,UNCERTAIN,False,,84829.1,DOWN,DOWN,-0.0033997767275616504242058444566781917997479638473118,,2025-11,ABSTENTION,,,,,,,,,,
1968,fdcd0cdf6e1ffcfdc508d4f9507f1f7ebaef5fa43f3c688ed0ed4d1cf190568d,2025-11-21T19:00:00Z,UP,True,AL-2025-11-21T17:45:00+00:00-465335375839,84540.7,DOWN,DOWN,-0.0043635787259864183760011450106280170379474028485688,True,2025-11,PAIRED,False,True,PERSISTENCE_ONLY,AL-2025-11-21T17:45:00+00:00-465335375839,1,ALREADY_ACTIVE_AT_CUTOFF,2025-11-21T18:32:00Z,,TIME_EXPIRED,2025-11-21T22:32:00Z
1969,809a0bedaf124a7257ef90bdf67d558e503111fcc6824ed2993dc41d8e65476e,2025-11-21T20:00:00Z,UP,True,AL-2025-11-21T17:45:00+00:00-465335375839,84171.8,DOWN,UP,0.0041450937249767736938024373958974383344540570594902,True,2025-11,PAIRED,True,False,MV_ONLY,AL-2025-11-21T17:45:00+00:00-465335375839,2,ALREADY_ACTIVE_AT_CUTOFF,2025-11-21T18:32:00Z,,TIME_EXPIRED,2025-11-21T22:32:00Z
1970,6fee1af027aced7570dd36bd806fdcad1198c6feb6c509348ed888e1b2e98553,2025-11-21T21:00:00Z,UP,True,AL-2025-11-21T17:45:00+00:00-465335375839,84520.7,UP,UP,0.0072763240247655308107954619400927820048816443782411,True,2025-11,PAIRED,True,True,BOTH,AL-2025-11-21T17:45:00+00:00-465335375839,3,ALREADY_ACTIVE_AT_CUTOFF,2025-11-21T18:32:00Z,,TIME_EXPIRED,2025-11-21T22:32:00Z
1971,d2cd5c92e23bd94a4d76d7955e3ac37fcd0a0c1172e14029ae7b54a280d391a4,2025-11-21T22:00:00Z,UP,True,AL-2025-11-21T17:45:00+00:00-465335375839,85135.7,UP,DOWN,-0.010520850829910366626456351448334834857762372306800,True,2025-11,PAIRED,False,False,NEITHER,AL-2025-11-21T17:45:00+00:00-465335375839,4,ALREADY_ACTIVE_AT_CUTOFF,2025-11-21T18:32:00Z,,TIME_EXPIRED,2025-11-21T22:32:00Z
1972,43375c6a45602476237972168d66386fd3dff77d585d9f804cef60e56abc8b3f,2025-11-21T23:00:00Z,UNCERTAIN,False,,84240,DOWN,UP,0.010048670465337132003798670465337132003798670465337,,2025-11,ABSTENTION,,,,,,,,,,
1973,38758e7efea2a0e476ffe9be35d1053f3601189fde61b3a7058d412185d98455,2025-11-22T00:00:00Z,UNCERTAIN,False,,85086.5,UP,DOWN,-0.0046352829179717111410153197040658623871001862810199,,2025-11,ABSTENTION,,,,,,,,,,
1974,312592bf52cf6e6865b077eb4672d8498139788706e1fc477cbd73ec449804bd,2025-11-22T01:00:00Z,BALANCED,False,,84692.1,DOWN,UP,0.0053098222856677305203200770792080961506445111173297,,2025-11,ABSTENTION,,,,,,,,,,
1975,227d4a0dabf3ed072806309338d19c63aa073c6aa3d3fab64fe34eb6449ed8aa,2025-11-22T02:00:00Z,BALANCED,False,,85141.8,UP,DOWN,-0.0076155307968588871741024972457711723266362703161080,,2025-11,ABSTENTION,,,,,,,,,,
1976,dbcb59621e1322ca92f4f3bfe93bdeaffe1a0adeb8288dc2b0da65010dcf3622,2025-11-22T03:00:00Z,BALANCED,False,,84493.4,DOWN,DOWN,-0.0010403179419931024198339751980628072725206939240225,,2025-11,ABSTENTION,,,,,,,,,,
1977,98580dd97d390fc33f6941c773f96362e60c6783c77fe9fc60924986d2f710d1,2025-11-22T04:00:00Z,BALANCED,False,,84405.5,DOWN,DOWN,-0.0024370449792963728666970754275491526026147585169213,,2025-11,ABSTENTION,,,,,,,,,,
1978,607537e42c1ed3289fd9879391d856e2543778c04090170692b4294517b683e8,2025-11-22T05:00:00Z,BALANCED,False,,84199.8,DOWN,UP,0.00046080869550759027931182734400794301174112052522690,,2025-11,ABSTENTION,,,,,,,,,,
1979,e0b14ed2e5684a38cb2e6b0ca17cddb4aed70727f7cca43bf1ba79e140a0c587,2025-11-22T06:00:00Z,BALANCED,False,,84238.6,UP,UP,0.0041845424781513462949289280686051287651979021493710,,2025-11,ABSTENTION,,,,,,,,,,
1980,9daeeea7b6701a1209afab018905dd65583667ce7fe6d77ea96a7ace7d3eec35,2025-11-22T07:00:00Z,UNCERTAIN,False,,84591.1,UP,DOWN,-0.00050950986569509085471166588447247996538642954164209,,2025-11,ABSTENTION,,,,,,,,,,
1981,1494b813cda5285842712a71b56d2c7b477c6c2a4f13d9fcf9a1fba337dce099,2025-11-22T08:00:00Z,BALANCED,False,,84548,DOWN,DOWN,-0.0067180773051994133509958839948904764157638264654398,,2025-11,ABSTENTION,,,,,,,,,,
1982,4bcdd7af07e15443d04fbf56aceacad7c279fc1181de88f54ab3c72e66f35c5c,2025-11-22T09:00:00Z,UNCERTAIN,False,,83980,DOWN,DOWN,-0.00095022624434389140271493212669683257918552036199095,,2025-11,ABSTENTION,,,,,,,,,,
1983,4562e3ce7f2c7c4282b0d6e4091b7ceeab67f3ebf989c2a82c1fefa82b54ce9d,2025-11-22T10:00:00Z,UNCERTAIN,False,,83900.2,DOWN,DOWN,-0.0028629252373653459705697960195565683991218137739839,,2025-11,ABSTENTION,,,,,,,,,,
1984,934e45dc521bcca6b646a7d6425a22bdb77a1e257a292e92461d8fef86c2f5c3,2025-11-22T11:00:00Z,UNCERTAIN,False,,83660,DOWN,UP,0.0047716949557733683958881185751852737269901984221850,,2025-11,ABSTENTION,,,,,,,,,,
1985,63fcccb8b9064fdf46c120747d3b2963ad5d4533ce5a56e87d67cd44ce3da9d7,2025-11-22T12:00:00Z,UNCERTAIN,False,,84059.2,UP,DOWN,-0.0026398062317985419799379484934427165616613053657422,,2025-11,ABSTENTION,,,,,,,,,,
1986,cef4440d904ad2a28054cf10f6dbecaa32765387ec123e281c7dc522f17b7469,2025-11-22T13:00:00Z,UNCERTAIN,False,,83837.3,DOWN,UP,0.00080155253091404422613800778412472729918544609618869,,2025-11,ABSTENTION,,,,,,,,,,
1987,11cb0ccde447eec0eaf93a73d5bb1258f87bd4c4e168185cb9806e5ad829a995,2025-11-22T14:00:00Z,UNCERTAIN,False,,83904.5,UP,UP,0.0065002473049717238050402540984095012782389502350887,,2025-11,ABSTENTION,,,,,,,,,,
1988,1d3094298a7883d10a8d302907a4c31dd167829bbf270e5359d1619a6f7280fa,2025-11-22T15:00:00Z,UNCERTAIN,False,,84449.9,UP,DOWN,-0.0025399674836796728000862049570218555616998954409656,,2025-11,ABSTENTION,,,,,,,,,,
1989,e242bd98a189e83ea8fc5463df72c3d1510444ac003104534bbb4ad79186fdb9,2025-11-22T16:00:00Z,BALANCED,False,,84235.4,DOWN,UP,0.0049337926809868535081450316612730514724213335486031,,2025-11,ABSTENTION,,,,,,,,,,
1990,b59d6230d744f45f6cb50f27cc9981606d69c94f3b69f35f377fe8e1550f12bd,2025-11-22T17:00:00Z,UNCERTAIN,False,,84651,UP,DOWN,-0.0017507176524790020200588297834638692986497501506184,,2025-11,ABSTENTION,,,,,,,,,,
1991,84f3e8aefc4ffce19af6e77e8c71690a328e271fc401186c37e5b8510803db95,2025-11-22T18:00:00Z,BALANCED,False,,84502.8,DOWN,UP,0.0012969984426551546220953625205318640329077853041556,,2025-11,ABSTENTION,,,,,,,,,,
1992,b2231d8168bee9009c182c8b56eeeb5cff0bae35b4b0da42501e378deb3aa48a,2025-11-22T19:00:00Z,UNCERTAIN,False,,84612.4,UP,DOWN,-0.00060747597278885837064070987231185972741583975871149,,2025-11,ABSTENTION,,,,,,,,,,
1993,2289736d7a2ec680cbf9a162d95b709d9374c927e514992c01fde74f59293981,2025-11-22T20:00:00Z,BALANCED,False,,84561,DOWN,DOWN,-0.0016615224512482113503861118009484277622071640590816,,2025-11,ABSTENTION,,,,,,,,,,
1994,d96d24f3cdd30e23d06a709b1c3814b12a4505cfbe4bb1268d1963cfe69f4c89,2025-11-22T21:00:00Z,UNCERTAIN,False,,84420.5,DOWN,DOWN,-0.00057568955407750487144710111880408194692047547692800,,2025-11,ABSTENTION,,,,,,,,,,
1995,e85688fa1e21d917f03c854cae58e1dc16a73812d279c041b02c39245567b84c,2025-11-22T22:00:00Z,UNCERTAIN,False,,84371.9,DOWN,UP,0.0077537663606011006033999471387985810441628077594555,,2025-11,ABSTENTION,,,,,,,,,,
1996,9b8d099484f6523ec5e38f68acf411d4c844dfbd32519452c74b151e7706c1ae,2025-11-22T23:00:00Z,UNCERTAIN,False,,85026.1,UP,DOWN,-0.0038352929277010235680573376880746029748512515568749,,2025-11,ABSTENTION,,,,,,,,,,
1997,26ce0796a998b25c8cb42ce9a76ea1c4103472b297e9dcf31b9d8a1f86fb9172,2025-11-23T00:00:00Z,BALANCED,False,,84700,DOWN,UP,0.0027225501770956316410861865407319952774498229043684,,2025-11,ABSTENTION,,,,,,,,,,
1998,1dcc19e425f9cff05d7e5ff5ffa37843a6e1e422c7d8a9a8d6a93041c4cd0a4d,2025-11-23T01:00:00Z,BALANCED,False,,84930.6,UP,UP,0.010555677223521322114761935038725736071569022236979,,2025-11,ABSTENTION,,,,,,,,,,
1999,a5b886a7147468c65cc3d1aac9309c84c9a27a707c90cfe1f279ae35170f6b4d,2025-11-23T02:00:00Z,UNCERTAIN,False,,85827.1,UP,UP,0.0014820493760129376385780248895745050223064742954149,,2025-11,ABSTENTION,,,,,,,,,,
2000,6837297150f8718bc2e685bcf722e63e3641f119063ad02fed8ca645005cfac7,2025-11-23T03:00:00Z,UNCERTAIN,False,,85954.3,UP,UP,0.0035321095047019171815720679477350173289759790958684,,2025-11,ABSTENTION,,,,,,,,,,
2001,51d2ebf5d495e1da51c35b68f3ef5a7941f8ff0b1803da7c91dfa072f0455f8a,2025-11-23T04:00:00Z,UNCERTAIN,False,,86257.9,UP,UP,0.0027962656174101154792778400587076661963715787191666,,2025-11,ABSTENTION,,,,,,,,,,
2002,2d8b2efc1e2c0cda713dc9f4f37aa8d306db63c9d1c5b50828e04e61a43b3176,2025-11-23T05:00:00Z,UP,True,AL-2025-11-23T04:30:00+00:00-9480368ba513,86499.1,UP,DOWN,-0.0021560917974869102684305385836384424809044255951796,True,2025-11,PAIRED,False,False,NEITHER,AL-2025-11-23T04:30:00+00:00-9480368ba513,1,ACTIVATED_WITHIN_1H,2025-11-23T05:55:00Z,,INVALIDATED,2025-11-23T06:52:00Z
2003,4fe99d9cf0eef78c5170f6faa828fb197adc85822142a79eeed083f2615fcd10,2025-11-23T06:00:00Z,UP,True,AL-2025-11-23T04:30:00+00:00-9480368ba513,86312.6,DOWN,DOWN,-0.0056631360890530467162384171024856162367950913308138,True,2025-11,PAIRED,False,True,PERSISTENCE_ONLY,AL-2025-11-23T04:30:00+00:00-9480368ba513,2,ALREADY_ACTIVE_AT_CUTOFF,2025-11-23T05:55:00Z,,INVALIDATED,2025-11-23T06:52:00Z
2004,87d7c5e0b4d18029668442f71e8d5a83b54f65e20a4d274ff12b4d8227f92540,2025-11-23T07:00:00Z,UNCERTAIN,False,,85823.8,DOWN,DOWN,-0.00096942806074771799896998268545554962609439339670348,,2025-11,ABSTENTION,,,,,,,,,,
2005,998a3c345a2ff3e68aa6cc562f843d3438ebe75e5f6ebc6566fab94187812ea0,2025-11-23T08:00:00Z,UNCERTAIN,False,,85740.6,DOWN,UP,0.0043118429308868843931579671707452478755688670244901,,2025-11,ABSTENTION,,,,,,,,,,
2006,ed692d6f354994a7930b698d7aa78148764fb36ee58d044950b8831058ab1f87,2025-11-23T09:00:00Z,UNCERTAIN,False,,86110.3,UP,UP,0.0028672528141232814192959494973307490509265442113197,,2025-11,ABSTENTION,,,,,,,,,,
2007,43dc81936171b9ee9370f8fa3f6fc2e0c2e8d98a6d580ee61420472645928e10,2025-11-23T10:00:00Z,UNCERTAIN,False,,86357.2,UP,DOWN,-0.0038109155924462581000773531332650896508918769946223,,2025-11,ABSTENTION,,,,,,,,,,
2008,c6f71a1296f922e2865e868ba625f490a1afb95dece09ee257e60f57d3e1f1f8,2025-11-23T11:00:00Z,BALANCED,False,,86028.1,DOWN,UP,0.0031501335028903346697183827144851507821281650995431,,2025-11,ABSTENTION,,,,,,,,,,
2009,6a8dc8c77b540c6a6922c7ee9ff8a5593d36a2ed87a23797383508030f607bfd,2025-11-23T12:00:00Z,BALANCED,False,,86299.1,UP,UP,0.0022711708465094073982231564407971809671248019967763,,2025-11,ABSTENTION,,,,,,,,,,
2010,1a38b225e30021420c320557aa32a052e230a8bb54fcdc7cebc0350070dd1756,2025-11-23T13:00:00Z,UNCERTAIN,False,,86495.1,UP,UP,0.0044603682751970920896097004338974115296704668819390,,2025-11,ABSTENTION,,,,,,,,,,
2011,17944a3d54ba2e2c1f24e108880bb91fd8d3716ba753fba47e378aadf9926ec9,2025-11-23T14:00:00Z,BALANCED,False,,86880.9,UP,DOWN,-0.0043645956706249589955905152916233602552459746618647,,2025-11,ABSTENTION,,,,,,,,,,
2012,72f7a54de67d24147138fc04f34a00479237fa78437bef24b99396ad333d2f89,2025-11-23T15:00:00Z,UNCERTAIN,False,,86501.7,DOWN,UP,0.0061443879137635445314947567504453669696664921036234,,2025-11,ABSTENTION,,,,,,,,,,
2013,065c3aa7ed5d0a3e0e3b57c568d952369c4857906523b92cd14e1ae840dafac5,2025-11-23T16:00:00Z,UNCERTAIN,False,,87033.2,UP,DOWN,-0.0044603668485129812531309890938170721058170904896063,,2025-11,ABSTENTION,,,,,,,,,,
2014,d33007a08ff364f61166b285fa46c5d1c761e8d5ba57fa1b252860991aaf1c8e,2025-11-23T17:00:00Z,BALANCED,False,,86645,DOWN,UP,0.00067401465751053147902360205435974378209937099659530,,2025-11,ABSTENTION,,,,,,,,,,
2015,df5eeea5c05a0fc222771a2a1df297532966cb47c5c0153c95aab57ed1a53974,2025-11-23T18:00:00Z,BALANCED,False,,86703.4,UP,UP,0.0029018469863926904827261676012705384102584212383828,,2025-11,ABSTENTION,,,,,,,,,,
2016,ecb2040110632e20bb8edb9d383e4db37b2896641472b1eb1fe38cb3dde42a2a,2025-11-23T19:00:00Z,UNCERTAIN,False,,86955,UP,UP,0.0038307170375481570927491231096544189523316658041516,,2025-11,ABSTENTION,,,,,,,,,,
2017,64a6af75b346be2256763739c96793c6e01524b1f2e0a3ce9710cb4784c5d37b,2025-11-23T20:00:00Z,UNCERTAIN,False,,87288.1,UP,UP,0.0016886608827549230651142595611543841600401429289903,,2025-11,ABSTENTION,,,,,,,,,,
2018,7eea16604a2c72d8015c51ec27df671dd882fa9c245daf4a6bf79f9d0ed395cb,2025-11-23T21:00:00Z,UNCERTAIN,False,,87435.5,UP,UP,0.0059312293061742656015005346798497177919723682028467,,2025-11,ABSTENTION,,,,,,,,,,
2019,2b9e8773be8121198a6d6f0eb8735b4710513a129eee426f849bfbaf925e1a6e,2025-11-23T22:00:00Z,UNCERTAIN,False,,87954.1,UP,UP,0.00010005218631081439068787015045347516488713999688474,,2025-11,ABSTENTION,,,,,,,,,,
2020,322c050ed55efaa298bbcfef3611549767b6a6592151ad50646916aafdfc50c8,2025-11-23T23:00:00Z,UNCERTAIN,False,,87962.9,UP,DOWN,-0.013176009431248856051812752876496795808232789050838,,2025-11,ABSTENTION,,,,,,,,,,
2021,19c0fd281ff1ced18deb977317de8507526861e599ba36a0950c5a4097aedb48,2025-11-24T00:00:00Z,UNCERTAIN,False,,86803.9,DOWN,DOWN,-0.0013202171791820413598928158757843829597518083864895,,2025-11,ABSTENTION,,,,,,,,,,
2022,d319908c33b83bd4b177532851f443993b6b8cbbbe819fdfae7674a8b5c01c76,2025-11-24T01:00:00Z,BALANCED,False,,86689.3,DOWN,UP,0.0039520448313690386241439254902277443698357236706260,,2025-11,ABSTENTION,,,,,,,,,,
2023,1777e6c3a10cee54614bf9e2c8b1ac4230ad363995c25976d786301b479b6352,2025-11-24T02:00:00Z,UNCERTAIN,False,,87031.9,UP,UP,0.0051475378568088252698148609877527665143470382698758,,2025-11,ABSTENTION,,,,,,,,,,
2024,a485fc71020ac0d62d3e6932d73b2ea62ba8932dd247bb6c18cece52b8e103be,2025-11-24T03:00:00Z,BALANCED,False,,87479.9,UP,DOWN,-0.00086076915954407812537508616264993444208326712764875,,2025-11,ABSTENTION,,,,,,,,,,
2025,abcad9d147cf63cf3cec9b9c184ead11a63b769c3e96f5ba5d2169686a25c352,2025-11-24T04:00:00Z,BALANCED,False,,87404.6,DOWN,DOWN,-0.0082123824146555215629383350533038306908332055749926,,2025-11,ABSTENTION,,,,,,,,,,
2026,8bd3d969087ff69e956198f42be6c11e005aebc083c801b091d164c362dad995,2025-11-24T05:00:00Z,UNCERTAIN,False,,86686.8,DOWN,UP,0.0084926424784396240258032364789102839186588961641219,,2025-11,ABSTENTION,,,,,,,,,,
2027,6745fbe8b0e4cc2dcf71f88e66c1437a6275b83e6bbfaa135f98cef2230af012,2025-11-24T06:00:00Z,UNCERTAIN,False,,87423,UP,DOWN,-0.0064479599190144469990734703682097388559074843004701,,2025-11,ABSTENTION,,,,,,,,,,
2028,fff7edc935db0829e595e805acee20fdbea952896bef512728c4506a3dd5ba38,2025-11-24T07:00:00Z,UNCERTAIN,False,,86859.3,DOWN,UP,0.0016532484143897084134917044001045368774558395013545,,2025-11,ABSTENTION,,,,,,,,,,
2029,217e097c39e79cd771ff75b3bc48b98083e61d0e5bd9a00bd0cb83277f6dc3b3,2025-11-24T08:00:00Z,BALANCED,False,,87002.9,UP,DOWN,-0.00099996666777774074197526749108363054564847838405386,,2025-11,ABSTENTION,,,,,,,,,,
2030,bcf8e56881efd78bb43d688a78386da782d7deef1a962bc0f9ebe42dcc9e17d2,2025-11-24T09:00:00Z,BALANCED,False,,86915.9,DOWN,DOWN,-0.011603170421062199206359250723975705250707868180621,,2025-11,ABSTENTION,,,,,,,,,,
2031,65be67e74e2704bc7029dbc9c2de5751830b8c0f797f07c465758df0f2a9ae87,2025-11-24T10:00:00Z,UNCERTAIN,False,,85907.4,DOWN,UP,0.0012152620146809238785017355897163690205965958695060,,2025-11,ABSTENTION,,,,,,,,,,
2032,2a7ef6406153fe5038f2d5a438623ec544c7369e666152341e3fac9d317b90c9,2025-11-24T11:00:00Z,UNCERTAIN,False,,86011.8,UP,UP,0.0025984806735819968887989787447768794514241069248638,,2025-11,ABSTENTION,,,,,,,,,,
2033,f7d7e0dc7dd1024c4593d9d7e5e270413074a4ffd9df2420197b9504df228470,2025-11-24T12:00:00Z,UNCERTAIN,False,,86235.3,UP,DOWN,-0.0031344472623160121203265947935474219954009552932500,,2025-11,ABSTENTION,,,,,,,,,,
2034,6dc97cfc9c3619b9e80dceb74b68f3c990794623bad4808d28b07ba40e2df3f9,2025-11-24T13:00:00Z,BALANCED,False,,85965,DOWN,UP,0.0016436922003140813121619263653812598150410050601989,,2025-11,ABSTENTION,,,,,,,,,,
2035,ec6aa010060724416522a5e14ac87e6a334543f8217a8d393b2125d2673dc61d,2025-11-24T14:00:00Z,UNCERTAIN,False,,86106.3,UP,UP,0.00025898221152226956680289363263779769889078964024700,,2025-11,ABSTENTION,,,,,,,,,,
2036,58567f45c4c19eccc2df7babf86e4fe3dff1d2214bd687850b387f96eb3b4480,2025-11-24T15:00:00Z,UNCERTAIN,False,,86128.6,UP,UP,0.0050424597636557426917423480702112887008496596949213,,2025-11,ABSTENTION,,,,,,,,,,
2037,c43207f10527405611175008d0cc280fc50841c16800d0f66c7cb4cced3a62a9,2025-11-24T16:00:00Z,BALANCED,False,,86562.9,UP,UP,0.0064161436365925818104522838306017936090403625571694,,2025-11,ABSTENTION,,,,,,,,,,
2038,ca20529812f0180bf8cb3bf32c4391f6ddc6dc5de6efb282d63c68109f8eb9e5,2025-11-24T17:00:00Z,UNCERTAIN,False,,87118.3,UP,UP,0.013922447981652534542111129349401905225423361107827,,2025-11,ABSTENTION,,,,,,,,,,
2039,c2394506d05b281d998e9e29423abf45d8e7e7cfb8b6c53a44bcbcd70cc6df44,2025-11-24T18:00:00Z,UNCERTAIN,False,,88331.2,UP,UP,0.0037461282083793721810639955078160378212907783433260,,2025-11,ABSTENTION,,,,,,,,,,
2040,d7072d2106db693ca1371672e8e9112f9fbe6e5ac9b3e2c2c0d9c91439c1a1d8,2025-11-24T19:00:00Z,UNCERTAIN,False,,88662.1,UP,DOWN,-0.0041754030188772880407750323982851748379521802438697,,2025-11,ABSTENTION,,,,,,,,,,
2041,9b271ac5fd700e0c6f43d86308c78a34ebd2c642999ac481f4c8bcb0793cb45b,2025-11-24T20:00:00Z,UNCERTAIN,False,,88291.9,DOWN,UP,0.0082850182179792257273883561232683858881732072817552,,2025-11,ABSTENTION,,,,,,,,,,
2042,b8fb327d546b4d5a52111afea2901c0c96fd00cf89fdf5c6d926161db26183b8,2025-11-24T21:00:00Z,UNCERTAIN,False,,89023.4,UP,DOWN,-0.0035878207302799039353698016476566835236578247966265,,2025-11,ABSTENTION,,,,,,,,,,
2043,5a3225707e598e825413f4ccafad42745fe44e8e8dd1d99a4c981caac3c0ba96,2025-11-24T22:00:00Z,UNCERTAIN,False,,88704,DOWN,DOWN,-0.0013888888888888888888888888888888888888888888888889,,2025-11,ABSTENTION,,,,,,,,,,
2044,fae0463021401bee667be3a3e9eaf032d806f0d8f70a4a661ad78cbd1f389a70,2025-11-24T23:00:00Z,UNCERTAIN,False,,88580.8,DOWN,DOWN,-0.0038270144320213861243068475335512887668659574083774,,2025-11,ABSTENTION,,,,,,,,,,
2045,b2d778f6fa81fb968729165e7c623bc4f14dbc506eb635a6cd650bfc2f8c4fad,2025-11-25T00:00:00Z,UNCERTAIN,False,,88241.8,DOWN,DOWN,-0.0020205843489140067405696619969220936109644182235630,,2025-11,ABSTENTION,,,,,,,,,,
2046,1f9069d966ffbff4491aa3d30cce63c0b0d5e2a2ac723883f65a30330167911c,2025-11-25T01:00:00Z,UNCERTAIN,False,,88063.5,DOWN,DOWN,-0.0041742606187580552669380617395402181380481130093626,,2025-11,ABSTENTION,,,,,,,,,,
2047,52cbadc2f86cad9abb4980400696f262c5969cfa64f645acefa43c26ba2428b7,2025-11-25T02:00:00Z,BALANCED,False,,87695.9,DOWN,UP,0.0019328155592222669474855723015557169719450966350764,,2025-11,ABSTENTION,,,,,,,,,,
2048,ed806b0b8f18857a994675e7ac36440d407cea228208d7ef32f49f3358b68f2b,2025-11-25T03:00:00Z,UNCERTAIN,False,,87865.4,UP,DOWN,-0.0011620046115991049946850523641843091819988300286575,,2025-11,ABSTENTION,,,,,,,,,,
2049,fb2889d29999422c326723efd41071f29b464908fc9ef201bf967f4d304f5a0e,2025-11-25T04:00:00Z,BALANCED,False,,87763.3,DOWN,UP,0.0058919844627537934421335569651551388792353979396855,,2025-11,ABSTENTION,,,,,,,,,,
2050,ad3638b50c29aeaf3894fba22eaf7aa80d10dcaba7c5eaaa55793430e6661fed,2025-11-25T05:00:00Z,UNCERTAIN,False,,88280.4,UP,DOWN,-0.0023164824808224702198902587663852905061599177167299,,2025-11,ABSTENTION,,,,,,,,,,
2051,1fff90683f7e9236b7234d58f226909e4d39a9d80d979213f728d657bd7beb65,2025-11-25T06:00:00Z,BALANCED,False,,88075.9,DOWN,DOWN,-0.0014112827686120720878242515830096541732755498382645,,2025-11,ABSTENTION,,,,,,,,,,
2052,57223802d9858afd17747c182f173c7f3c1da2bd657a25f703a1a1b62ab89e50,2025-11-25T07:00:00Z,BALANCED,False,,87951.6,DOWN,DOWN,-0.0067377966972744100164181208755724739515824612627854,,2025-11,ABSTENTION,,,,,,,,,,
2053,bee526d318803e2cdcd0f0092411c3197fb36846562c50a392add454fa401c80,2025-11-25T08:00:00Z,UNCERTAIN,False,,87359,DOWN,DOWN,-0.0043361302212708478805847136528577479137810643436853,,2025-11,ABSTENTION,,,,,,,,,,
2054,f3bae05c8e43f8d51289ff59a8baa8f27e17194c1e5eefb880464f2c5292511b,2025-11-25T09:00:00Z,UNCERTAIN,False,,86980.2,DOWN,UP,0.0025132156513781297352730851389166729899448380206070,,2025-11,ABSTENTION,,,,,,,,,,
2055,1419b32d6d4fe3cbdc2b8f8e481058397162124bf881ed71c9a71e9c31e70b37,2025-11-25T10:00:00Z,BALANCED,False,,87198.8,UP,UP,0.0018979618985582370399592654944792818249792428336170,,2025-11,ABSTENTION,,,,,,,,,,
2056,71ae3a1c0cd4a8d05867f4c279a947b8eca7b9cc1c77555a47e6025ab6919a70,2025-11-25T11:00:00Z,UNCERTAIN,False,,87364.3,UP,DOWN,-0.00064328335487149785438674607362503906057737542680477,,2025-11,ABSTENTION,,,,,,,,,,
2057,e43f4fb2b3efc3cb9a2933da23d5e1076f68b1777b9f2ab1d1959d2b3993f69c,2025-11-25T12:00:00Z,UNCERTAIN,False,,87308.1,DOWN,UP,0.0017902119047373611383136272579520113254096698931714,,2025-11,ABSTENTION,,,,,,,,,,
2058,4d7ba88e7c887aab480feb7c5b6456615bb3c4f2bcbecf195b92e46261c96627,2025-11-25T13:00:00Z,UNCERTAIN,False,,87464.4,UP,DOWN,-0.0048453999570110810798450569603175692052995275792208,,2025-11,ABSTENTION,,,,,,,,,,
2059,185b323e3f7e1a08a98336dee6bcbd942c67ce073480b913abf8fc4a0cf2a503,2025-11-25T14:00:00Z,UNCERTAIN,False,,87040.6,DOWN,DOWN,-0.0039119675186062596075854256519371419774220306385756,,2025-11,ABSTENTION,,,,,,,,,,
2060,f5e162055b5bcd70f3506a149f8e137f38320a62dde7b6c15e2a289a65d41d10,2025-11-25T15:00:00Z,UNCERTAIN,False,,86700.1,DOWN,UP,0.0028119921430309768962204195842911369191038995341413,,2025-11,ABSTENTION,,,,,,,,,,
2061,3f1f35292b2e5bf93303f2770142368617663717a7816bbf801cc15efbd729d1,2025-11-25T16:00:00Z,BALANCED,False,,86943.9,UP,UP,0.0015251213713670539278776314382032552024926418069583,,2025-11,ABSTENTION,,,,,,,,,,
2062,34973a007a2d56c4aca9c29b1cc92da39536269a1de5f533d956d4a382b51c27,2025-11-25T17:00:00Z,BALANCED,False,,87076.5,UP,UP,0.0056375715606392080526893019356542810057822719103317,,2025-11,ABSTENTION,,,,,,,,,,
2063,48d45fe47caba3bac36ba116aa19a68baa9af8ec9a81b11bfa5c03a6c1e7ac0e,2025-11-25T18:00:00Z,BALANCED,False,,87567.4,UP,DOWN,-0.0043943293965562526693723920088982886325276301454651,,2025-11,ABSTENTION,,,,,,,,,,
2064,955decabc6c2d250ea9641eecab880c6388f3203d0a4cc764d2a8710a7625b21,2025-11-25T19:00:00Z,BALANCED,False,,87182.6,DOWN,DOWN,-0.0041005888789735566500654947202767524712499971324553,,2025-11,ABSTENTION,,,,,,,,,,
2065,9f0db4df393d633f0f17dee36d30f17046c026cce8783c3e6b61055e3c24d501,2025-11-25T20:00:00Z,UNCERTAIN,False,,86825.1,DOWN,UP,0.0057011163822443049302563429238780030198640715645591,,2025-11,ABSTENTION,,,,,,,,,,
2066,3e6cf3d72d5ba70b647bbd561de20d9e638e1b843efa032fa825ea1946117e6c,2025-11-25T21:00:00Z,UNCERTAIN,False,,87320.1,UP,DOWN,-0.0037826342388522230276877832251680884469898683121068,,2025-11,ABSTENTION,,,,,,,,,,
2067,5307cf65b0ae6d19b86c685f5c7a51ffe5596a18ef71c13265eb52a03bc0e728,2025-11-25T22:00:00Z,BALANCED,False,,86989.8,DOWN,UP,0.0069456419028437816847492464633784650614209941855252,,2025-11,ABSTENTION,,,,,,,,,,
2068,55455f2d4515545c42c53b649eec6b160d24117f66f0e4197fb65ca1775e06d4,2025-11-25T23:00:00Z,UNCERTAIN,False,,87594,UP,DOWN,-0.0032193985889444482498801287759435577779299952051510,,2025-11,ABSTENTION,,,,,,,,,,
2069,02dfe4d4204081938d72366f91295ef26747071a497c91cd4fbe9c7ca974da5e,2025-11-26T00:00:00Z,BALANCED,False,,87312,DOWN,UP,0.0024074583104269745281290086127909107568260949239509,,2025-11,ABSTENTION,,,,,,,,,,
2070,06580fe4df5c0f3e06baa285706eee5c0cbada4f15b4d6c3c7bc00add44b8848,2025-11-26T01:00:00Z,BALANCED,False,,87522.2,UP,UP,0.0040081259383333599932360018372481496123269296247124,,2025-11,ABSTENTION,,,,,,,,,,
2071,718b3fd14dddd78633c8fde5d07c8cd3ddfe079192520ae6923f3a65cdf19ba3,2025-11-26T02:00:00Z,BALANCED,False,,87873,UP,DOWN,-0.0023112901573862278515584991977057799324024444368577,,2025-11,ABSTENTION,,,,,,,,,,
2072,3622fc9a99a87a43966746d2747c49cca9378464c8f49488cf82254b90b34712,2025-11-26T03:00:00Z,BALANCED,False,,87669.9,DOWN,DOWN,-0.0067286491714944353763378308860851900139044301407895,,2025-11,ABSTENTION,,,,,,,,,,
2073,62be2f96e0a51c6234d7b4f343fea9b0e13f7bec18d68719323a6c6a27900332,2025-11-26T04:00:00Z,UNCERTAIN,False,,87080,DOWN,UP,0.0012344970142397795130914101975195222783647220946256,,2025-11,ABSTENTION,,,,,,,,,,
2074,6b1714e274fc1301bed5b50280d0675c431a86876047dffd34e266a274e68c10,2025-11-26T05:00:00Z,UNCERTAIN,False,,87187.5,UP,UP,0.0032688172043010752688172043010752688172043010752688,,2025-11,ABSTENTION,,,,,,,,,,
2075,98024533b320d349493ab5355f449eb6cb44a3d7d2be44e5510613d277f1ec2d,2025-11-26T06:00:00Z,UNCERTAIN,False,,87472.5,UP,UP,0.0031609934550858841350138614993283603418217153962674,,2025-11,ABSTENTION,,,,,,,,,,
2076,bef062d979db4ef0562ada0cc745373a4cae34171f4a1663c456456cb5fb404c,2025-11-26T07:00:00Z,UNCERTAIN,False,,87749,UP,UP,0.0017196777171249814812704418283969048080320003646765,,2025-11,ABSTENTION,,,,,,,,,,
2077,bf3bac7c08491ba01e1fb7125d9099803742952679ec02e09977b632336cd084,2025-11-26T08:00:00Z,UNCERTAIN,False,,87899.9,UP,DOWN,-0.0058350464562530787862102232198216380223413223450766,,2025-11,ABSTENTION,,,,,,,,,,
2078,357204e55b98358b73f9c67b45ccf46f742d966005180a0f3f7086403c797a90,2025-11-26T09:00:00Z,UNCERTAIN,False,,87387,DOWN,DOWN,-0.0066485861741448956938675088972043896689438932564340,,2025-11,ABSTENTION,,,,,,,,,,
2079,d08996fd9e3b643b0baa4836b5ea8a1fb721ce8099b8c5537e702a2578630265,2025-11-26T10:00:00Z,UNCERTAIN,False,,86806,DOWN,UP,0.0012499136004423657350874363523258760915144114462134,,2025-11,ABSTENTION,,,,,,,,,,
2080,bb5cc112eea18104d63214dc6bec80fdc9e978b9a007e155181599defbaf8aab,2025-11-26T11:00:00Z,UNCERTAIN,False,,86914.5,UP,UP,0.0014566039038365290026405260342060300640284417444730,,2025-11,ABSTENTION,,,,,,,,,,
2081,52294ca569baba5d0575b94cf588e46c150901fd46971646c5cb23201a726028,2025-11-26T12:00:00Z,UNCERTAIN,False,,87041.1,UP,DOWN,-0.0051240161257153229910927136720468835986677558073140,,2025-11,ABSTENTION,,,,,,,,,,
2082,c185f16b943bc81337c304a2fd16a91f584362ab96a8b87ff7831717919d7577,2025-11-26T13:00:00Z,BALANCED,False,,86595.1,DOWN,UP,0.0056677571825657571848753566887733832514772775826808,,2025-11,ABSTENTION,,,,,,,,,,
2083,2d7e02307dcc2d401cbbf541daca744e213bcd78f2f3a725458fcef141df26b5,2025-11-26T14:00:00Z,UNCERTAIN,False,,87085.9,UP,DOWN,-0.0027088196826351912307273622940108559479778012284423,,2025-11,ABSTENTION,,,,,,,,,,
2084,77e59338cac9b7ee1c3987bc016fcaa142383c7a5c1cfcfddbc131935b5e3955,2025-11-26T15:00:00Z,UNCERTAIN,False,,86850,DOWN,UP,0.0010259067357512953367875647668393782383419689119171,,2025-11,ABSTENTION,,,,,,,,,,
2085,9d7d728af1991eb0f7994bcf8e790cc440b07d709c1f1cf50883eb36a066c8af,2025-11-26T16:00:00Z,UNCERTAIN,False,,86939.1,UP,UP,0.0098333201056831736238355354495273127971189027721704,,2025-11,ABSTENTION,,,,,,,,,,
2086,036f88fd1c14447d588f6869701e7f5d0833846408573e6552ef30dd0ed4cc56,2025-11-26T17:00:00Z,UNCERTAIN,False,,87794,UP,UP,0.022782878101009180581816525047269745085085541153154,,2025-11,ABSTENTION,,,,,,,,,,
2087,976b9d3838967d5694251dddb6db1c45ba55c9fb8225ca03769f80a77e4d0380,2025-11-26T18:00:00Z,UNCERTAIN,False,,89794.2,UP,UP,0.0034167017468834289965276153693668410654585708208325,,2025-11,ABSTENTION,,,,,,,,,,
2088,6fc73e0658bcd284613a7f2250a12ebd9929a3787adda13370de46db7cb04d2b,2025-11-26T19:00:00Z,UNCERTAIN,False,,90101,UP,DOWN,-0.0020787782599527197256412248476709470483124493623822,,2025-11,ABSTENTION,,,,,,,,,,
2089,1adfbe0a81cb5afd94d7ea50a0283fee66dc72ccbf82f031b371d6a6800219b8,2025-11-26T20:00:00Z,UNCERTAIN,False,,89913.7,DOWN,DOWN,-0.0011766838646390928190031107606516025922634704166328,,2025-11,ABSTENTION,,,,,,,,,,
2090,47c2e13d0851c8127fe763aead4ecf6dbc8baa54c84385862096d590c931c2d3,2025-11-26T21:00:00Z,UNCERTAIN,False,,89807.9,DOWN,UP,0.0037068008493684854005048553635036561371549718900008,,2025-11,ABSTENTION,,,,,,,,,,
2091,7ad7ec980fd9fbdecb6d3e1d6d9e27065d6568338f1b03f641a5436a9209d6ec,2025-11-26T22:00:00Z,UNCERTAIN,False,,90140.8,UP,UP,0.0021033760516880258440129220064610032305016152508076,,2025-11,ABSTENTION,,,,,,,,,,
2092,c474d4fd23f4f3e3e4e52fdd3c85154d68ab014f4e406c7c08dd74ee11922bcf,2025-11-26T23:00:00Z,UP,True,AL-2025-11-26T22:00:00+00:00-a6134da91475,90330.4,UP,UP,0.0010561228556499251636215493344433324772169723592500,True,2025-11,PAIRED,True,True,BOTH,AL-2025-11-26T22:00:00+00:00-a6134da91475,1,ALREADY_ACTIVE_AT_CUTOFF,2025-11-26T22:59:00Z,,INVALIDATED,2025-11-27T00:14:00Z
2093,bc848b7d6c0d93db37ba8918bd29a78e9ffd7f8e43a46b57c092ed6349605c00,2025-11-27T00:00:00Z,UP,True,AL-2025-11-26T22:00:00+00:00-a6134da91475,90425.8,UP,DOWN,-0.000082940930575123471398649500474422122889706256400275,True,2025-11,PAIRED,False,False,NEITHER,AL-2025-11-26T22:00:00+00:00-a6134da91475,2,ALREADY_ACTIVE_AT_CUTOFF,2025-11-26T22:59:00Z,,INVALIDATED,2025-11-27T00:14:00Z
2094,4d5a380c1b33d00f3b0b1f4e2e4aab4bd65ab320f57e7d3c1dd25a10dc254b69,2025-11-27T01:00:00Z,UNCERTAIN,False,,90418.3,DOWN,UP,0.0074520312812782368171045020753542147994377244429502,,2025-11,ABSTENTION,,,,,,,,,,
2095,6ab610a66a762c9d107fab7803128d8c7f2ada3f3cece2c7aba2c64b49f0fbcb,2025-11-27T02:00:00Z,UNCERTAIN,False,,91092.1,UP,UP,0.0025446773101070235508897039370044164093263850542473,,2025-11,ABSTENTION,,,,,,,,,,
2096,993b0f3078d2cdd3402f71b6c6663b9623ce66b284b97ae4faed932f15dd9525,2025-11-27T03:00:00Z,UNCERTAIN,False,,91323.9,UP,DOWN,-0.0031831754885632348158587182544766485005568093346868,,2025-11,ABSTENTION,,,,,,,,,,
2097,1c8a9164e62d710a1ba85640963846729dcbec9380aef0d0d6f9aced7322d9d8,2025-11-27T04:00:00Z,UNCERTAIN,False,,91033.2,DOWN,UP,0.0020201421020023463966992262163694124780849184693057,,2025-11,ABSTENTION,,,,,,,,,,
2098,dd90208ca44ca330d0f0f6410663b3099b362e980bc10b91f8cfd51d6ad5543b,2025-11-27T05:00:00Z,UNCERTAIN,False,,91217.1,UP,DOWN,-0.0031682655993229339674249674677226090283510438284050,,2025-11,ABSTENTION,,,,,,,,,,
2099,9cd0a21a6c463040adac01d547aa898da518f0fb8a37697ebdaaa334e25e117e,2025-11-27T06:00:00Z,UNCERTAIN,False,,90928.1,DOWN,UP,0.0029066922106587512551125559645478130522907660008292,,2025-11,ABSTENTION,,,,,,,,,,
2100,57e94c7964f5b48070bb5894624b69154fd286030cb84516d9d1638a8e0f1e2b,2025-11-27T07:00:00Z,UNCERTAIN,False,,91192.4,UP,UP,0.0017062825410889503949890561055526557037647874164952,,2025-11,ABSTENTION,,,,,,,,,,
2101,b0beb08bcf9b6b618eee80a32a732856cd8bff68a839ba00679457595334f270,2025-11-27T08:00:00Z,UNCERTAIN,False,,91348,UP,UP,0.00090861321539606778473529798134606121644699391338617,,2025-11,ABSTENTION,,,,,,,,,,
2102,a39981dbdd9036f768541a7dc3001e5924b786d06994b8be74e1fbd0c93b950f,2025-11-27T09:00:00Z,UNCERTAIN,False,,91431,UP,UP,0.0010018483884021830670122824862464590784307291837561,,2025-11,ABSTENTION,,,,,,,,,,
2103,78a7ce9c4887f2eef117cd9366b80e44acac7be56b384d00148c4ca8df482a73,2025-11-27T10:00:00Z,UNCERTAIN,False,,91522.6,UP,UP,0.00040864223699938594401819878368840046065124898112597,,2025-11,ABSTENTION,,,,,,,,,,
2104,848333e81059c7d04fc132d627ac33465623e58baa42a6dfd15fb2e58614c664,2025-11-27T11:00:00Z,BALANCED,False,,91560,UP,DOWN,-0.0026201397990388816076889471384884228920926168632591,,2025-11,ABSTENTION,,,,,,,,,,
2105,b6390377c1687f9e8fdcceaf37b5a670af2f45f6287c0cb5f9f5ff1ac2cc0605,2025-11-27T12:00:00Z,UNCERTAIN,False,,91320.1,DOWN,DOWN,-0.0041119096453026223142550216217459245007397057164852,,2025-11,ABSTENTION,,,,,,,,,,
2106,2501e054ba7bd7d3040b79d255a7e3d01104a624c0688233e6fc9a0b6b2cb1b2,2025-11-27T13:00:00Z,UNCERTAIN,False,,90944.6,DOWN,DOWN,-0.0014261429485642907880182000910444380425005992659267,,2025-11,ABSTENTION,,,,,,,,,,
2107,2c90339c234a442d5fe5a77fd4a2eae113cdbf099747fe0be0cbaf4aedf1659c,2025-11-27T14:00:00Z,UNCERTAIN,False,,90814.9,DOWN,DOWN,-0.00078621459694389356812593528154520899103561199759070,,2025-11,ABSTENTION,,,,,,,,,,
2108,5b7152560c14ad9774a770b8968acde59c568c533f33b37c7a14b4dae4cfb9cd,2025-11-27T15:00:00Z,UNCERTAIN,False,,90743.5,DOWN,UP,0.0018568823111297227900620981117104806404866464264658,,2025-11,ABSTENTION,,,,,,,,,,
2109,8ef67aa601be9374a66c4d4ac1ae4695b4ce42417cf64aa705dd55f27902f487,2025-11-27T16:00:00Z,UNCERTAIN,False,,90912,UP,UP,0.0055878211897219288982752551918338613164378739880324,,2025-11,ABSTENTION,,,,,,,,,,
2110,73bb994e726990238f5a1e28025481fc82164aa682212d196a30c144bd2abc4b,2025-11-27T17:00:00Z,UNCERTAIN,False,,91420,UP,UP,0.00010829140231896740319404944213520017501640778823015,,2025-11,ABSTENTION,,,,,,,,,,
2111,f9443490396cc3a651ab20809b65b5ae0ada24aefedf064f4252b838047608fc,2025-11-27T18:00:00Z,UNCERTAIN,False,,91429.9,UP,UP,0.0033654198462428592834510373521134771010358755724331,,2025-11,ABSTENTION,,,,,,,,,,
2112,6b84e1e635fd6bbaf5defe59e6126a094566fc1fddd9d996f1b62b3ba9700ee0,2025-11-27T19:00:00Z,UNCERTAIN,False,,91737.6,UP,DOWN,-0.0027524155853216129482349658155434630947397795451374,,2025-11,ABSTENTION,,,,,,,,,,
2113,5311756d233ad6f9b2f3642a858f2717745664015733565ab674e4eb7bbd9a2c,2025-11-27T20:00:00Z,BALANCED,False,,91485.1,DOWN,DOWN,-0.00099469749718806669064142685530212023597285240984597,,2025-11,ABSTENTION,,,,,,,,,,
2114,9338feb68d0e6b5e19c3694da30f5167c5a4d34a02eb8238c3867c8dce070628,2025-11-27T21:00:00Z,UNCERTAIN,False,,91394.1,DOWN,DOWN,-0.00015974772988628368789670230354038170954142554059835,,2025-11,ABSTENTION,,,,,,,,,,
2115,b814ca570f68011eb94168b62ea89f21811285635da378535e9a723ec0460bcf,2025-11-27T22:00:00Z,UNCERTAIN,False,,91379.5,DOWN,DOWN,-0.0010221110861845381075624182666790691566489201626185,,2025-11,ABSTENTION,,,,,,,,,,
2116,0db2137e54102f46da07fc2d20f2e57d01f539a252fcfa87e78e79a6e8557939,2025-11-27T23:00:00Z,UNCERTAIN,False,,91286.1,DOWN,UP,0.000012050027331652902249082828601506691599268672886672,,2025-11,ABSTENTION,,,,,,,,,,
2117,0f6ff71b0f027dc5d004da37c274fd0b4bc7320adb9fbae557213f1c08a56dcc,2025-11-28T00:00:00Z,UNCERTAIN,False,,91287.2,UP,DOWN,-0.0012838601687859853298162283430754804616638477245441,,2025-11,ABSTENTION,,,,,,,,,,
2118,44da4be6e4e51ba3d2bf30c45588452fafc89b0f4b7eeb88fba6997aad3be839,2025-11-28T01:00:00Z,UNCERTAIN,False,,91170,DOWN,DOWN,-0.0046276187342327520017549632554568388724361083689810,,2025-11,ABSTENTION,,,,,,,,,,
2119,c985294e97c426439a0451ccd99ac3f769fe85669b4049d86f8523e8aafec637,2025-11-28T02:00:00Z,UNCERTAIN,False,,90748.1,DOWN,UP,0.0031626006494901821635935077428618340218693283936523,,2025-11,ABSTENTION,,,,,,,,,,
2120,428637ebb58be54fc4cfca9c4967d7135efaf058f7bb0903de6fc30360fab157,2025-11-28T03:00:00Z,UNCERTAIN,False,,91035.1,UP,UP,0.0013950662986035056807758765575036441987760764803905,,2025-11,ABSTENTION,,,,,,,,,,
2121,955fd81e881bb4a7dac66e83dcc3500622309babb0f1d0e68a09a65c3026c637,2025-11-28T04:00:00Z,UNCERTAIN,False,,91162.1,UP,UP,0.0023332064531203208350838780589740692678207281315371,,2025-11,ABSTENTION,,,,,,,,,,
2122,1a45209239364ad0454b57e6513bb7952ed3ab6345f2c7d3445badc868d88674,2025-11-28T05:00:00Z,UNCERTAIN,False,,91374.8,UP,UP,0.0020104011171570279770790195984013097703086627822988,,2025-11,ABSTENTION,,,,,,,,,,
2123,72e4194eaab5f38aab142e22be23036163bbf4554a2f44909d2d00b9fb5477b8,2025-11-28T06:00:00Z,UNCERTAIN,False,,91558.5,UP,DOWN,-0.0034524375126285380385218193832358546721495000464184,,2025-11,ABSTENTION,,,,,,,,,,
2124,53ae729f13955a5b43fb375272dbea856aabfd10344e45bbb09a4cbdd2057315,2025-11-28T07:00:00Z,UNCERTAIN,False,,91242.4,DOWN,DOWN,-0.0042995361805476401322192314099585280527474069073150,,2025-11,ABSTENTION,,,,,,,,,,
2125,157b507baf883b34da0f863df8d1646401d8154eae0b6b4af69c8a8b44b0820b,2025-11-28T08:00:00Z,UNCERTAIN,False,,90850.1,DOWN,UP,0.0086648226033873380436565287214873731564412147042216,,2025-11,ABSTENTION,,,,,,,,,,
2126,5551c92bedc8bf9caff10e068f64de1be8e4fa74087d1e231afdc5d194fe0508,2025-11-28T09:00:00Z,BALANCED,False,,91637.3,UP,DOWN,-0.00098322408015076830068105454874816259317985143604187,,2025-11,ABSTENTION,,,,,,,,,,
2127,5a66a96541910134c2d8c9df4e27135255c0b1d3ad51787370c7654bec9cfe6b,2025-11-28T10:00:00Z,UNCERTAIN,False,,91547.2,DOWN,UP,0.0026521837915304891902756173864410926822447873883636,,2025-11,ABSTENTION,,,,,,,,,,
2128,824b025b69b78f50989faadc0d062820b5c6b4d552a980ca07865775c0bc91d5,2025-11-28T11:00:00Z,UNCERTAIN,False,,91790,UP,DOWN,-0.0044950430330101318226386316592221374877437629371391,,2025-11,ABSTENTION,,,,,,,,,,
2129,623688f06de997410e48c3f63f0c1e6235552aa2a6efa708fe9e977cdd46776d,2025-11-28T12:00:00Z,BALANCED,False,,91377.4,DOWN,UP,0.00096851081339587250239118206471184340985845515411907,,2025-11,ABSTENTION,,,,,,,,,,
2130,e3c293ec69e8006878726d8031412f59b1e69434758e472e4bb9d92bcddd6327,2025-11-28T13:00:00Z,UNCERTAIN,False,,91465.9,UP,UP,0.0093717986703241317255939098614893637956877918437363,,2025-11,ABSTENTION,,,,,,,,,,
2131,73d675274b53a5384a4c601d16790b277e233560416a5b98810a6ed31a1f829b,2025-11-28T14:00:00Z,UNCERTAIN,False,,92323.1,UP,DOWN,-0.0012001330111315586240063429412573884542438457980722,,2025-11,ABSTENTION,,,,,,,,,,
2132,e164068af78eb3a13aefcf3e34b36446faa956f147b080a563c30847e3774332,2025-11-28T15:00:00Z,UNCERTAIN,False,,92212.3,DOWN,UP,0.0010692716698314649997885314648913431288450673066391,,2025-11,ABSTENTION,,,,,,,,,,
2133,bbdb198a5a41710457a3b67edd78ad316f56445871f3b606045c1877c64565c4,2025-11-28T16:00:00Z,UNCERTAIN,False,,92310.9,UP,DOWN,-0.015355716388855487271817304348673883582545506543648,,2025-11,ABSTENTION,,,,,,,,,,
2134,06b3e53423761ee57109479f8d1c30ffb776d1742388cd9457aa793a7a61e7b0,2025-11-28T17:00:00Z,UNCERTAIN,False,,90893.4,DOWN,DOWN,-0.0029793142296360351796720113891657700119040546398308,,2025-11,ABSTENTION,,,,,,,,,,
2135,1575ca7ed78518d78d26c4df2b0300a25f24ba5807242d4ca69af6aa68f194d3,2025-11-28T18:00:00Z,UNCERTAIN,False,,90622.6,DOWN,UP,0.0017953578908572475298656185101729590631917424571796,,2025-11,ABSTENTION,,,,,,,,,,
2136,86095c529b57742a7e635589d927288913c427b6c2dd4a779db1fd9c3b8cf9d4,2025-11-28T19:00:00Z,BALANCED,False,,90785.3,UP,UP,0.0034598112249450076168718944586843905345909525000193,,2025-11,ABSTENTION,,,,,,,,,,
2137,1e4d2d324684fae4cbef19343b179b49480e1eab538b3fc3a81eb0216d79d8b5,2025-11-28T20:00:00Z,UNCERTAIN,False,,91099.4,UP,UP,0.00048847742136611218076079535101219107919481357725737,,2025-11,ABSTENTION,,,,,,,,,,
2138,53621d0a7efda90c585f8ab6ef33b6bbd7f08b3d412438800c614de354230121,2025-11-28T21:00:00Z,BALANCED,False,,91143.9,UP,DOWN,-0.0034560733082521156105894086164844822308459480009085,,2025-11,ABSTENTION,,,,,,,,,,
2139,eeab28e02288a1586e7798f44f1cb6b2d81269ab1994496dab6252c2cc52257b,2025-11-28T22:00:00Z,UNCERTAIN,False,,90828.9,DOWN,UP,0.0026698550791653317391270840007971031246662681151043,,2025-11,ABSTENTION,,,,,,,,,,
2140,184f8624602dc3f5f6c29f9f5ef4a6d9267b7003cbafcff91364f9645b144c75,2025-11-28T23:00:00Z,UNCERTAIN,False,,91071.4,UP,DOWN,-0.0024310595862147721458108692739982036072795630680982,,2025-11,ABSTENTION,,,,,,,,,,
2141,60652c5be8b13b72159b6ae8494522b0f57742e9275a151446cabb7de18912de,2025-11-29T00:00:00Z,UNCERTAIN,False,,90850,DOWN,DOWN,-0.00018602091359383599339570720968629609246009906439185,,2025-11,ABSTENTION,,,,,,,,,,
2142,8fe11111a27b891bd9bd482566457c5016f7408d39cb6f4c6ac98d643ce67aa4,2025-11-29T01:00:00Z,BALANCED,False,,90833.1,DOWN,UP,0.000070458896591660969404325075330468738818778617045989,,2025-11,ABSTENTION,,,,,,,,,,
2143,a34fdfd972bc5b6c92793dc576e6fe934b19a4beed5cebb19d3e55897b455ab3,2025-11-29T02:00:00Z,BALANCED,False,,90839.5,UP,DOWN,-0.00095112808855178639248344607797268809273498863379917,,2025-11,ABSTENTION,,,,,,,,,,
2144,d9cbd4b49b99ac4d8e38438c4fefc5e39cd38d6257d189d0dadf37363a5c261e,2025-11-29T03:00:00Z,UNCERTAIN,False,,90753.1,DOWN,DOWN,-0.0012495440927086788219906537627915740619328706126843,,2025-11,ABSTENTION,,,,,,,,,,
2145,1b49eb4d47de7b5743abae478cbf20c61f20e7baa60d79a4ca0938c8b650f1c5,2025-11-29T04:00:00Z,UNCERTAIN,False,,90639.7,DOWN,UP,0.0023080394131931151581481403844010957670866077447300,,2025-11,ABSTENTION,,,,,,,,,,
2146,8a4e42adf96211aa9fb87f37dc9764d274f4f3b59554eab35a0eb29c663a9f13,2025-11-29T05:00:00Z,UNCERTAIN,False,,90848.9,UP,DOWN,-0.0015146028185261461613734453581716454464500946076397,,2025-11,ABSTENTION,,,,,,,,,,
2147,70d5bacef6c05eb25606636495ce4c0842120fc0850a383ffc019df96b3ceee4,2025-11-29T06:00:00Z,BALANCED,False,,90711.3,DOWN,DOWN,-0.0021441650599208698365032801867022079939323987198949,,2025-11,ABSTENTION,,,,,,,,,,
2148,9fa650fe78e15b002fa8a64c5c59bf2feb5247d6600b3c669c4adddd565142bc,2025-11-29T07:00:00Z,UNCERTAIN,False,,90516.8,DOWN,UP,0.000038666855213617803545861099817934350308451027875488,,2025-11,ABSTENTION,,,,,,,,,,
2149,0789068bc2a6f5ed014767da53b474451ff510c5cf4a662b1f80137db89b5426,2025-11-29T08:00:00Z,UNCERTAIN,False,,90520.3,UP,UP,0.00085284737235736072461094362259073379120484576387838,,2025-11,ABSTENTION,,,,,,,,,,
2150,4dea9d8b8beb9d5b83d68efea08c8b50090bb8c7a663528536ae21826b30b341,2025-11-29T09:00:00Z,UNCERTAIN,False,,90597.5,UP,DOWN,-0.00092828168547697232263583432213913187449984822980767,,2025-11,ABSTENTION,,,,,,,,,,
2151,319fc6a828a5708b6c2105729a072773b2319dd05c6f13a30db99bbc30342d94,2025-11-29T10:00:00Z,BALANCED,False,,90513.4,DOWN,DOWN,-0.000059659674700099653752924981273490996913164238665214,,2025-11,ABSTENTION,,,,,,,,,,
2152,54f5c3ee2e84f2ced29b22ac7fed6e628aafbca1b399b7fc4d62edb67776e719,2025-11-29T11:00:00Z,UNCERTAIN,False,,90508,DOWN,UP,0.0012915985327263888275069607106554116763159057762850,,2025-11,ABSTENTION,,,,,,,,,,
2153,7dac9e01e7408814afc6d5d00f575456faa5914adac9fc21e449ef35c6f2f4c7,2025-11-29T12:00:00Z,BALANCED,False,,90624.9,UP,DOWN,-0.00057710408508036974385626908277967754998902067754006,,2025-11,ABSTENTION,,,,,,,,,,
2154,c6e93c022d20cdd7557908f65cbbb296fffc6864ce5b14eb1a033898c315b0d4,2025-11-29T13:00:00Z,UNCERTAIN,False,,90572.6,DOWN,UP,0.0017698509262183044320246962105537436266597182812462,,2025-11,ABSTENTION,,,,,,,,,,
2155,5c536b9815b0352f0389b972331f922a2b31001ff4453c764c740438f784f85e,2025-11-29T14:00:00Z,UNCERTAIN,False,,90732.9,UP,DOWN,-0.0015859737757748291964656701152503667357705969940341,,2025-11,ABSTENTION,,,,,,,,,,
2156,259cd53d00d6b69b7c0d6f7ec8664b0fb5972a59ca34890c2881ee327bbb4d3f,2025-11-29T15:00:00Z,UNCERTAIN,False,,90589,DOWN,UP,0.0048195697049310622702535627945997858459636379692899,,2025-11,ABSTENTION,,,,,,,,,,
2157,d455b5a4d789871550d94bc7618184851e1b09574ad6a46aeccf12cd3dd7f384,2025-11-29T16:00:00Z,UNCERTAIN,False,,91025.6,UP,DOWN,-0.00069211298799458613840502012620625406479056441264875,,2025-11,ABSTENTION,,,,,,,,,,
2158,05b9a130f7e7060ea16c57ddb1d6a87d41dbeec99540e099c7ae6cf2adf6b4c8,2025-11-29T17:00:00Z,UNCERTAIN,False,,90962.6,DOWN,DOWN,-0.0063036896482730264966040988274301745992308926965588,,2025-11,ABSTENTION,,,,,,,,,,
2159,372d6d51a4f2654cd8093255d7442882189024c076c5d17dda7f0ecbab27b4b8,2025-11-29T18:00:00Z,UNCERTAIN,False,,90389.2,DOWN,UP,0.0028864067831112566545560752833303093732437061064817,,2025-11,ABSTENTION,,,,,,,,,,
2160,005c1553ba6977b54de65a03a44eecbeb7a2f48e0e3741d7443b45325818be0f,2025-11-29T19:00:00Z,BALANCED,False,,90650.1,UP,DOWN,-0.00052178651761001918365230705757632920427004493100394,,2025-11,ABSTENTION,,,,,,,,,,
2161,b5ed4083a246799d8df5093c4451650c55dcaa77a4416e0cd3e7653f6d58370f,2025-11-29T20:00:00Z,UNCERTAIN,False,,90602.8,DOWN,UP,0.0035506628934205123903455522345887765058033526557678,,2025-11,ABSTENTION,,,,,,,,,,
2162,5b767f8ddc15cd4ae599ff16b5d1942a5e7b546edf6969f4d9ce047f28f8c1a3,2025-11-29T21:00:00Z,BALANCED,False,,90924.5,UP,UP,0.00044322487338396141853955754499612315712486733498672,,2025-11,ABSTENTION,,,,,,,,,,
2163,c80200712d523f91dd6ce41d5d4f4c836353b7d1c1b3606854b9cc67790212dd,2025-11-29T22:00:00Z,UNCERTAIN,False,,90964.8,UP,DOWN,-0.0026779589467574270487045538494010870138778956255607,,2025-11,ABSTENTION,,,,,,,,,,
2164,d50ca61b23db99cc53cbb9566aeef44130a4e41548f324462743b9113665e97d,2025-11-29T23:00:00Z,BALANCED,False,,90721.2,DOWN,UP,0.00045854772644100827590463970935128724046860050352068,,2025-11,ABSTENTION,,,,,,,,,,
2165,64df934ed07e65bdc4ee8eab7f9d2836cc679b93ccd3c80368dd6b991cc156b0,2025-11-30T00:00:00Z,BALANCED,False,,90762.8,UP,UP,0.00088472369737381394139449201655303714737755996950292,,2025-11,ABSTENTION,,,,,,,,,,
2166,e4e7d73dd92d36310e4eed0b161ccd4d0cc8f852d370e971845286e6530f43d9,2025-11-30T01:00:00Z,BALANCED,False,,90843.1,UP,UP,0.00013319668747543842074962215071920707241386522476666,,2025-11,ABSTENTION,,,,,,,,,,
2167,4b8642143e342094ba57ef658b4a80410e6cfe3e5a78d49ab7e6c3019c501752,2025-11-30T02:00:00Z,UNCERTAIN,False,,90855.2,UP,DOWN,-0.0012283281529290563446010795199394200882283017372699,,2025-11,ABSTENTION,,,,,,,,,,
2168,c38a93bfe4edb380d1e38d0ba9a247f1d19935dbb63a821524452a0b53c30f1b,2025-11-30T03:00:00Z,UNCERTAIN,False,,90743.6,DOWN,UP,0.0015031363093375180177996023962020462049114207503339,,2025-11,ABSTENTION,,,,,,,,,,
2169,2f65b33bc9402493041ed6caefa9f7d50821df45ee944762beb222cd7cd2ff6c,2025-11-30T04:00:00Z,UNCERTAIN,False,,90880,UP,DOWN,-0.00070532570422535211267605633802816901408450704225352,,2025-11,ABSTENTION,,,,,,,,,,
2170,5da9bbe6220fbf0446981a8c2387e1c0c401dd028f394733172d5889cecca606,2025-11-30T05:00:00Z,UNCERTAIN,False,,90815.9,DOWN,DOWN,-0.00077409352327070479948995715507967217194345924006699,,2025-11,ABSTENTION,,,,,,,,,,
2171,9c5871788c80ff3e3f602f76cc55b94b08d5cd251138f06f8fa366f0e550a316,2025-11-30T06:00:00Z,UNCERTAIN,False,,90745.6,DOWN,UP,0.0012683810564919952041751886592848578884265463008675,,2025-11,ABSTENTION,,,,,,,,,,
2172,f3d8d0b5b098bcd55cfeb9566df6b0909e9535dc1109ee950087920a7d135ce6,2025-11-30T07:00:00Z,UNCERTAIN,False,,90860.7,UP,UP,0.00075170012997918792173073727144959261815064158651650,,2025-11,ABSTENTION,,,,,,,,,,
2173,91170b0cc48cdeed5afbe8bb987462d50605a195cfe4948b2268c93da88dddb4,2025-11-30T08:00:00Z,UNCERTAIN,False,,90929,UP,UP,0.0022699028912668125680475975761308273488106104763057,,2025-11,ABSTENTION,,,,,,,,,,
2174,2158c13411cdd49d5ff37f1c7a1d40023d2d4beefe301310648c0621662b9b03,2025-11-30T09:00:00Z,UNCERTAIN,False,,91135.4,UP,UP,0.0023887534371934506240165731428182682031351154436147,,2025-11,ABSTENTION,,,,,,,,,,
2175,92d087d4ecb8f0ae871e2d436fd5c92df9d92454d0195357927b1f9b478a0c11,2025-11-30T10:00:00Z,UNCERTAIN,False,,91353.1,UP,DOWN,-0.0018959400392542781799413484599865795468353017029526,,2025-11,ABSTENTION,,,,,,,,,,
2176,6b90cc2ee4a6eba2ce11a2f045253e28aa34972a2fb73b1cea4fa4ddea08c170,2025-11-30T11:00:00Z,UNCERTAIN,False,,91179.9,DOWN,DOWN,-0.0019642486995489137408573600102654203393511069873952,,2025-11,ABSTENTION,,,,,,,,,,
2177,20ff70661379ef5d32d6cc829e0a38e4be60e6fe59220b6bc3451ef6dbc6d788,2025-11-30T12:00:00Z,UNCERTAIN,False,,91000.8,DOWN,UP,0.0047384198820230151822841117880282371143989942945557,,2025-11,ABSTENTION,,,,,,,,,,
2178,7de55346fc47e0fa785dbbed0497ff509e53fb90606d972bf7277b03bc75cbac,2025-11-30T13:00:00Z,UNCERTAIN,False,,91432,UP,UP,0.0031411322075422171668562428908915915653163006387260,,2025-11,ABSTENTION,,,,,,,,,,
2179,32affa9c5645a494149e9e6046e3f2dec3b9c6fa6eeeec05af80a9a237c7df54,2025-11-30T14:00:00Z,UNCERTAIN,False,,91719.2,UP,DOWN,-0.0029132395398128199984299906671667437134209631135030,,2025-11,ABSTENTION,,,,,,,,,,
2180,d2c4fc3377e06a71020e15d1670943480507adc976c8f1d776249285d1d9070e,2025-11-30T15:00:00Z,UNCERTAIN,False,,91452,DOWN,DOWN,-0.00062218431526921226435725845252154135502777413287845,,2025-11,ABSTENTION,,,,,,,,,,
2181,bec710ac981b73d8e040c101643de2c1b05a21e8314620335b87a8eada98054d,2025-11-30T16:00:00Z,UNCERTAIN,False,,91395.1,DOWN,UP,0.0042704696422455908467740611914643126382048928224817,,2025-11,ABSTENTION,,,,,,,,,,
2182,3b1650e054232a21d2f320297cfa85377df03be18930a982494d8d77ed3fc7d2,2025-11-30T17:00:00Z,UNCERTAIN,False,,91785.4,UP,DOWN,-0.0037947211648039884338903572899393585472199282238787,,2025-11,ABSTENTION,,,,,,,,,,
2183,7766b326f625d52cd5a3c6b2f9b83b502d99662b6cf99f608462160a7ee78bf0,2025-11-30T18:00:00Z,UNCERTAIN,False,,91437.1,DOWN,DOWN,-0.00033465628284361599394556476528673809646193940971444,,2025-11,ABSTENTION,,,,,,,,,,
2184,23b518185a08b9645a5a0bc0fc6eb35e3a47d69223792bf33375925ec4f7de5f,2025-11-30T19:00:00Z,BALANCED,False,,91406.5,DOWN,UP,0.000032820423055253182213518732256458785753748365816435,,2025-11,ABSTENTION,,,,,,,,,,
2185,77e62386d5926f6e0eb82b90468a5fe3a98b9a570dc97232e6536e1c079b1710,2025-11-30T20:00:00Z,BALANCED,False,,91409.5,UP,DOWN,-0.0016683167504471635880296905682669744391994267554248,,2025-11,ABSTENTION,,,,,,,,,,
2186,02b21ece02e99711ae100ac444ec221b061bb95453a468ed2a4aa41076c035ab,2025-11-30T21:00:00Z,BALANCED,False,,91257,DOWN,DOWN,-0.0014683805077966621738606353485212093318868689525187,,2025-11,ABSTENTION,,,,,,,,,,
2187,db956e066e4b1dd98da9e37f6128838b3c960f8b0d599e20a060cad0551d6538,2025-11-30T22:00:00Z,UNCERTAIN,False,,91123,DOWN,UP,0.00060906686566509004312851859574421386477618164459028,,2025-11,ABSTENTION,,,,,,,,,,
2188,7780d9824d16090b77871991686b413fe2a2711b85068f3b3469e16d771a3ed6,2025-11-30T23:00:00Z,BALANCED,False,,91178.5,UP,DOWN,-0.0094539831210208546971051289503556211168203030319648,,2025-11,ABSTENTION,,,,,,,,,,
2189,d984d25ca8feb5577404533c633804629873934ae348e58cc1c3b54784fb7d6b,2025-12-01T00:00:00Z,UNCERTAIN,False,,90316.5,DOWN,DOWN,-0.036975524959448162849534691889078961208638510128271,,2025-12,ABSTENTION,,,,,,,,,,
2190,3fc466eaca338d37fa48709118de60774b168f7058e442fc84b91a510307e681,2025-12-01T01:00:00Z,UNCERTAIN,False,,86977,DOWN,UP,0.0018844062223346401922347287213861135702542051346908,,2025-12,ABSTENTION,,,,,,,,,,
2191,c4b85d73df1ac63bc756316e33099d56d50bf3d57d042ff84622a1059ef09d3c,2025-12-01T02:00:00Z,UNCERTAIN,False,,87140.9,UP,DOWN,-0.0051468369043698194533221483826767912656399004371082,,2025-12,ABSTENTION,,,,,,,,,,
2192,553a8b99103f57ea379065e5d7e8f43a1e7cc7276b98eb5c87888730b6820131,2025-12-01T03:00:00Z,UNCERTAIN,False,,86692.4,DOWN,DOWN,-0.0042725775269804504201060300556911563182009034240602,,2025-12,ABSTENTION,,,,,,,,,,
2193,d6ad3a731112127f1956815beb079702b319f0a690573695d80a1151dcc5a50b,2025-12-01T04:00:00Z,UNCERTAIN,False,,86322,DOWN,DOWN,-0.0063714927828363568962720974954241097286902527744955,,2025-12,ABSTENTION,,,,,,,,,,
2194,1df1efb9c9d3349085d50b59ba56dd417ff4ef021932f08fc49aec5b0ba4e853,2025-12-01T05:00:00Z,UNCERTAIN,False,,85772,DOWN,UP,0.0022967868302009979946835797229865224082451149559297,,2025-12,ABSTENTION,,,,,,,,,,
2195,ef4f7d80ef509847c8c9caa9537061220e71d2f5c526ddcf0b00316b639c2c48,2025-12-01T06:00:00Z,DOWN,True,AS-2025-12-01T05:00:00+00:00-ca35edd2c5a6,85969,UP,UP,0.0026637508869476206539566587956123719014993776826530,True,2025-12,PAIRED,False,True,PERSISTENCE_ONLY,AS-2025-12-01T05:00:00+00:00-ca35edd2c5a6,1,ALREADY_ACTIVE_AT_CUTOFF,2025-12-01T05:40:00Z,,INVALIDATED,2025-12-01T06:01:00Z
2196,6e9183dcd45a274c602c4d990d1557a16f4208018f383f33c449aa9b4721f063,2025-12-01T07:00:00Z,UNCERTAIN,False,,86198,UP,UP,0.0034501960602334160885403373628158425949557994385021,,2025-12,ABSTENTION,,,,,,,,,,
2197,d12b1dc3a86cdadbf342fde27fdcb38a2ea998d5a567e2460e3e21d2aefc609e,2025-12-01T08:00:00Z,UNCERTAIN,False,,86495.4,UP,UP,0.0036545296050425802990679273117414336484946020250788,,2025-12,ABSTENTION,,,,,,,,,,
2198,4cfa3d60ffa441d39baafc4f9aaa265547a763c6340f4bd8aaaacc3a3d86137a,2025-12-01T09:00:00Z,UNCERTAIN,False,,86811.5,UP,DOWN,-0.0017394008858273385438565167057359911993226703835321,,2025-12,ABSTENTION,,,,,,,,,,
2199,900c3af8b00714ba53addb13a5fb301a740f9ebe3fdd4a058a8a22192ec61d71,2025-12-01T10:00:00Z,BALANCED,False,,86660.5,DOWN,DOWN,-0.00061735161924983123799193404146064239186249790850503,,2025-12,ABSTENTION,,,,,,,,,,
2200,1ffdbeb3faed6d795f1eb2383c1786e8b49667fbf53cd1683f4e8d66d83b7939,2025-12-01T11:00:00Z,BALANCED,False,,86607,DOWN,DOWN,-0.0058644220444074959298901936333090858706571062385258,,2025-12,ABSTENTION,,,,,,,,,,
2201,7b8b45aa5d11f169edcbe016ecc16d109f9416169c5c1ede985ac3132892a17c,2025-12-01T12:00:00Z,UNCERTAIN,False,,86099.1,DOWN,DOWN,-0.0081417808083940482536983545704891224182366598489415,,2025-12,ABSTENTION,,,,,,,,,,
2202,b2f1b6e7fd983a2b5aa980f14ca91146a343354f26f54ac20ae291f8183faadb,2025-12-01T13:00:00Z,UNCERTAIN,False,,85398.1,DOWN,UP,0.0064579891121699428910010878462167191073337697208720,,2025-12,ABSTENTION,,,,,,,,,,
2203,56d4a3c86b1b1dc724d1531574848d288395f049101525b59cc9de39eca6e9e3,2025-12-01T14:00:00Z,BALANCED,False,,85949.6,UP,UP,0.00067481407708703705427366735854500777199661196794400,,2025-12,ABSTENTION,,,,,,,,,,
2204,267616903066015c5b334d06b3552c62e3251cb7f49e44fcd78e18e1396933e3,2025-12-01T15:00:00Z,BALANCED,False,,86007.6,UP,DOWN,-0.015938126398132258079518554174282272729386705360922,,2025-12,ABSTENTION,,,,,,,,,,
2205,000db4046f83de1c47f9e4b191c86ed2ebab216d50eff1b096a2993f0a1e45e1,2025-12-01T16:00:00Z,UNCERTAIN,False,,84636.8,DOWN,DOWN,-0.0011507996521607622216340882453022798593519603765738,,2025-12,ABSTENTION,,,,,,,,,,
2206,daac779d5ef6a511c4b0f771ba2a6f47828e8c7dd92fb08e0e93e24f309058bd,2025-12-01T17:00:00Z,DOWN,True,AS-2025-12-01T16:00:00+00:00-cfdb2979f085,84539.4,DOWN,UP,0.0041010463760092927084885863869391076823351005566635,True,2025-12,PAIRED,False,False,NEITHER,AS-2025-12-01T16:00:00+00:00-cfdb2979f085,1,ALREADY_ACTIVE_AT_CUTOFF,2025-12-01T16:55:00Z,,INVALIDATED,2025-12-01T18:15:00Z
2207,471dabde1f25409b8945a6c8beb19f586913703488728f226be26a9fd9b9bf95,2025-12-01T18:00:00Z,DOWN,True,AS-2025-12-01T16:00:00+00:00-cfdb2979f085,84886.1,UP,UP,0.0031548156883164617057445211878034212904115043570149,True,2025-12,PAIRED,False,True,PERSISTENCE_ONLY,AS-2025-12-01T16:00:00+00:00-cfdb2979f085,2,ALREADY_ACTIVE_AT_CUTOFF,2025-12-01T16:55:00Z,,INVALIDATED,2025-12-01T18:15:00Z
2208,a08c1749a55600dd92353a2782f19bfd524a43e4a366774f8087f5d090d482a8,2025-12-01T19:00:00Z,UNCERTAIN,False,,85153.9,UP,DOWN,-0.0021032507025514979349154883099893252100021255632449,,2025-12,ABSTENTION,,,,,,,,,,
2209,659d2f483cc6fa53a8959af4dc0aa89dfb6589436089ba1a9c9b7c673c95fdeb,2025-12-01T20:00:00Z,BALANCED,False,,84974.8,DOWN,UP,0.0057393486068810988669582040793270475482142941201391,,2025-12,ABSTENTION,,,,,,,,,,
2210,57ed9a43db4a9300d19e162c3f1276b96852f3d3661d963b77202679fd728367,2025-12-01T21:00:00Z,UNCERTAIN,False,,85462.5,UP,UP,0.010715811028228755302033055433669738189264297206377,,2025-12,ABSTENTION,,,,,,,,,,
2211,bf94a1bda4562ddd8ce42826cf72668f2b283b27d4748b5a56ea1874a16f61bd,2025-12-01T22:00:00Z,UNCERTAIN,False,,86378.3,UP,UP,0.0017759089956621049499700735022569325860777533246197,,2025-12,ABSTENTION,,,,,,,,,,
2212,193fedc56ddfd3f499154526c0e0900fbd23136001fad31d6b0f1fea4aefd3b7,2025-12-01T23:00:00Z,UNCERTAIN,False,,86531.7,UP,DOWN,-0.0033132366520015208299386236489055455977404812340449,,2025-12,ABSTENTION,,,,,,,,,,
2213,9e4c3db0737b4ddd2ab235d681d83f97e9c42e4066fe0b222f8c6f1424fea66e,2025-12-02T00:00:00Z,UNCERTAIN,False,,86245,DOWN,UP,0.0026934894776508783117861905037973215838599339092121,,2025-12,ABSTENTION,,,,,,,,,,
2214,225e37b306f80153f58545b9e72a513b353ebcdd88c97794a2af6fc90195cb55,2025-12-02T01:00:00Z,UNCERTAIN,False,,86477.3,UP,DOWN,-0.00080136637013412768437497470434437707930289220408130,,2025-12,ABSTENTION,,,,,,,,,,
2215,dd6835a158faa21dfcb82a511e3b493b0a29cfbef889d86c55c43e4d70ccee8d,2025-12-02T02:00:00Z,UNCERTAIN,False,,86408,DOWN,UP,0.0010195815202296083695954078326080918433478381631330,,2025-12,ABSTENTION,,,,,,,,,,
2216,0b3b34ec681b90a28af053ad3e53023efe25b7fa9b19a2b476902fc443a903f4,2025-12-02T03:00:00Z,UNCERTAIN,False,,86496.1,UP,UP,0.0049250775468489330732830728784303569756324273579965,,2025-12,ABSTENTION,,,,,,,,,,
2217,bbdf982136249117a81f569ad588bd0ebdfcdd5b551ab0699a78c2e48d79563b,2025-12-02T04:00:00Z,UNCERTAIN,False,,86922.1,UP,DOWN,-0.000090885977214080193644654236379470813521532498639586,,2025-12,ABSTENTION,,,,,,,,,,
2218,d9a2e59664fa6765487460f28da2ac4bd06dc807723e10d267414da5cd17808c,2025-12-02T05:00:00Z,UNCERTAIN,False,,86914.2,DOWN,UP,0.00049589135032020084174967956904625481221710606552209,,2025-12,ABSTENTION,,,,,,,,,,
2219,3d2e0a418a4fb5d066c73dc89e6b38a6b0aaac18183346f6b0e78dd710d16ea6,2025-12-02T06:00:00Z,BALANCED,False,,86957.3,UP,UP,0.00098324119999126007822229991041580177857408176196823,,2025-12,ABSTENTION,,,,,,,,,,
2220,3480f6f2f840bf518f6876acd59260ddb1c650254a88259933629ff2a7fc4c83,2025-12-02T07:00:00Z,UNCERTAIN,False,,87042.8,UP,DOWN,-0.00092598124141227074496684389748491546687376784754167,,2025-12,ABSTENTION,,,,,,,,,,
2221,e8d171f467667ced4a5a7344c4125f7745bd9b687723013b00ca7e5411fe1b6b,2025-12-02T08:00:00Z,BALANCED,False,,86962.2,DOWN,DOWN,-0.0060428554015422792891624176941245736653396533206382,,2025-12,ABSTENTION,,,,,,,,,,
2222,17d819f8ec47d0fffbdccdef1427d05a84d3c41703fcfa0460605c6189679922,2025-12-02T09:00:00Z,UNCERTAIN,False,,86436.7,DOWN,UP,0.0034024899145848927596726853292640741721976891760097,,2025-12,ABSTENTION,,,,,,,,,,
2223,bc20ec1af1ff4a905053e2d702b36896dfc8202af897d9d496af950ab672975d,2025-12-02T10:00:00Z,UNCERTAIN,False,,86730.8,UP,UP,0.0058364502575786225885152679324991813750132594187993,,2025-12,ABSTENTION,,,,,,,,,,
2224,71a2deb710a60780f27e40c1d0d3c157459972de5ebeba21fa49446a0cc4d2a3,2025-12-02T11:00:00Z,UNCERTAIN,False,,87237,UP,UP,0.0011004504969221775164207847587606176278413975721311,,2025-12,ABSTENTION,,,,,,,,,,
2225,16b97665af36d2b53e30d5a447b38eea937baf20289646bda6acea06d14f92f6,2025-12-02T12:00:00Z,UNCERTAIN,False,,87333,UP,DOWN,-0.0011564929637136019603128256214718376787697662968179,,2025-12,ABSTENTION,,,,,,,,,,
2226,5fdadc43ba938ab45aa3ab00e329f5fdf988e65099d5fcbe7000b7e79a01d347,2025-12-02T13:00:00Z,UNCERTAIN,False,,87232,DOWN,UP,0.0051345836390315480557593543653705062362435803374908,,2025-12,ABSTENTION,,,,,,,,,,
2227,1329ba583fa0cd5de64feea784ddd2ffbb33257f45cf6d8c64c3a20401fce398,2025-12-02T14:00:00Z,UNCERTAIN,False,,87679.9,UP,UP,0.017632319379926300098426207146677858893543446103383,,2025-12,ABSTENTION,,,,,,,,,,
2228,263fef84d47341c8326e0b3f2aed7d6b80760fe2c7521aec3d9f9ec445e692a6,2025-12-02T15:00:00Z,UNCERTAIN,False,,89225.9,UP,UP,0.017642859304305140099455427179776275722632105700251,,2025-12,ABSTENTION,,,,,,,,,,
2229,8cbb04ad720bfb8cfe6686eda2ecc0cb8b6b8624887905d77738c3d374c56e7f,2025-12-02T16:00:00Z,UNCERTAIN,False,,90800.1,UP,DOWN,-0.0010781926451622850635627053274170402896032052828136,,2025-12,ABSTENTION,,,,,,,,,,
2230,5e2dc70408f1a241515bf491c9ba643ac17daf4afd9d530a5f125058dfdbae92,2025-12-02T17:00:00Z,UNCERTAIN,False,,90702.2,DOWN,UP,0.0077848166858135745329220239420874025106337001748579,,2025-12,ABSTENTION,,,,,,,,,,
2231,a6955475ce1e704171e7c4c5f4dd107913c7704851f70e6be3656f9e0b1ea991,2025-12-02T18:00:00Z,UNCERTAIN,False,,91408.3,UP,UP,0.0054918426444863322039683486072927731945567306251183,,2025-12,ABSTENTION,,,,,,,,,,
2232,43ab37914ddbcfe19f04d372bc3de3eab1e69ca277bcfe4e00498e3a36957789,2025-12-02T19:00:00Z,UNCERTAIN,False,,91910.3,UP,DOWN,-0.00055706487738588602147963829951594108603714708797599,,2025-12,ABSTENTION,,,,,,,,,,
2233,448ebd0a8244ed2c1f9b6253f4275ff2cfa693e230a623eef75178be1c1bd463,2025-12-02T20:00:00Z,UNCERTAIN,False,,91859.1,DOWN,DOWN,-0.0095036855357825190971825328138420689947974669902057,,2025-12,ABSTENTION,,,,,,,,,,
2234,4539260bcb6d9aee35009fc33197a99dc1ddb414be8efcdabe6bd8a688d5976f,2025-12-02T21:00:00Z,UNCERTAIN,False,,90986.1,DOWN,UP,0.0058283627938773065336353574886713465023778357353486,,2025-12,ABSTENTION,,,,,,,,,,
2235,7e67699bbad0ed98ab990946e66de44bc48c86544886b9f44ecb14a5f2467e40,2025-12-02T22:00:00Z,UNCERTAIN,False,,91516.4,UP,UP,0.0045849705626532512205462627463492882150084575005136,,2025-12,ABSTENTION,,,,,,,,,,
2236,4783db7c0500ad58fea5e7ceaaac305cc143d864b4f89ea5e6d76f2c6873b4a0,2025-12-02T23:00:00Z,UNCERTAIN,False,,91936,UP,DOWN,-0.0074986947441698572920292377305951966585450748346676,,2025-12,ABSTENTION,,,,,,,,,,
2237,4ae9974754e845df8e9d4e7549c92a6e95c1a61e68f488d8b6dea36886f9d566,2025-12-03T00:00:00Z,BALANCED,False,,91246.6,DOWN,UP,0.0040483700214583337899713523572385162844423792228971,,2025-12,ABSTENTION,,,,,,,,,,
2238,f36de29a7a699235a2dee4017a72fc295cf89770c4284733edaef47156014517,2025-12-03T01:00:00Z,BALANCED,False,,91616,UP,UP,0.0063733409011526370939573873559203632553265805099546,,2025-12,ABSTENTION,,,,,,,,,,
2239,564118b802dd25286ea21e359498b772904dda364e3ed69f311660f5d82d3eec,2025-12-03T02:00:00Z,UNCERTAIN,False,,92199.9,UP,UP,0.0062169264825666839118046765777403229287667340203189,,2025-12,ABSTENTION,,,,,,,,,,
2240,640fb2d223dbbbd099d302fcc56f7563b997e80e39b1daff33affe891c5edccf,2025-12-03T03:00:00Z,UNCERTAIN,False,,92773.1,UP,DOWN,-0.0020286052745892936637883179499229841408770430221691,,2025-12,ABSTENTION,,,,,,,,,,
2241,97db1a886e2a8992e03f2cf90b5bab9f03a2bc1a8fe64152bb1a54f7e4d1e26e,2025-12-03T04:00:00Z,BALANCED,False,,92584.9,DOWN,UP,0.0078047284168368708072266643912776273452798458495932,,2025-12,ABSTENTION,,,,,,,,,,
2242,0b0dd508000cbbacef82a019ebfc6728f188d938ebf0b44ffb5cf3d6c35a0b25,2025-12-03T05:00:00Z,UNCERTAIN,False,,93307.5,UP,UP,0.0031658762693245451866141521313935107038555314417383,,2025-12,ABSTENTION,,,,,,,,,,
2243,267922c01a67bd0aa4333236f8b8e74bb020329430246082ef48c939d4a06a4b,2025-12-03T06:00:00Z,UNCERTAIN,False,,93602.9,UP,DOWN,-0.0021580527953727929369709699165303639096651919972565,,2025-12,ABSTENTION,,,,,,,,,,
2244,aa4b3bcafc26e464a2cd238dac0f5763581164b5908974c22d5df8e159b80348,2025-12-03T07:00:00Z,UNCERTAIN,False,,93400.9,DOWN,DOWN,-0.0045920328390839916960114945359198894229070597820792,,2025-12,ABSTENTION,,,,,,,,,,
2245,fe81fdc2ca2619903c1614a4cacf4a2021e8f9df747709b727cd770e22eec657,2025-12-03T08:00:00Z,UNCERTAIN,False,,92972,DOWN,DOWN,-0.0026610162199371853891494213311534655595232973368326,,2025-12,ABSTENTION,,,,,,,,,,
2246,e927e9d0ea60bcacf0c7be9f7fbf7b080674dbfbc89d2e62e94bdca0c35311ab,2025-12-03T09:00:00Z,UNCERTAIN,False,,92724.6,DOWN,UP,0.0043914991275238717664999363707149990401684126973856,,2025-12,ABSTENTION,,,,,,,,,,
2247,ca3dd6b9a1aa21aaaeb3b5a14b4527f19300bb8c625ec2b795a76c32982660e1,2025-12-03T10:00:00Z,UNCERTAIN,False,,93131.8,UP,DOWN,-0.0024975357504096345179627152057621564277722539454837,,2025-12,ABSTENTION,,,,,,,,,,
2248,7ea8ba3ee4b376ef4a361ed73708a106866caa476409a1b1146456dcb5e4b393,2025-12-03T11:00:00Z,BALANCED,False,,92899.2,DOWN,UP,0.00063940270745065619510178774413557920843236540250078,,2025-12,ABSTENTION,,,,,,,,,,
2249,b99f56694611e74328872d3aa076830dee05eb9ffa36061b6afbee9b2af4c133,2025-12-03T12:00:00Z,BALANCED,False,,92958.6,UP,DOWN,-0.00076162937049396182816866863313345941096359024339867,,2025-12,ABSTENTION,,,,,,,,,,
2250,ee27ca3e3b248bb50188ca260a075c42d3f1dfed0164826593f4fbc87181191c,2025-12-03T13:00:00Z,BALANCED,False,,92887.8,DOWN,UP,0.0020702395793634901461763546988947956566954971481723,,2025-12,ABSTENTION,,,,,,,,,,
2251,73379596628156cb61c6f26dd06e7ac8939b2b8648a6ee3f1bcd08f4b5b2a933,2025-12-03T14:00:00Z,UNCERTAIN,False,,93080.1,UP,DOWN,-0.0081907948100614417045104162973610900718843232871473,,2025-12,ABSTENTION,,,,,,,,,,
2252,55b10ebf9a59b74b0bffbf37447e6252b41504b939d13af46f70bd4e372292b8,2025-12-03T15:00:00Z,UNCERTAIN,False,,92317.7,DOWN,UP,0.00020472780409390615234131699554906588877322550280174,,2025-12,ABSTENTION,,,,,,,,,,
2253,668632b5b0be7f47902319b4cedbf533004967b416ddab4198c1e31b644d8659,2025-12-03T16:00:00Z,UNCERTAIN,False,,92336.6,UP,DOWN,-0.0014252203351650374824284194999599292155006790373481,,2025-12,ABSTENTION,,,,,,,,,,
2254,81790a8def9d415555ee62e8e4939fcf1bc26a3b4ca189c44999a42a72543b1c,2025-12-03T17:00:00Z,UNCERTAIN,False,,92205,DOWN,UP,0.0076449216419933843067078791822569274985087576595629,,2025-12,ABSTENTION,,,,,,,,,,
2255,ca784fb1f7bea80d47a7bac3e03fd374ffa1e624a5967eb57a2ede5e2e70d90b,2025-12-03T18:00:00Z,UNCERTAIN,False,,92909.9,UP,DOWN,-0.0036239410439576406819940609127767869731858499470993,,2025-12,ABSTENTION,,,,,,,,,,
2256,d31c408229a1c8a3ee70616e2e8c97737a20aa93f573266652f0df471739e917,2025-12-03T19:00:00Z,BALANCED,False,,92573.2,DOWN,UP,0.0044451309882341757657723833679725881788681821520699,,2025-12,ABSTENTION,,,,,,,,,,
2257,f96721c9058d0918ce50e4fedb865c15f57b621cbc05ef7ae4c8fd0410c3e13d,2025-12-03T20:00:00Z,BALANCED,False,,92984.7,UP,DOWN,-0.00055600545035903756209354872360721710130806466009999,,2025-12,ABSTENTION,,,,,,,,,,
2258,59e37872ac9fb9ef4ec6166144dba2e9cdfa7d4047674e7ef98d94df862a43b8,2025-12-03T21:00:00Z,BALANCED,False,,92933,DOWN,UP,0.0076786502103666082016076097833923364144060774966912,,2025-12,ABSTENTION,,,,,,,,,,
2259,7c6a4b0f89f02a23424168b410533b42aac5f40b2e34524722b02145800c8b76,2025-12-03T22:00:00Z,UNCERTAIN,False,,93646.6,UP,UP,0.0010069772954917743943720327272960256966083125281644,,2025-12,ABSTENTION,,,,,,,,,,
2260,0ca649581ae256e912099e33707a57eb9604e8a985dcd3eb3d5e36e8220fbf46,2025-12-03T23:00:00Z,UNCERTAIN,False,,93740.9,UP,DOWN,-0.0038777097296910953489885418211261039738257260171387,,2025-12,ABSTENTION,,,,,,,,,,
2261,04b564ce6051b5bc5b71a0f10cd48b3920bbf6fe7c679db07efab8a78a2f9ee8,2025-12-04T00:00:00Z,UNCERTAIN,False,,93377.4,DOWN,DOWN,-0.0039602730425134989836941272727662153797385662912011,,2025-12,ABSTENTION,,,,,,,,,,
2262,e7be2e18f1dfaa1f7420223b595e5393899a3e1c2348b4b2b401d6b4f509b712,2025-12-04T01:00:00Z,UNCERTAIN,False,,93007.6,DOWN,UP,0.0014837497150770474670887110300663601684163444707744,,2025-12,ABSTENTION,,,,,,,,,,
2263,d7fd02e755cf1b4e5ce63919aef9d7e894c5339d2cd2ffd748a6a13ef789a79b,2025-12-04T02:00:00Z,BALANCED,False,,93145.6,UP,UP,0.0078629586368008794833035591589940909715542119005085,,2025-12,ABSTENTION,,,,,,,,,,
2264,ba6092ef0e4421af2c0892c0e583b398632d8ea51e8b0243ed7861a6fc5f3032,2025-12-04T03:00:00Z,UNCERTAIN,False,,93878,UP,DOWN,-0.0041383497731097807793093163467479068578367668676367,,2025-12,ABSTENTION,,,,,,,,,,
2265,38127d0c42645c9a97b7e33cb18bea55c504897294235ad47b6472c41500f925,2025-12-04T04:00:00Z,UNCERTAIN,False,,93489.5,DOWN,DOWN,-0.0018483359093801977762208590269495504842789832013221,,2025-12,ABSTENTION,,,,,,,,,,
2266,243e4ce093cd37f934fc0659dcc5f8fde5280e07bb123433f3197d1b5219b183,2025-12-04T05:00:00Z,UNCERTAIN,False,,93316.7,DOWN,DOWN,-0.0041911040574730996702626646677390006290406754632343,,2025-12,ABSTENTION,,,,,,,,,,
2267,eba865e8240555bfb4294d74307ebb890513047f2711120422fc5eb55c4a57ee,2025-12-04T06:00:00Z,UNCERTAIN,False,,92925.6,DOWN,UP,0.0018584760281343354253295109205644085160601599559217,,2025-12,ABSTENTION,,,,,,,,,,
2268,f9e3e261c42b5a383fb42b6daa8ce7d02ebbb46b7eab4135fbb152672f44496d,2025-12-04T07:00:00Z,BALANCED,False,,93098.3,UP,UP,0.0027025198097065145120802420667187263354969961857520,,2025-12,ABSTENTION,,,,,,,,,,
2269,041f0c1ea5958658ed7a0f813e1bf901a936e53e6c989a5c90d4132b16b97ef3,2025-12-04T08:00:00Z,UNCERTAIN,False,,93349.9,UP,DOWN,-0.0015104461815170664349935029389426233986324570245924,,2025-12,ABSTENTION,,,,,,,,,,
2270,5dc2a635f9b75652fd6b1108a01fabed6a28d41237c911aaaf6fd142f7316e55,2025-12-04T09:00:00Z,BALANCED,False,,93208.9,DOWN,UP,0.0020716905789039458678302179298328807656779556458664,,2025-12,ABSTENTION,,,,,,,,,,
2271,6f26113d428a77de6c29baed38d53fbf5dfd324bc61216ba2f6f2b9b33d00313,2025-12-04T10:00:00Z,UNCERTAIN,False,,93402,UP,DOWN,-0.0020813258816727693197147812680670649450761225669686,,2025-12,ABSTENTION,,,,,,,,,,
2272,c08ceac4bec21d6620bc2c30f14ecd3d7c7966652af16633b0b46d69672715db,2025-12-04T11:00:00Z,UNCERTAIN,False,,93207.6,DOWN,DOWN,-0.0033001600727837644140606559980087460679172084679790,,2025-12,ABSTENTION,,,,,,,,,,
2273,3d1da6c329b6567d81d9692604ab28ce430174b7dc4c572733642d01d071e808,2025-12-04T12:00:00Z,UNCERTAIN,False,,92900,DOWN,UP,0.00053175457481162540365984930032292787944025834230355,,2025-12,ABSTENTION,,,,,,,,,,
2274,3212267a6863a22ade678f813664cf779d4c2f0ccd26b0f197021b7752c5c000,2025-12-04T13:00:00Z,BALANCED,False,,92949.4,UP,DOWN,-0.0050489836405614237423802628096577277529494542191773,,2025-12,ABSTENTION,,,,,,,,,,
2275,93cca8887dbd4f6f58ca1e7169c5a68827b797469e8eb95c4c85ef49b87e7ba4,2025-12-04T14:00:00Z,UNCERTAIN,False,,92480.1,DOWN,DOWN,-0.0067041449998432095121004410678621671040580622209535,,2025-12,ABSTENTION,,,,,,,,,,
2276,06d64d0ac41aed08a5df3c8d691bfef3770ec834f598804b845688ea70564920,2025-12-04T15:00:00Z,UNCERTAIN,False,,91860.1,DOWN,UP,0.011592628355510172534103489980960177487287734282893,,2025-12,ABSTENTION,,,,,,,,,,
2277,ea44687580cd63b4a8ea9bcfb16e391f4b70a29bf96b3d96d012621ce8c321ef,2025-12-04T16:00:00Z,BALANCED,False,,92925,UP,DOWN,-0.0056464891041162227602905569007263922518159806295400,,2025-12,ABSTENTION,,,,,,,,,,
2278,93a7f2e923ac5ae5a9d663603dd2798badb7745c6e5c6e881e1e96f96ec6e4dd,2025-12-04T17:00:00Z,BALANCED,False,,92400.3,DOWN,DOWN,-0.00012229397523601113849197459315608282657090940180930,,2025-12,ABSTENTION,,,,,,,,,,
2279,c2c3976a00bb7f668452a1fb294dd13fe7e534ec8411dfb4023cbacb068ce4a4,2025-12-04T18:00:00Z,UNCERTAIN,False,,92389,DOWN,DOWN,-0.0031930208141661886155278225762807260604617432811265,,2025-12,ABSTENTION,,,,,,,,,,
2280,26aa69a736ee171c5a691e2b5c36321c6193cc1196642b670ee61eab33b18015,2025-12-04T19:00:00Z,UNCERTAIN,False,,92094,DOWN,DOWN,-0.0018003344408973440180684952331313657784437639802810,,2025-12,ABSTENTION,,,,,,,,,,
2281,a6dab915fb565998a14f0047e16a1abd4cbd2e59d80de9d7cc9634d3a2333036,2025-12-04T20:00:00Z,UNCERTAIN,False,,91928.2,DOWN,UP,0.0053008761185359878687932538655167837507968175162790,,2025-12,ABSTENTION,,,,,,,,,,
2282,b1de823deda6b400135485ef2279a9d00541a9c12543873d7627d13c1276e122,2025-12-04T21:00:00Z,UNCERTAIN,False,,92415.5,UP,DOWN,-0.0034031087858638431864784587001098300609746200583235,,2025-12,ABSTENTION,,,,,,,,,,
2283,a940cf4544439da8c86ce9dd5a49d947470bbed0fa52d0028c5d65d38a659362,2025-12-04T22:00:00Z,BALANCED,False,,92101,DOWN,UP,0.0020401515727299377856917948773628950825723933507780,,2025-12,ABSTENTION,,,,,,,,,,
2284,47cc3d5147364d23a4436bef7e97069a274cadb8d397e5a073107afbbd3db6f6,2025-12-04T23:00:00Z,BALANCED,False,,92288.9,UP,DOWN,-0.0027370572192322153585100700084192140116525389293837,,2025-12,ABSTENTION,,,,,,,,,,
2285,8e067ec49d27a5aa7f48a007382514ea873bdba84a9ab6c8e3ef561b32d21299,2025-12-05T00:00:00Z,UNCERTAIN,False,,92036.3,DOWN,UP,0.0024620720302750110554205242931321663300241317827857,,2025-12,ABSTENTION,,,,,,,,,,
2286,6aee35d3f2158bb8b478b6ae80b6aa9c9ba407e83658171a659589d97adf385c,2025-12-05T01:00:00Z,BALANCED,False,,92262.9,UP,UP,0.00052892332671095315668594852318754342211224663434598,,2025-12,ABSTENTION,,,,,,,,,,
2287,dfe3626ca588115d1a02024023699e6c885aead4035c9785b3cf753fb612da1b,2025-12-05T02:00:00Z,BALANCED,False,,92311.7,UP,UP,0.0016801770523129787448394948852637314663255037010476,,2025-12,ABSTENTION,,,,,,,,,,
2288,1999fa053f19ded8510f44dc0ea7935c1d709a442942f6cf7e6a3f37bd53282b,2025-12-05T03:00:00Z,BALANCED,False,,92466.8,UP,DOWN,-0.0038662525360453697975922168821674373937456470863056,,2025-12,ABSTENTION,,,,,,,,,,
2289,de2f7ca73e7ce54d7b01231b6036b6e40aa2d1765d5b09a2937ff05c2a66d232,2025-12-05T04:00:00Z,UNCERTAIN,False,,92109.3,DOWN,DOWN,-0.0013147423767198317650877815812301255139274752929400,,2025-12,ABSTENTION,,,,,,,,,,
2290,d35af5e21f03fbf52bdbf8b3731b3b482d6dc72e1f6557a5b921aec7fe428072,2025-12-05T05:00:00Z,UNCERTAIN,False,,91988.2,DOWN,DOWN,-0.00095881863108529137432844647465653203345646506834572,,2025-12,ABSTENTION,,,,,,,,,,
2291,a1382da6d33aa784a460a41f713e3a875e113fadfa50f295378ae754722781af,2025-12-05T06:00:00Z,BALANCED,False,,91900,DOWN,UP,0.0036507072905331882480957562568008705114254624591948,,2025-12,ABSTENTION,,,,,,,,,,
2292,72a4514c1f825d6901e52017f3987899d3c12004fb6bbd26c13842a4af937a2c,2025-12-05T07:00:00Z,UNCERTAIN,False,,92235.5,UP,DOWN,-0.00016804809428040179757251817358826048538794715700571,,2025-12,ABSTENTION,,,,,,,,,,
2293,5f3abaecbfd309188dd9f7e104acf4ed10720ca10506ebe2e25d0612772ab80e,2025-12-05T08:00:00Z,UNCERTAIN,False,,92220,DOWN,DOWN,-0.0016026892214270223378876599436130991108219475168076,,2025-12,ABSTENTION,,,,,,,,,,
2294,a3dcacfcf330a00eda67308d48e0959d2ec292968aa54f7a9868c0709224cf7c,2025-12-05T09:00:00Z,UNCERTAIN,False,,92072.2,DOWN,DOWN,-0.010688351098377143155045714124350238182643620984401,,2025-12,ABSTENTION,,,,,,,,,,
2295,79623e289d777a52a17e9cc8ff5bb7472605310e6b14688355b54c55e5210299,2025-12-05T10:00:00Z,UNCERTAIN,False,,91088.1,DOWN,UP,0.0016094308696745238949983587318211709323171742521800,,2025-12,ABSTENTION,,,,,,,,,,
2296,2652e9657ca8ef369e3fd7e2b42ac5f2da5ebb33a36f16b464ef1ff70dbbf943,2025-12-05T11:00:00Z,DOWN,True,AS-2025-12-05T09:45:00+00:00-26fa08385ced,91234.7,UP,UP,0.00082424779168452354202951289366874665012325354278580,True,2025-12,PAIRED,False,True,PERSISTENCE_ONLY,AS-2025-12-05T09:45:00+00:00-26fa08385ced,1,ALREADY_ACTIVE_AT_CUTOFF,2025-12-05T11:00:00Z,,INVALIDATED,2025-12-05T11:09:00Z
2297,f60162309d3b4875a58616139cf3023dbc85010da2726f2bcb2486553387964f,2025-12-05T12:00:00Z,UNCERTAIN,False,,91309.9,UP,DOWN,-0.0011794997037561096879965918262970389848198278609439,,2025-12,ABSTENTION,,,,,,,,,,
2298,e97dc177146c7f3c28476b9876882fddd0f092ba5a90ad798b8aa2a083810b1e,2025-12-05T13:00:00Z,UNCERTAIN,False,,91202.2,DOWN,DOWN,-0.0085304959748777990004627081364265335704621160454463,,2025-12,ABSTENTION,,,,,,,,,,
2299,384e9d71afba9beb074c6144e126b377b1d266113890bdd2de10725259a5b905,2025-12-05T14:00:00Z,UNCERTAIN,False,,90424.2,DOWN,DOWN,-0.0019751349749292777818327394657624839368222223696754,,2025-12,ABSTENTION,,,,,,,,,,
2300,bcc9aa17a0ffb1a51bdb277b026d7e7b170e2483f3264144bb8c4060ce4a9387,2025-12-05T15:00:00Z,UNCERTAIN,False,,90245.6,DOWN,UP,0.0017840204951820365757444130240144671873199358195857,,2025-12,ABSTENTION,,,,,,,,,,
2301,15b05c70e8e992a8dee3c6e4bee21373faaaecc4bf44cbea324c2fff2e855ee2,2025-12-05T16:00:00Z,UNCERTAIN,False,,90406.6,UP,DOWN,-0.018099342304654748657730740897235378832961310346811,,2025-12,ABSTENTION,,,,,,,,,,
2302,a44b25042f50fd2b775b380a7a00012b85580c476fabd9233bffe6b76d91edfa,2025-12-05T17:00:00Z,DOWN,True,AS-2025-12-05T16:30:00+00:00-974bd4ca53db,88770.3,DOWN,UP,0.0057519237853200901652917698824944829520684282918949,False,2025-12,PAIRED,False,False,NEITHER,AS-2025-12-05T16:30:00+00:00-974bd4ca53db,1,NOT_ACTIVATED_AT_1H,,,WITHDRAWN,2025-12-05T18:15:00Z
2303,d05585e72e00d56d3ff2b60d41b426f9fa217e237fc7a112a759098a49917dcc,2025-12-05T18:00:00Z,DOWN,True,AS-2025-12-05T16:30:00+00:00-974bd4ca53db,89280.9,UP,DOWN,-0.0043480744481742455553203428728877061051131877030810,False,2025-12,PAIRED,True,False,MV_ONLY,AS-2025-12-05T16:30:00+00:00-974bd4ca53db,2,NOT_ACTIVATED_AT_1H,,,WITHDRAWN,2025-12-05T18:15:00Z
2304,f1ba425c303d220c24a124f152c6cccc513360c019aea5d3e67ecc76b694a189,2025-12-05T19:00:00Z,UNCERTAIN,False,,88892.7,DOWN,UP,0.0078116650748599153811280341355364388751832265191630,,2025-12,ABSTENTION,,,,,,,,,,
2305,c106fc4c600f83499c26f4ad187dbbb595dfbc1cc3c11fb045d45f00646ac165,2025-12-05T20:00:00Z,UNCERTAIN,False,,89587.1,UP,DOWN,-0.0037170530132128397950151305266048348478743033316181,,2025-12,ABSTENTION,,,,,,,,,,
2306,eb71f20825ae44e09ec42a96c73ee99b2474ce6aa088879a8f2afcb2fbbec32f,2025-12-05T21:00:00Z,UNCERTAIN,False,,89254.1,DOWN,DOWN,-0.0012077876534523344025652603073696334398083673467101,,2025-12,ABSTENTION,,,,,,,,,,
2307,54b5eae01b184de0374def3a4f8ebb1a059353ec63ed69fa724edf89d5008c24,2025-12-05T22:00:00Z,UNCERTAIN,False,,89146.3,DOWN,UP,0.00063827663066218115614445019030515007353081395414055,,2025-12,ABSTENTION,,,,,,,,,,
2308,b7e0328345b456e7f9863dcfe171d302e2868a17adc4d6cfbf8908539e20acfc,2025-12-05T23:00:00Z,UNCERTAIN,False,,89203.2,UP,UP,0.00090579710144927536231884057971014492753623188405797,,2025-12,ABSTENTION,,,,,,,,,,
2309,e93f656081fbb0dabdf32976043356f23aa7d35047859de6ee36eed987e66aa7,2025-12-06T00:00:00Z,BALANCED,False,,89284,UP,UP,0.0010752206442363693382912951928677030598987500560011,,2025-12,ABSTENTION,,,,,,,,,,
2310,4e1e52431542c07def33b9a9c2dad69e319e333e74d165191d8016e409a0a561,2025-12-06T01:00:00Z,UNCERTAIN,False,,89380,UP,DOWN,-0.0010315506824793018572387558737972700827925710449765,,2025-12,ABSTENTION,,,,,,,,,,
2311,b8b35273ec6b25d2d311f44f1de7001256a0321834fe3ecfe6dd081ce8254219,2025-12-06T02:00:00Z,BALANCED,False,,89287.8,DOWN,UP,0.00056894670940486830227645882192191990395104370361908,,2025-12,ABSTENTION,,,,,,,,,,
2312,826488fd767a9ef36cbe295e28c5adfb0f33c78e71b12b9542c9e4b9b896f110,2025-12-06T03:00:00Z,UNCERTAIN,False,,89338.6,UP,UP,0.0032304065655830738337068187771019469747679054742295,,2025-12,ABSTENTION,,,,,,,,,,
2313,b62ab0488e01c59399869a82548a4733f965a71b11a83dc5c67d0dc3a8bfa484,2025-12-06T04:00:00Z,UNCERTAIN,False,,89627.2,UP,DOWN,-0.00022537801024688933716550332934644839959298070228681,,2025-12,ABSTENTION,,,,,,,,,,
2314,639136d4102fa38476bf3333166f6cb97264a50668ec13a25f80724188c47300,2025-12-06T05:00:00Z,UNCERTAIN,False,,89607,DOWN,DOWN,-0.00057919582175499681944490943787873715223141049248385,,2025-12,ABSTENTION,,,,,,,,,,
2315,203f3b383d1fbb7519411237336e838dd03e3039e787bb5695b6dd255463ac8f,2025-12-06T06:00:00Z,BALANCED,False,,89555.1,DOWN,UP,0.00085087281461357309633957195067617589618011704526040,,2025-12,ABSTENTION,,,,,,,,,,
2316,226f38a96f5f8834c8916c9fe7f15961d7d83892a2319267fe807516a9723365,2025-12-06T07:00:00Z,UNCERTAIN,False,,89631.3,UP,DOWN,-0.0010141546535641009334908675875503311901088124349418,,2025-12,ABSTENTION,,,,,,,,,,
2317,d200c61a4fd0ddd548e0578b9f565aee293a47ea672885a3c45a970c6b99e0a4,2025-12-06T08:00:00Z,UNCERTAIN,False,,89540.4,DOWN,DOWN,-0.0033415084140790079115125686282393199047580756842721,,2025-12,ABSTENTION,,,,,,,,,,
2318,480db9b803e675a18a1d3d452d84409ee51544a1ce9cf97e6a7dd4d1b7a96249,2025-12-06T09:00:00Z,UNCERTAIN,False,,89241.2,DOWN,UP,0.0032574640412724167761078963528056547872507317248087,,2025-12,ABSTENTION,,,,,,,,,,
2319,80bfdcabfd1c29f7ef0bbbca2a2df0c1645cc10ec2f042b1ea199c85a1713f9d,2025-12-06T10:00:00Z,UNCERTAIN,False,,89531.9,UP,DOWN,-0.00078072731618562769247608952786660397020503306642660,,2025-12,ABSTENTION,,,,,,,,,,
2320,8e93b3f16e8bd2cbfec56b2c749f769bfc4d6769759ce00f1c47685cc2ff60ad,2025-12-06T11:00:00Z,UNCERTAIN,False,,89462,DOWN,UP,0.0013882989425677941472356978381882810578793230645414,,2025-12,ABSTENTION,,,,,,,,,,
2321,77015cbb30eaec73223d8401bfa365a5135337b2994a97dbbddaa3e1bd55a4ef,2025-12-06T12:00:00Z,BALANCED,False,,89586.2,UP,DOWN,-0.00063737495283871846333475468319897484210737814529470,,2025-12,ABSTENTION,,,,,,,,,,
2322,0a3693b7229360bfd1db7a78163a000f3767df644f3ee8ea4ad1e0c3ecbc1278,2025-12-06T13:00:00Z,BALANCED,False,,89529.1,DOWN,UP,0.0010309497135568211899818047986632279337109386780388,,2025-12,ABSTENTION,,,,,,,,,,
2323,31ace1b8e10b42c1f6ac497fa92e4b938230ba102f0b58255d825843724b6916,2025-12-06T14:00:00Z,BALANCED,False,,89621.4,UP,UP,0.0036810404657816101957791331088333813129453456428933,,2025-12,ABSTENTION,,,,,,,,,,
2324,f9f3fd856ed2ba5d19b3f5547d41b1b7d7b4a0cf6e4638694d8c0b510b8f5d8f,2025-12-06T15:00:00Z,UNCERTAIN,False,,89951.3,UP,DOWN,-0.0025869553858587924799308070033451434276102735591370,,2025-12,ABSTENTION,,,,,,,,,,
2325,4bf016408d3d3585abe798d34a32895c48ba7f0e3ef9ccae643bc04e4e58c519,2025-12-06T16:00:00Z,BALANCED,False,,89718.6,DOWN,DOWN,-0.00057290238590437211458939394952663104417590109520211,,2025-12,ABSTENTION,,,,,,,,,,
2326,b10ac779b8178a04d7d370fe10c62f4cbfe75128d4f30dbadb1b85c0b91fe79f,2025-12-06T17:00:00Z,UNCERTAIN,False,,89667.2,DOWN,DOWN,-0.000061337925127582884265372399271974590485707148210271,,2025-12,ABSTENTION,,,,,,,,,,
2327,92475fe0c56b3c6d226f8bf60ee41068c47d767244590373f35de9d9b6a2740e,2025-12-06T18:00:00Z,BALANCED,False,,89661.7,DOWN,DOWN,-0.00054315276199313642279814012002895327659413105038160,,2025-12,ABSTENTION,,,,,,,,,,
2328,326ee1d341ad293139a2726412689ae673afdb9f79689b9e49b942451e400438,2025-12-06T19:00:00Z,UNCERTAIN,False,,89613,DOWN,DOWN,-0.0028187874527133340028790465669043553948645843794985,,2025-12,ABSTENTION,,,,,,,,,,
2329,36e86bbcdd2f6f19a37e6369e06e37e34690386e2b9c51dd989bcdea4d4b3141,2025-12-06T20:00:00Z,UNCERTAIN,False,,89360.4,DOWN,UP,0.0016304761393189824575539053092868877041732131906303,,2025-12,ABSTENTION,,,,,,,,,,
2330,13f22dcd807eca9bf620e44d79d6649d901ba2431418c5b7de9286cde0128560,2025-12-06T21:00:00Z,BALANCED,False,,89506.1,UP,DOWN,-0.0014300701292984500497731439533171482167137211877179,,2025-12,ABSTENTION,,,,,,,,,,
2331,c416ba652c68d9ecf3477e7f926dd4e8de44a7df4a4efc2f5cd3ce4c35a5c009,2025-12-06T22:00:00Z,BALANCED,False,,89378.1,DOWN,DOWN,-0.0014701587972892688477378686725271626942170397446354,,2025-12,ABSTENTION,,,,,,,,,,
2332,8317113d41af0bc3ce958c2200a814d204cb4cc8989e26c3ef220c0f8fbd3047,2025-12-06T23:00:00Z,UNCERTAIN,False,,89246.7,DOWN,DOWN,-0.00067117327587462617665415079773257722694508592474568,,2025-12,ABSTENTION,,,,,,,,,,
2333,bd8fdb8c4e85606d07fd082139e3e96b57b9998867bdc1f2dbb5ce170be8d128,2025-12-07T00:00:00Z,UNCERTAIN,False,,89186.8,DOWN,UP,0.0017805325451748465019487188687115133629640260666377,,2025-12,ABSTENTION,,,,,,,,,,
2334,14aea35985a54e60b6954510bb760e6c6dfe6336eb4be5bee712445c5bef8909,2025-12-07T01:00:00Z,UNCERTAIN,False,,89345.6,UP,DOWN,-0.0011763310112641249261295463906448666750237280850988,,2025-12,ABSTENTION,,,,,,,,,,
2335,c84cdd78a89d30f37706fd9f0f0350dbf2f444a38d5d49ea4bab235bfe7e74b7,2025-12-07T02:00:00Z,UNCERTAIN,False,,89240.5,DOWN,UP,0.0036989931701413595844935875527367058678514799894667,,2025-12,ABSTENTION,,,,,,,,,,
2336,8ed44fa8fd6652ca7675c559cc0a653e3cc3b10fdb83bdf8f76b3bfd5c8b78c9,2025-12-07T03:00:00Z,BALANCED,False,,89570.6,UP,UP,0.0011175541974710451867018865565263602119445443035996,,2025-12,ABSTENTION,,,,,,,,,,
2337,d7a4b090b994985ca6fd039c2e0802cd208ca6a6f82ea60caa7b4eb88295ed83,2025-12-07T04:00:00Z,UNCERTAIN,False,,89670.7,UP,DOWN,-0.0019984231192574609097508996807206813373822218405789,,2025-12,ABSTENTION,,,,,,,,,,
2338,6b647d173d037e8515bc6d9f4b7951c9fa250ea586e04b3a3e80a802f47c6629,2025-12-07T05:00:00Z,BALANCED,False,,89491.5,DOWN,DOWN,-0.00020784096813663867518144181290960594022896029231826,,2025-12,ABSTENTION,,,,,,,,,,
2339,a4907ed888eeb10601eda26e26c92d508aa46c2cf4398f2859386dd4416b3ab5,2025-12-07T06:00:00Z,UNCERTAIN,False,,89472.9,DOWN,UP,0.0022029016607263204836324741905090815207733291309436,,2025-12,ABSTENTION,,,,,,,,,,
2340,31e231827ced9aace9ee3d45dd2da02d5720f1d74910b0f8ea0c1ae38d1028a8,2025-12-07T07:00:00Z,UNCERTAIN,False,,89670,UP,DOWN,-0.0036801605888256942121110739377718300434928069588491,,2025-12,ABSTENTION,,,,,,,,,,
2341,f8664654113c0bd3fd1e142990f51491f182b93a97b96485b0b95693c8485e1d,2025-12-07T08:00:00Z,UNCERTAIN,False,,89340,DOWN,DOWN,-0.00071300649205283187821804342959480635773449742556526,,2025-12,ABSTENTION,,,,,,,,,,
2342,99a47abb462aca8762db8dacfd130ef96c9cfb1f3b6533c0fb4ab879077bfdd5,2025-12-07T09:00:00Z,BALANCED,False,,89276.3,DOWN,DOWN,-0.0023108036511369758827370757972720643664668002594194,,2025-12,ABSTENTION,,,,,,,,,,
2343,f464335e763872444b42ef74056a50b3d47860de21aed162741a431c58ed6d74,2025-12-07T10:00:00Z,UNCERTAIN,False,,89070,DOWN,UP,0.0015055574267430111148534860222297069720444594139441,,2025-12,ABSTENTION,,,,,,,,,,
2344,2d603a0aa663b93d32ce24b82bfde67e7f39acf129a46dfd0a84889cf3cd475e,2025-12-07T11:00:00Z,UNCERTAIN,False,,89204.1,UP,DOWN,-0.00099771198857451619376239432940862583670481513742081,,2025-12,ABSTENTION,,,,,,,,,,
2345,be9f2762727c7ced9181caa3601b652f263e093b678a51daecb2feb77bfc45d2,2025-12-07T12:00:00Z,UNCERTAIN,False,,89115.1,DOWN,UP,0.0036110603029116277712755750708914650827974159261450,,2025-12,ABSTENTION,,,,,,,,,,
2346,5b469da86e4ac48bafede8fdb94f4c9d504630b9af9f44889ed647b8f681c6cc,2025-12-07T13:00:00Z,UNCERTAIN,False,,89436.9,UP,DOWN,-0.0047731976399003096037541551641436588253841535205268,,2025-12,ABSTENTION,,,,,,,,,,
2347,5db12c4a79043e79b5aa88680d95821d0a4868d137ba0256e37ad555221699f1,2025-12-07T14:00:00Z,UNCERTAIN,False,,89010,DOWN,DOWN,-0.0093966970003370407819346140883046848668688911358274,,2025-12,ABSTENTION,,,,,,,,,,
2348,3f86dcbef5eafc60f95f8623520270d533a0a17ff61f28db91e3c169e6846ea5,2025-12-07T15:00:00Z,UNCERTAIN,False,,88173.6,DOWN,UP,0.015092952992732518576989030730286616402188410136367,,2025-12,ABSTENTION,,,,,,,,,,
2349,f5bf56029a95c3fe4ab238909375ab8a88afb884e59327f7c3285b9a8eb671c6,2025-12-07T16:00:00Z,UNCERTAIN,False,,89504.4,UP,UP,0.0040288522128521055948087468325579524582031721345543,,2025-12,ABSTENTION,,,,,,,,,,
2350,2b58d3fec286397630a140f8ab7c85507978c46e66717f0c11a9b28464f9bb25,2025-12-07T17:00:00Z,UNCERTAIN,False,,89865,UP,UP,0.011609636677238079341234073332220553051799922105380,,2025-12,ABSTENTION,,,,,,,,,,
2351,d16197218e96cfecb2405ad6efcdc2fa8c54109aaf8bcbdf34a038d85e30e66a,2025-12-07T18:00:00Z,UNCERTAIN,False,,90908.3,UP,UP,0.0046508404623120221145923969538534985254371713033903,,2025-12,ABSTENTION,,,,,,,,,,
2352,f4b06f61d680740515f4ce135d6b5ac40fe3fda97960f8dcdebaffda64103ce3,2025-12-07T19:00:00Z,UNCERTAIN,False,,91331.1,UP,UP,0.00062300793486556058122589129004249373981042602136622,,2025-12,ABSTENTION,,,,,,,,,,
2353,d7fcc19795efc73952500d2ddb1a17b747833fc53484ff31b521c4b3bb8b917f,2025-12-07T20:00:00Z,UNCERTAIN,False,,91388,UP,UP,0.000021884711340657416728673348798529347397907821595833,,2025-12,ABSTENTION,,,,,,,,,,
2354,641c29bdb8c62cef36746adcecfa0f66ff073230cce81618f4b2f8639b3c03c1,2025-12-07T21:00:00Z,UNCERTAIN,False,,91390,UP,DOWN,-0.013143669985775248933143669985775248933143669985775,,2025-12,ABSTENTION,,,,,,,,,,
2355,b5000f955c93c7898f57b1ffaa23cbaf318cfc0472b7d6bf6753a052c29986b0,2025-12-07T22:00:00Z,UNCERTAIN,False,,90188.8,DOWN,DOWN,-0.0071294883621913142208345160374680669883621913142208,,2025-12,ABSTENTION,,,,,,,,,,
2356,aafad17566312061654ef3212127a8169f068d698d1c56026cd717ea6c27b604,2025-12-07T23:00:00Z,UNCERTAIN,False,,89545.8,DOWN,UP,0.0088200674961863091289597055361613833367952489117301,,2025-12,ABSTENTION,,,,,,,,,,
2357,2ff9602c7c05e6a829bdc3bc7a4a4ae7663432bd7a17489af3addc126a1c2429,2025-12-08T00:00:00Z,UNCERTAIN,False,,90335.6,UP,DOWN,-0.00034869973742356280359016821718126630032899543480090,,2025-12,ABSTENTION,,,,,,,,,,
2358,ed2a9c77c82f62cb2d0120c64e6c18c19bffb2ff0a46e53e873bba413bb27af1,2025-12-08T01:00:00Z,BALANCED,False,,90304.1,DOWN,UP,0.0063441194807323255533248213536262473132449135753526,,2025-12,ABSTENTION,,,,,,,,,,
2359,83651862943f959444d1234616ada2b7c63196c5260a014fceeb0d4ec3ad96e7,2025-12-08T02:00:00Z,UNCERTAIN,False,,90877,UP,UP,0.0048494118423803602671743125323239103403501436006910,,2025-12,ABSTENTION,,,,,,,,,,
2360,75d208019411a9bd9421a2a77a86bac1d3847b9fd573ecd7461f97ccc1b1c38e,2025-12-08T03:00:00Z,BALANCED,False,,91317.7,UP,DOWN,-0.0031220672443567895380632670336637913569877471727825,,2025-12,ABSTENTION,,,,,,,,,,
2361,7caca1aae1853dfcaacc88c056d4f634cde59fc0db9ca1d2a68154ebca84ad27,2025-12-08T04:00:00Z,BALANCED,False,,91032.6,DOWN,UP,0.0023837614217324343147399942438203456783613782315346,,2025-12,ABSTENTION,,,,,,,,,,
2362,84d35fb1760fb89262e5b4f3d9320440b922011340dd47b662bcae8cd32b4d35,2025-12-08T05:00:00Z,BALANCED,False,,91249.6,UP,UP,0.00045918009503603303466535743718328628289877435079167,,2025-12,ABSTENTION,,,,,,,,,,
2363,c9e7035a06e706c7ef3787e061b3384bf26e458519bb5efe1eb25792c6c600a5,2025-12-08T06:00:00Z,UNCERTAIN,False,,91291.5,UP,UP,0.0014502993159275507577375768828423237650821818022488,,2025-12,ABSTENTION,,,,,,,,,,
2364,3e7b482180a1324e4ba2f0d5becc9c4981ae94f25086cf594531261586401bf2,2025-12-08T07:00:00Z,UNCERTAIN,False,,91423.9,UP,UP,0.0010839616336647200567904016345835170015717990591082,,2025-12,ABSTENTION,,,,,,,,,,
2365,452fc1cfacccb4d9e2bdfceceb01206fa0283a075feb066b096a5c106cfdeb8e,2025-12-08T08:00:00Z,UNCERTAIN,False,,91523,UP,UP,0.0029446150148050216885373075620335871857347333457164,,2025-12,ABSTENTION,,,,,,,,,,
2366,2897e24a7a523480e79174bf7a7b3058f4e83e6e32af91da90c67e7eaa1d19f1,2025-12-08T09:00:00Z,UNCERTAIN,False,,91792.5,UP,UP,0.00082250728545360459732548955524688836233897104883297,,2025-12,ABSTENTION,,,,,,,,,,
2367,70b5624ec184156a80223a97cb8ebc213e82a80c94ddffde4824798bba162651,2025-12-08T10:00:00Z,UP,True,AL-2025-12-08T09:00:00+00:00-485e59a971d6,91868,UP,UP,0.0024165106457090608264031001001436844167718901031915,True,2025-12,PAIRED,True,True,BOTH,AL-2025-12-08T09:00:00+00:00-485e59a971d6,1,ACTIVATED_WITHIN_1H,2025-12-08T10:35:00Z,,INVALIDATED,2025-12-08T12:10:00Z
2368,974e15575af1fad291aaca84ad0fc4f1d6db812ed2929bd94c2d213164069a02,2025-12-08T11:00:00Z,UP,True,AL-2025-12-08T09:00:00+00:00-485e59a971d6,92090,UP,DOWN,-0.0018047562167444890867629492887392767944402215224237,True,2025-12,PAIRED,False,False,NEITHER,AL-2025-12-08T09:00:00+00:00-485e59a971d6,2,ALREADY_ACTIVE_AT_CUTOFF,2025-12-08T10:35:00Z,,INVALIDATED,2025-12-08T12:10:00Z
2369,f740ebad24f3cec273ab0c1c42e8db708cbb383f6e0ad7ea0917a95996ac5ef9,2025-12-08T12:00:00Z,UP,True,AL-2025-12-08T09:00:00+00:00-485e59a971d6,91923.8,DOWN,DOWN,-0.0020756322084161011620494365985740363213879321786088,True,2025-12,PAIRED,False,True,PERSISTENCE_ONLY,AL-2025-12-08T09:00:00+00:00-485e59a971d6,3,ALREADY_ACTIVE_AT_CUTOFF,2025-12-08T10:35:00Z,,INVALIDATED,2025-12-08T12:10:00Z
2370,9b78325a9cf5804b67d8934b15ecd610807d02d23c4305c21de5268c2a7a8de2,2025-12-08T13:00:00Z,UNCERTAIN,False,,91733,DOWN,DOWN,-0.0033532098590474529340586266665213173012983332061526,,2025-12,ABSTENTION,,,,,,,,,,
2371,f282bde0fdac66b443c8409b0662e96c066dbb07b4537b458a352a15f0df6cb3,2025-12-08T14:00:00Z,UNCERTAIN,False,,91425.4,DOWN,DOWN,-0.0067125765925005523629100884436928905971425883835346,,2025-12,ABSTENTION,,,,,,,,,,
2372,690a926f80f43d224d74f3fdeedb78a407a581bf99e8ae379ebcdbb6493a92d3,2025-12-08T15:00:00Z,UNCERTAIN,False,,90811.7,DOWN,DOWN,-0.0099260337599670527035613252477379016139990772114166,,2025-12,ABSTENTION,,,,,,,,,,
2373,3e2a867f06afe3bd5ec82f761a9c79cee55feb3350f4ddabfd4984b8ffcef3c7,2025-12-08T16:00:00Z,UNCERTAIN,False,,89910.3,DOWN,UP,0.00014792520990364841403042810445521814519582294798260,,2025-12,ABSTENTION,,,,,,,,,,
2374,a0258196525d75877b796df79f21c1b4c8c64234367708e030705d34bbb98e7d,2025-12-08T17:00:00Z,DOWN,True,AS-2025-12-08T15:45:00+00:00-0399dea7e896,89923.6,UP,UP,0.0031626847679585781708027703517207940963217664773207,True,2025-12,PAIRED,False,True,PERSISTENCE_ONLY,AS-2025-12-08T15:45:00+00:00-0399dea7e896,1,ALREADY_ACTIVE_AT_CUTOFF,2025-12-08T16:50:00Z,,STALLED,2025-12-08T18:50:00Z
2375,ac922d764bc2ec7e1e7e03c843ef35cfb0aa6cc7ee720db0a5953fabdd4c6da8,2025-12-08T18:00:00Z,DOWN,True,AS-2025-12-08T15:45:00+00:00-0399dea7e896,90208,UP,DOWN,-0.0038012149698474636395885065626108549130897481376375,True,2025-12,PAIRED,True,False,MV_ONLY,AS-2025-12-08T15:45:00+00:00-0399dea7e896,2,ALREADY_ACTIVE_AT_CUTOFF,2025-12-08T16:50:00Z,,STALLED,2025-12-08T18:50:00Z
2376,22981942fe074713da784d691b3c953cb1b9d5e5f3755065ac0b5a3dafcb149e,2025-12-08T19:00:00Z,UNCERTAIN,False,,89865.1,DOWN,UP,0.0023501893393542098100374895259672553638731832491145,,2025-12,ABSTENTION,,,,,,,,,,
2377,072347b966ce44de1812f561c96a5d9fd856debfeeb7eb0420c6d6ef4e5a2c08,2025-12-08T20:00:00Z,UNCERTAIN,False,,90076.3,UP,UP,0.0073804097193157356596574237618552271796243851046280,,2025-12,ABSTENTION,,,,,,,,,,
2378,8746eb9f29c71c9ff1663c12de80d190d9982d15dec9a0e3276feca20b3a5cfd,2025-12-08T21:00:00Z,UNCERTAIN,False,,90741.1,UP,UP,0.0056865080983148760594702951584232503242742263428590,,2025-12,ABSTENTION,,,,,,,,,,
2379,8a2c3ba15d9c52f374c65dcfa5ff3a0de7c44290359a78235d918ad34dce7bd2,2025-12-08T22:00:00Z,UNCERTAIN,False,,91257.1,UP,DOWN,-0.0051239848735057327046333929086065632153552983822629,,2025-12,ABSTENTION,,,,,,,,,,
2380,dedf6f476f632d16225293b55394c2d9253e867fdafbf9d72e61330ab19c2d20,2025-12-08T23:00:00Z,BALANCED,False,,90789.5,DOWN,DOWN,-0.0020354776708760374272355283375280181078208383128005,,2025-12,ABSTENTION,,,,,,,,,,
2381,8438d21b3457d83e1af02c49129827a6d4df98c3440459e40d8461ce16ecf69c,2025-12-09T00:00:00Z,UNCERTAIN,False,,90604.7,DOWN,DOWN,-0.0028144235343199635339005592425117019315775009464189,,2025-12,ABSTENTION,,,,,,,,,,
2382,01677c3e4e4b4e3e344bf64232c4db75ab11d0068d715b3413c031d298357e88,2025-12-09T01:00:00Z,UNCERTAIN,False,,90349.7,DOWN,DOWN,-0.0037310583211676408444078951009245188417891813697223,,2025-12,ABSTENTION,,,,,,,,,,
2383,f38734d77b9a4772dd470fdd372953f5aa21ed4630c259014e7bf1dcae06614e,2025-12-09T02:00:00Z,UNCERTAIN,False,,90012.6,DOWN,UP,0.00013998040274361589377487151798748175255464235007099,,2025-12,ABSTENTION,,,,,,,,,,
2384,3800d62d6e102799eedd727c4e016f8dd9887893dface50e454a26ab1e731932,2025-12-09T03:00:00Z,BALANCED,False,,90025.2,UP,UP,0.0037789418962690446674931019314591914264006078298077,,2025-12,ABSTENTION,,,,,,,,,,
2385,4a7b2fea279c2500d7c4196a9eb58f5b5730dca4aaf2a66e86c9478c1bbece13,2025-12-09T04:00:00Z,BALANCED,False,,90365.4,UP,DOWN,-0.0053892308339253740922963877767375566311884858585255,,2025-12,ABSTENTION,,,,,,,,,,
2386,bb0a7eca54305562b7c2c59ca0449142d7fc07b0ffa16149c7cf06ce8c33f87b,2025-12-09T05:00:00Z,BALANCED,False,,89878.4,DOWN,DOWN,-0.00022808594723537579663189375867839213871185957916474,,2025-12,ABSTENTION,,,,,,,,,,
2387,ae6a1e8d656e26f54f6cf9de9b8fa6cb26565eb42662fdb7b61d11ef133b736b,2025-12-09T06:00:00Z,UNCERTAIN,False,,89857.9,DOWN,UP,0.0030225500484654103868441172117309663368496259093524,,2025-12,ABSTENTION,,,,,,,,,,
2388,140deb192076abaaa5b49b1e8de9cd4fe9dd1109bb585b5ae8845d4fac6a3a23,2025-12-09T07:00:00Z,UNCERTAIN,False,,90129.5,UP,UP,0.0035548849155936735475066432189238817479293682978381,,2025-12,ABSTENTION,,,,,,,,,,
2389,bb851ec674fdb135111e7301cece7f764c7fd2000000313eb213b13c1fdd46de,2025-12-09T08:00:00Z,UNCERTAIN,False,,90449.9,UP,UP,0.00010613610407529472116608199677390466987802087122263,,2025-12,ABSTENTION,,,,,,,,,,
2390,60ce59da90c1b0dbdf77187ba90d61256fd9a30257b137d2087c68dc89f9c33b,2025-12-09T09:00:00Z,UNCERTAIN,False,,90459.5,UP,DOWN,-0.0039277245618204831996639380054057340577827646626391,,2025-12,ABSTENTION,,,,,,,,,,
2391,d30b627a293d7c4e16f525a7afb8d3a60db2da46f8b24d771575c7c91ba06aa2,2025-12-09T10:00:00Z,UNCERTAIN,False,,90104.2,DOWN,UP,0.0017579646675737645969888196110725138228850597419432,,2025-12,ABSTENTION,,,,,,,,,,
2392,9de5e74ef13e9f823f6eaf926a1b4b332c9894c4a3b9aed920d31d712b41097e,2025-12-09T11:00:00Z,BALANCED,False,,90262.6,UP,UP,0.00084531134711386554342551621601859463387936975004044,,2025-12,ABSTENTION,,,,,,,,,,
2393,bb05e80aac3ddd5271d11431b8835ba1e1ee46d9bd15ba7222f22e6a24494452,2025-12-09T12:00:00Z,BALANCED,False,,90338.9,UP,UP,0.0020268123698650304575326907899033528192174135394609,,2025-12,ABSTENTION,,,,,,,,,,
2394,1b57d1b1442508c003b3f64452bd6676808844bacce22864dcf40904ba6deb43,2025-12-09T13:00:00Z,UNCERTAIN,False,,90522,UP,DOWN,-0.0016018205519100329201741013234351870263582333576368,,2025-12,ABSTENTION,,,,,,,,,,
2395,82c023eb4cd66a737ea12c07030100a72b2e77401f0f2f78114a7d3e61e62b45,2025-12-09T14:00:00Z,UNCERTAIN,False,,90377,DOWN,DOWN,-0.00074133905750356838576186419111057016718855461013311,,2025-12,ABSTENTION,,,,,,,,,,
2396,14e475c660505e1484ad8325b19acf48b6a0aa5507091cca03af6dcb386e40c7,2025-12-09T15:00:00Z,BALANCED,False,,90310,DOWN,UP,0.026192005315026021481563503487985826597276049163991,,2025-12,ABSTENTION,,,,,,,,,,
2397,dd4084694600ff55cb89a7a2aa029fd5b708fef8d0d16e0220c778d1372748b9,2025-12-09T16:00:00Z,UNCERTAIN,False,,92675.4,UP,UP,0.015911450071971634327987793956109172444899077856691,,2025-12,ABSTENTION,,,,,,,,,,
2398,4bc403087298d1f524aee7cd61d5015085953b3d1e6652113e20705fd0404364,2025-12-09T17:00:00Z,UNCERTAIN,False,,94150,UP,DOWN,-0.0028528943175783324482209240573552841210833775889538,,2025-12,ABSTENTION,,,,,,,,,,
2399,2eafc4546e8534ffb976614bc182929e331a66ebd72bebc4c3771c58a23b4d44,2025-12-09T18:00:00Z,UNCERTAIN,False,,93881.4,DOWN,UP,0.000078822855219457741363038898013877083213501289925374,,2025-12,ABSTENTION,,,,,,,,,,
2400,07eea7c04ea1c4aed7c3e7bc2872c4af7f57f00774dfca9fff485b1c0eb5ea58,2025-12-09T19:00:00Z,UNCERTAIN,False,,93888.8,UP,DOWN,-0.0013515989127563671066197459121854789921694600420923,,2025-12,ABSTENTION,,,,,,,,,,
2401,1ca995b137230941e752ca6626d1f7a851600e55882f29ca89539634e105a15e,2025-12-09T20:00:00Z,UNCERTAIN,False,,93761.9,DOWN,DOWN,-0.0074411887984351852938133719559863867946362008449061,,2025-12,ABSTENTION,,,,,,,,,,
2402,490daa681c43654c56b9dfcc3dd8d43bc9314ea85ed65c11f01d08b8e21881f6,2025-12-09T21:00:00Z,UNCERTAIN,False,,93064.2,DOWN,DOWN,-0.0050814384048860893877559792057525879983925075378072,,2025-12,ABSTENTION,,,,,,,,,,
2403,c9d3b69a59f4c572c6349eea94268cad911500697d6727dedc88b6b0da83c6b6,2025-12-09T22:00:00Z,UNCERTAIN,False,,92591.3,DOWN,UP,0.0024267938780425374738231345709586105822037275640368,,2025-12,ABSTENTION,,,,,,,,,,
2404,64f0b0e4fbf054735b5bd916a3a53120c46cf552fe5b162d53b32df8ebc72573,2025-12-09T23:00:00Z,UNCERTAIN,False,,92816,UP,DOWN,-0.0020265902430615411136011032580589553525254266505775,,2025-12,ABSTENTION,,,,,,,,,,
2405,8e2e516ff27413b71a6c07f0aef510915cfbf9867028b054a5ab90d3bf21e10c,2025-12-10T00:00:00Z,BALANCED,False,,92627.9,DOWN,DOWN,-0.0059031889959720559356306253299491837772420620568965,,2025-12,ABSTENTION,,,,,,,,,,
2406,86c382ee568c36fe8effbc2cf58717131f5ebca90a7369339e38f383a720060b,2025-12-10T01:00:00Z,UNCERTAIN,False,,92081.1,DOWN,UP,0.0020058405036429842823337253790408672355130423072704,,2025-12,ABSTENTION,,,,,,,,,,
2407,485a86167d5e644df32d97a786f96623c7bda5910d46a813960a7fd0267003e5,2025-12-10T02:00:00Z,UNCERTAIN,False,,92265.8,UP,UP,0.0021253812355173856401830364013534809214248399732078,,2025-12,ABSTENTION,,,,,,,,,,
2408,7130290e7b8b700f33d743d9592db0579c31f4c6388c691c27257fcd0c0b7502,2025-12-10T03:00:00Z,UNCERTAIN,False,,92461.9,UP,DOWN,-0.00097878153055474741488115645471269787880197140660099,,2025-12,ABSTENTION,,,,,,,,,,
2409,7bfb2f0ea9748fe815e2d1f72d06b9380d7f741ada676bfe40da6666e0803b28,2025-12-10T04:00:00Z,UNCERTAIN,False,,92371.4,DOWN,UP,0.0014690694305813271207321746774434511114912191435877,,2025-12,ABSTENTION,,,,,,,,,,
2410,75983d1a3d5406a624d8b3e4107f57d8b7b43577057a6e203620bda555232c1a,2025-12-10T05:00:00Z,UNCERTAIN,False,,92507.1,UP,DOWN,-0.000076750865609234318230708778028929671344145476401271,,2025-12,ABSTENTION,,,,,,,,,,
2411,296ccb542c1c4398458502fb04f7407468eac0322b7d1544febc9ee6ea80b6e4,2025-12-10T06:00:00Z,BALANCED,False,,92500,DOWN,UP,0.0015978378378378378378378378378378378378378378378378,,2025-12,ABSTENTION,,,,,,,,,,
2412,98ed2dc8277e082e1e006329a7d7b1620e1a976111d7ce1febb29aaf841a66d8,2025-12-10T07:00:00Z,UNCERTAIN,False,,92647.8,UP,UP,0.0010890706525141449662053497222815868266704660013514,,2025-12,ABSTENTION,,,,,,,,,,
2413,0cec83054b702b71ec12dfdee4d2b12b44b117d736feb76274de5928332df7e9,2025-12-10T08:00:00Z,UNCERTAIN,False,,92748.7,UP,DOWN,-0.0018976007210882740135441251467675557716711932350534,,2025-12,ABSTENTION,,,,,,,,,,
2414,57ef046f10dcd2e743acb258a717a03462feb114e1916f1f836a45988ef0017a,2025-12-10T09:00:00Z,UNCERTAIN,False,,92572.7,DOWN,UP,0.0032623008727194950563178993374936671394482390596796,,2025-12,ABSTENTION,,,,,,,,,,
2415,11c39e6629653310e7c7ea0a26d83a51b8739de2c87294cca58e5978fdf30ffd,2025-12-10T10:00:00Z,UNCERTAIN,False,,92874.7,UP,DOWN,-0.0068770074089068389992107646108143552549833269986336,,2025-12,ABSTENTION,,,,,,,,,,
2416,6f89fc0c15270ad0561336e4c6facc1927d09a077bd76f41c0da95af282629a6,2025-12-10T11:00:00Z,BALANCED,False,,92236,DOWN,DOWN,-0.0016446940457088338609653497549763649767986469491305,,2025-12,ABSTENTION,,,,,,,,,,
2417,6e0cd87d9b158b319745e9f23dc7cae5f44f17c77759057f60af4c27ffee4b72,2025-12-10T12:00:00Z,UNCERTAIN,False,,92084.3,DOWN,DOWN,-0.0014247814231090424752102149877883634886728790901381,,2025-12,ABSTENTION,,,,,,,,,,
2418,931087c23bb35e344e73167021bec0aba2deb2d55c7e467072abee207698803e,2025-12-10T13:00:00Z,UNCERTAIN,False,,91953.1,DOWN,UP,0.0010276978155168232501133730129816178029886974990511,,2025-12,ABSTENTION,,,,,,,,,,
2419,26278d7658e2a59fb440d918466d207accf75883e6b831a583f62ba893757844,2025-12-10T14:00:00Z,UNCERTAIN,False,,92047.6,UP,DOWN,-0.0027703057983043555725515928715143034690746961354777,,2025-12,ABSTENTION,,,,,,,,,,
2420,9e59d0f6e7fd05efe6aeca2e90c41d52ecbb4162e9dce4ed77006fbe654a71b0,2025-12-10T15:00:00Z,UNCERTAIN,False,,91792.6,DOWN,UP,0.0024130485463969862494362290642165054699398426452677,,2025-12,ABSTENTION,,,,,,,,,,
2421,456fac4be5eafdd087cd95413d155157ffef2f6716d0ab4dfa3424ba00ac93a3,2025-12-10T16:00:00Z,UNCERTAIN,False,,92014.1,UP,UP,0.0012487216633102970088279948399212729353436049475026,,2025-12,ABSTENTION,,,,,,,,,,
2422,7b6dd624f8805df0abf183aa8a11ca0a8af7f7ac0d9640c9dc51acc257ef70e8,2025-12-10T17:00:00Z,BALANCED,False,,92129,UP,UP,0.0023629910234562407059666337418185370513084913545138,,2025-12,ABSTENTION,,,,,,,,,,
2423,fc9457562876f2d619da32f3a0d326b8d4488efb8d57d8c8109761c1a571e22e,2025-12-10T18:00:00Z,UNCERTAIN,False,,92346.7,UP,UP,0.0012929536193496898102476861652879853855091735817306,,2025-12,ABSTENTION,,,,,,,,,,
2424,0d5c8dbaa029e923ca2159984989be68eccba7e3800572321be9c778588b2ff5,2025-12-10T19:00:00Z,BALANCED,False,,92466.1,UP,UP,0.0048212263737737397813901527154275999528475841416476,,2025-12,ABSTENTION,,,,,,,,,,
2425,9850983489a00ff7f9db50cf4f168076421f3e8da024e3888d31452dae4a3550,2025-12-10T20:00:00Z,UNCERTAIN,False,,92911.9,UP,DOWN,-0.0053588399333131708640120372094424933727541897216611,,2025-12,ABSTENTION,,,,,,,,,,
2426,dff9ca9b9a1d72263d58b54be1debff7557f1ac257e13d06ef860403bce04da5,2025-12-10T21:00:00Z,BALANCED,False,,92414,DOWN,DOWN,-0.0011751466228060683446231090527409266994178371242452,,2025-12,ABSTENTION,,,,,,,,,,
2427,16500d42ed7eb846871fdec18c0076b04d0ea6a52d4bd35197ce0b88cd8c5cad,2025-12-10T22:00:00Z,UNCERTAIN,False,,92305.4,DOWN,UP,0.0017691272666604554013091325101240014127017487600942,,2025-12,ABSTENTION,,,,,,,,,,
2428,589ec0ebe9863c379fe987cbb69f4320903f7f8333f93b781a69c42e8dd58ed8,2025-12-10T23:00:00Z,UNCERTAIN,False,,92468.7,UP,DOWN,-0.0052882759247183100876296519795346966054459509001424,,2025-12,ABSTENTION,,,,,,,,,,
2429,bece8816ed99ca59ba561ac39c7abbef76ce7929de5de000c846351f4bc8f78c,2025-12-11T00:00:00Z,UNCERTAIN,False,,91979.7,DOWN,DOWN,-0.0069798009778244547438184729891486925919523547043532,,2025-12,ABSTENTION,,,,,,,,,,
2430,188fc5fc1417d2abad6336ef8cd376061a20fba18a79f7d2b2edf21e3777e2be,2025-12-11T01:00:00Z,UNCERTAIN,False,,91337.7,DOWN,DOWN,-0.0078018167744534841582391498800604788603172622038873,,2025-12,ABSTENTION,,,,,,,,,,
2431,adab266be03db1b0c34e7e922afe54bad57673683b70c06445f10756eb0eaf59,2025-12-11T02:00:00Z,UNCERTAIN,False,,90625.1,DOWN,DOWN,-0.0065268893496393383290059817865028562727103197679230,,2025-12,ABSTENTION,,,,,,,,,,
2432,fafe55da7934b4b40e4547765180dfb074d6bc251ae0e31bf6681cf1e8318dc6,2025-12-11T03:00:00Z,UNCERTAIN,False,,90033.6,DOWN,DOWN,-0.0022491603134829663592258890014394626006290984699046,,2025-12,ABSTENTION,,,,,,,,,,
2433,d60f17d68c53f561b0bb732122ac23f22340b59c625c8c8adcba19238952ce0b,2025-12-11T04:00:00Z,UNCERTAIN,False,,89831.1,DOWN,UP,0.0061871668052600936646662458769846968366189437733702,,2025-12,ABSTENTION,,,,,,,,,,
2434,48bf0eaacf8cafb62b1b9b4035bb6d9944d9bf0c12f781303fb6508332ab630a,2025-12-11T05:00:00Z,UNCERTAIN,False,,90386.9,UP,DOWN,-0.0015356207592029375938327346108783463090337205944667,,2025-12,ABSTENTION,,,,,,,,,,
2435,1f592162eb92504e5bf3840a8846c802932a391dce58e8b338a5122a1de85e94,2025-12-11T06:00:00Z,UNCERTAIN,False,,90248.1,DOWN,DOWN,-0.000055402828425196763145152086304310007634509756992114,,2025-12,ABSTENTION,,,,,,,,,,
2436,243f38a205030dee56bb3f9e8553a918ac8c5542f13af953e4ebe56b5b08ff49,2025-12-11T07:00:00Z,UNCERTAIN,False,,90243.1,DOWN,DOWN,-0.00011967673982830820306483265756606322256216818792794,,2025-12,ABSTENTION,,,,,,,,,,
2437,82a70259c0dd0b7e31323d39dd1f20fd22dc19a01f5c31abe16cb47d1175ed0f,2025-12-11T08:00:00Z,UNCERTAIN,False,,90232.3,DOWN,DOWN,-0.00096750276785585649484718886695784103918441622345878,,2025-12,ABSTENTION,,,,,,,,,,
2438,b7997586ee29ecd3ea65ef49d370f1a3738d6892f1f8270792a0354c85e1d533,2025-12-11T09:00:00Z,UNCERTAIN,False,,90145,DOWN,UP,0.00046702534805036330356647623273614731820955127849576,,2025-12,ABSTENTION,,,,,,,,,,
2439,208f307b0e4a91635f39644daa7931fe0c6d4acf5b391a42133c7633dbb48976,2025-12-11T10:00:00Z,UNCERTAIN,False,,90187.1,UP,UP,0.00096687885517995367408420938249483573593119193321440,,2025-12,ABSTENTION,,,,,,,,,,
2440,c20327ca73b7ad496d5f4408b26a10e114efd0565a764baea318064334847d1b,2025-12-11T11:00:00Z,BALANCED,False,,90274.3,UP,DOWN,-0.00088840345480385890557999342005421254997269433271706,,2025-12,ABSTENTION,,,,,,,,,,
2441,5f3999b14b2c093f0b20a560b5552d718b1ba752e9c8feb5ae0963cdfa7c3499,2025-12-11T12:00:00Z,BALANCED,False,,90194.1,DOWN,DOWN,-0.0022839631417132606234775888888519315564987066781530,,2025-12,ABSTENTION,,,,,,,,,,
2442,e7da6932d14c1acf9311b571e7c79a65a8f2691d5097046c53da41ddcef38c24,2025-12-11T13:00:00Z,UNCERTAIN,False,,89988.1,DOWN,UP,0.00079232698545696597661246320346801410408709596046588,,2025-12,ABSTENTION,,,,,,,,,,
2443,90c86eec25392d5f77a74876739cd1ab979bf79dc5b395b953200429578f52aa,2025-12-11T14:00:00Z,UNCERTAIN,False,,90059.4,UP,DOWN,-0.0062014625902459932000435268278491750999895624443423,,2025-12,ABSTENTION,,,,,,,,,,
2444,6aaa06d7e51b005b574012c3d58e9f6a304fb44081e8de19fb258e748b76cb9f,2025-12-11T15:00:00Z,UNCERTAIN,False,,89500.9,DOWN,UP,0.0036278964792532812519203717504516714357062331216781,,2025-12,ABSTENTION,,,,,,,,,,
2445,c3cabfdd67714489abd932300377d5ad9b51ce083fe27c4ac5ff4733647cde4f,2025-12-11T16:00:00Z,UNCERTAIN,False,,89825.6,UP,DOWN,-0.0014227569868723392885769758287169804599134322509396,,2025-12,ABSTENTION,,,,,,,,,,
2446,ffa5000ae8cc0093d235b6166c28a68f270866c882dff5f82386b362f36603b9,2025-12-11T17:00:00Z,UNCERTAIN,False,,89697.8,DOWN,UP,0.0024660582533796815529477869022428643734851913870797,,2025-12,ABSTENTION,,,,,,,,,,
2447,f0b85b5226c7824a710460267d1d8ee8212d1b91452fc02276563e5b0c16c295,2025-12-11T18:00:00Z,UNCERTAIN,False,,89919,UP,UP,0.0081562294954347801910608436481722439084064546981172,,2025-12,ABSTENTION,,,,,,,,,,
2448,ce8b5b9dd8bd6a629ee1414193d1c01d56a9613e675c7132e8146fc8f9b9f824,2025-12-11T19:00:00Z,UNCERTAIN,False,,90652.4,UP,UP,0.0014947204927834232739563431304631758232545415234456,,2025-12,ABSTENTION,,,,,,,,,,
2449,d6a2a5107977e8de671b0a57e44680b6ba2eb8e1fec46d71180f314c5cb3cbf4,2025-12-11T20:00:00Z,BALANCED,False,,90787.9,UP,UP,0.010443021592084407723936780121580078402518397275408,,2025-12,ABSTENTION,,,,,,,,,,
2450,05058bf79c6349045f671c0ef7a33d6c79a2666a9363ade2f824ca5f05822a67,2025-12-11T21:00:00Z,UNCERTAIN,False,,91736,UP,UP,0.011947327112583936513473445539373855411179907560827,,2025-12,ABSTENTION,,,,,,,,,,
2451,85068816c47d72b8c6c69222dff5d4a5a4cc8f38e2caa412b624441a83aa9436,2025-12-11T22:00:00Z,UNCERTAIN,False,,92832,UP,DOWN,-0.0053182092381937263012754222681833850396415029300241,,2025-12,ABSTENTION,,,,,,,,,,
2452,966c41f77b8ef513d0758c1268d37faa957e7abe949281e483bca7b8440648f8,2025-12-11T23:00:00Z,UNCERTAIN,False,,92338.3,DOWN,UP,0.0015334915197702361858513747816453194394958538331332,,2025-12,ABSTENTION,,,,,,,,,,
2453,8a63bf01a720d109586b7870d2073ea8c16c1467e8a4801d9623d1e0d9f955a2,2025-12-12T00:00:00Z,UNCERTAIN,False,,92479.9,UP,DOWN,-0.010051913983471002888195164570895946038003933827783,,2025-12,ABSTENTION,,,,,,,,,,
2454,321130a48d54ee00c58bc6ea846fc69353b3cc55cc95be375c94e921d34afc03,2025-12-12T01:00:00Z,UNCERTAIN,False,,91550.3,DOWN,UP,0.0063648071060389752955479119129047092144973855902165,,2025-12,ABSTENTION,,,,,,,,,,
2455,ded9b104ddc8e68327cdbc01b76522c437418f9f78652b7725bcf4e324fb8ff0,2025-12-12T02:00:00Z,UNCERTAIN,False,,92133,UP,UP,0.0044446615219302530038097098759402168604083227508059,,2025-12,ABSTENTION,,,,,,,,,,
2456,9ae314431f8600d6c82cacdac58644944626ee4b20ccee211021f75a96dfd340,2025-12-12T03:00:00Z,UNCERTAIN,False,,92542.5,UP,DOWN,-0.0033519734176189318421265904854526298727611637896102,,2025-12,ABSTENTION,,,,,,,,,,
2457,76f5aa320d1d7f80e072dfd201a9aa8ca035d9a3bcf03697ee75188d9ae0118f,2025-12-12T04:00:00Z,BALANCED,False,,92232.3,DOWN,UP,0.0013639473373210903338635163603206252039686747484341,,2025-12,ABSTENTION,,,,,,,,,,
2458,a3e78c3b7d63d42a0ecadf49f224e953f234ac44637c2a7cd2786263e219578e,2025-12-12T05:00:00Z,UNCERTAIN,False,,92358.1,UP,UP,0.00041144198505599400593992297372942925417478272073592,,2025-12,ABSTENTION,,,,,,,,,,
2459,dbefe74acac551b5d1c7b6b28c84be1bfbb790941e861d1836b8dc4c997d7af8,2025-12-12T06:00:00Z,BALANCED,False,,92396.1,UP,UP,0.00066128332256448053543385489214371602264597748173354,,2025-12,ABSTENTION,,,,,,,,,,
2460,14ed38c3da029547785fcca51911699748e897dd28fa5eb982ef33d46b3e2987,2025-12-12T07:00:00Z,UNCERTAIN,False,,92457.2,UP,DOWN,-0.00082957303487451491068299710568782095931955542672718,,2025-12,ABSTENTION,,,,,,,,,,
2461,48821e7bd40f3a221b0625a7577d86ff4f778be12ae344f1ea87d92da1d4e83e,2025-12-12T08:00:00Z,UNCERTAIN,False,,92380.5,DOWN,DOWN,-0.00082268444098050995610545515557937010516288610691650,,2025-12,ABSTENTION,,,,,,,,,,
2462,ee51b13466c501892e2b1a19299cb3dccd394f9a65e6726f577c1bce47fcb6a6,2025-12-12T09:00:00Z,UNCERTAIN,False,,92304.5,DOWN,UP,0.0018709813714390956020562377782231635510728079346077,,2025-12,ABSTENTION,,,,,,,,,,
2463,3fc4d46d57934078482e9fcb994376050e10be368ca4b7ec84db6d621c4ffedb,2025-12-12T10:00:00Z,UNCERTAIN,False,,92477.2,UP,DOWN,-0.00019356122373947308093238117071018586202869464040866,,2025-12,ABSTENTION,,,,,,,,,,
2464,1e9b86596e814754a8020bc71ea8535223945fb7fe98cf892085ebcec078487e,2025-12-12T11:00:00Z,UNCERTAIN,False,,92459.3,DOWN,DOWN,-0.00082522796516953946222824529279369409026458128062834,,2025-12,ABSTENTION,,,,,,,,,,
2465,328943e9d16fbf3a711f7c63d0e875fa7a1df11273ce16806d64d0e9cd924ac1,2025-12-12T12:00:00Z,BALANCED,False,,92383,DOWN,UP,0.000077936416873234253055215786454217767338146628708745,,2025-12,ABSTENTION,,,,,,,,,,
2466,f598755b79f0d309270b64c79dc51a9fbea6096973e7ca8a8b71d2a5e984e8ec,2025-12-12T13:00:00Z,BALANCED,False,,92390.2,UP,DOWN,-0.0013313100307175436355803970550989174176481921242729,,2025-12,ABSTENTION,,,,,,,,,,
2467,46ed343117f9bf71a46a9c611b6175a503e3a35ff97e5a704805e5677383714c,2025-12-12T14:00:00Z,BALANCED,False,,92267.2,DOWN,UP,0.0012821457679435378986248634400957219900463003104028,,2025-12,ABSTENTION,,,,,,,,,,
2468,1cb39848aa7d018219418519ca4ac0a237cb7639f1bd597b74919de95a4636fd,2025-12-12T15:00:00Z,BALANCED,False,,92385.5,UP,DOWN,-0.027215309761813271563178204371898187486131481671907,,2025-12,ABSTENTION,,,,,,,,,,
2469,5dbba7f5a10a620f2aaaaf0fb52def20439e704f38cd10e463ce72e869ec11de,2025-12-12T16:00:00Z,UNCERTAIN,False,,89871.2,DOWN,UP,0.0012328754929276564683680645190005251960583590738746,,2025-12,ABSTENTION,,,,,,,,,,
2470,377cbf536f59b57a25d13c497ac53c1cca4dc8a1ff48ec0423a60b935e7ef08e,2025-12-12T17:00:00Z,UNCERTAIN,False,,89982,UP,UP,0.00056233468916005423306883598942010624347091640550332,,2025-12,ABSTENTION,,,,,,,,,,
2471,112bd743e851329b787746a7a5d8309c27ef7e1d028a55d448e1e7e7bc9a25fc,2025-12-12T18:00:00Z,UNCERTAIN,False,,90032.6,UP,UP,0.0031655200449614917263302403795958352863296183826747,,2025-12,ABSTENTION,,,,,,,,,,
2472,b19c17db2465d4875e66b94696169e45a5b3d4f2fae4f1ece738e0c4a43c2184,2025-12-12T19:00:00Z,UNCERTAIN,False,,90317.6,UP,DOWN,-0.0018944258926277934754687901361417929617261751862317,,2025-12,ABSTENTION,,,,,,,,,,
2473,1201473bbf77f147756d99dd4f0a5f3491683e26ce37d1c2a8a61a0a3c51646d,2025-12-12T20:00:00Z,UNCERTAIN,False,,90146.5,DOWN,UP,0.00012202359492603706189369526271125334871570166340346,,2025-12,ABSTENTION,,,,,,,,,,
2474,ed600b5befa349440990c15917956cce9e3374b58dbd040f590a9ef07e5dc663,2025-12-12T21:00:00Z,UNCERTAIN,False,,90157.5,UP,DOWN,-0.00018523140060449768460749244377894240634445276321992,,2025-12,ABSTENTION,,,,,,,,,,
2475,f0fd6d073484b6a07f56a4ec95c9faa3325982f4af5d0b0791a106580834917d,2025-12-12T22:00:00Z,UNCERTAIN,False,,90140.8,DOWN,UP,0.0017206414853207426603713301856650928325464162732081,,2025-12,ABSTENTION,,,,,,,,,,
2476,e4f1e5d78269c118e7376d6eacb7d5dbec9390a6245b6dd55410bf5917274467,2025-12-12T23:00:00Z,UNCERTAIN,False,,90295.9,UP,DOWN,-0.00084389213685228232954098691081211882267079679143793,,2025-12,ABSTENTION,,,,,,,,,,
2477,36b5788adcaef5a9fb14c98fa0319f248df674ebc84f6ced8d61ad2b1b33548d,2025-12-13T00:00:00Z,BALANCED,False,,90219.7,DOWN,UP,0.00055752790133418754440549015348089164561620133961873,,2025-12,ABSTENTION,,,,,,,,,,
2478,7a33d5c97f4d81c114d2de99748be35625ba7fc1fc1ca88fd21888ba18f91d1a,2025-12-13T01:00:00Z,BALANCED,False,,90270,UP,DOWN,-0.00091392489199069458291791292788301761382519109338651,,2025-12,ABSTENTION,,,,,,,,,,
2479,3e9b31a48139e2e7e04dd5b6d80d7333b6ae799c2255ba0b2b9770d44c5a59fe,2025-12-13T02:00:00Z,BALANCED,False,,90187.5,DOWN,DOWN,-0.000027720027720027720027720027720027720027720027720028,,2025-12,ABSTENTION,,,,,,,,,,
2480,f0fabd300b606c68c13d4c82c43827a8fd1f235b26aa48fef7c4944be2d4950e,2025-12-13T03:00:00Z,BALANCED,False,,90185,DOWN,UP,0.0011809059156178965459888007983589288684371015135555,,2025-12,ABSTENTION,,,,,,,,,,
2481,c82307a3673b577bbda20bb925d080901299c13be6d5808978685070a9a16e95,2025-12-13T04:00:00Z,UNCERTAIN,False,,90291.5,UP,UP,0.00032339699750253346106776385374038530758709291572296,,2025-12,ABSTENTION,,,,,,,,,,
2482,876c8f323d3ecda6245ebbff28fd66165c3ad6cf1ae7f2e47a7f003cdaccee93,2025-12-13T05:00:00Z,UNCERTAIN,False,,90320.7,UP,DOWN,-0.00026239832065074783521385463133035948569929152453424,,2025-12,ABSTENTION,,,,,,,,,,
2483,2692026bfebaa1a307baf54a1cb24bd8e896e56a26aac55f60d8cf455c83ceb3,2025-12-13T06:00:00Z,UNCERTAIN,False,,90297,DOWN,UP,0.000075307042315913042515255213351495620009524125939954,,2025-12,ABSTENTION,,,,,,,,,,
2484,7e743c25ad9126212fdacfcbb2516b06afc215e21881e22870f703ecb409935a,2025-12-13T07:00:00Z,BALANCED,False,,90303.8,UP,DOWN,-0.00017828707097597221822337487458999510541084649815401,,2025-12,ABSTENTION,,,,,,,,,,
2485,14435e7a793190a6e5cb4a37454140441914fdf12bbeb2df807523786e1421dd,2025-12-13T08:00:00Z,BALANCED,False,,90287.7,DOWN,UP,0.0014431644620474328175377155470789487383109770212332,,2025-12,ABSTENTION,,,,,,,,,,
2486,796d9e30a29db98ce38c481432d5190a6943cda40808e5856b4bf0ba4503f15f,2025-12-13T09:00:00Z,UNCERTAIN,False,,90418,UP,DOWN,-0.00037603132119710677077573049614014908535910991174324,,2025-12,ABSTENTION,,,,,,,,,,
2487,0478dca3b3d6724efb8855c38509f24972db8081e2db715685042cb9b64f52fa,2025-12-13T10:00:00Z,UNCERTAIN,False,,90384,DOWN,UP,0.0018366082492476544521154186581695875376172773942291,,2025-12,ABSTENTION,,,,,,,,,,
2488,3cd5ffe502e3d9b6d93a3b36431c1e49fe05757779afb649ea7ac0da66fa3bdd,2025-12-13T11:00:00Z,UNCERTAIN,False,,90550,UP,DOWN,-0.0026570955273329652125897294312534511319712865819989,,2025-12,ABSTENTION,,,,,,,,,,
2489,fa186f3f559ca732cde080a3e1ebbc9f1414972280b8e5513e51c760373e03f6,2025-12-13T12:00:00Z,UNCERTAIN,False,,90309.4,DOWN,UP,0.00014062766445131957470650895698565154900818740906262,,2025-12,ABSTENTION,,,,,,,,,,
2490,f187e0a39d7e4098c13e4edfe6d662a0b99340f2ea5ea004b3d08616f9481f44,2025-12-13T13:00:00Z,BALANCED,False,,90322.1,UP,DOWN,-0.0010385055263329794147833143826372504625113897927528,,2025-12,ABSTENTION,,,,,,,,,,
2491,abbe37f4f96171154caa14fc5718633ec69d19b3710397433cd68998ec2418a8,2025-12-13T14:00:00Z,BALANCED,False,,90228.3,DOWN,DOWN,-0.0020215386968390183567683310003624140097951529619864,,2025-12,ABSTENTION,,,,,,,,,,
2492,7e566b890ba629f1ea87bd0a250783be8eee909891ba03acf9f4d035463ee38c,2025-12-13T15:00:00Z,UNCERTAIN,False,,90045.9,DOWN,UP,0.00015436571792830101092887072037705214784904143331345,,2025-12,ABSTENTION,,,,,,,,,,
2493,8d0a02c23887b376c0f98239f03e824562d46e79b619e233eac476a6eab7848f,2025-12-13T16:00:00Z,BALANCED,False,,90059.8,UP,DOWN,-0.00016766637278785873386349958583074801409729979413678,,2025-12,ABSTENTION,,,,,,,,,,
2494,8cee661c8f655c95ddbc760bed777961261221325f79063a9deff375fed0afeb,2025-12-13T17:00:00Z,UNCERTAIN,False,,90044.7,DOWN,DOWN,-0.00034760513389461012141747376580742675582238599273472,,2025-12,ABSTENTION,,,,,,,,,,
2495,b10f51c2cc10fd4c8cfeff59e812f024044c8082c1f86f34189582f18da0a18d,2025-12-13T18:00:00Z,UNCERTAIN,False,,90013.4,DOWN,UP,0.00082765454921156183412691888096661163782281304783510,,2025-12,ABSTENTION,,,,,,,,,,
2496,e3660a329c2ab523556c18dbf99d166277eb6535204f7d20fe7a05ae84deccf3,2025-12-13T19:00:00Z,UNCERTAIN,False,,90087.9,UP,UP,0.00066268610989933165275247841275021395770131171888789,,2025-12,ABSTENTION,,,,,,,,,,
2497,7793606fc48d3f5225fb26999cb26430c9eb4ebd7e6cab222d69a91d2b2b5684,2025-12-13T20:00:00Z,BALANCED,False,,90147.6,UP,DOWN,-0.0010859967431190625152527632460542488097298208715484,,2025-12,ABSTENTION,,,,,,,,,,
2498,e2ab8d5c5edd5ec88a64c746627b134e741837d79a930af50e071c69b0aa0b83,2025-12-13T21:00:00Z,UNCERTAIN,False,,90049.7,DOWN,UP,0.00084397838082747638248656019953425719352757421734886,,2025-12,ABSTENTION,,,,,,,,,,
2499,1989eccd60cd7c279266ebe74587516409e921aba2b70956662072fc53cc69db,2025-12-13T22:00:00Z,BALANCED,False,,90125.7,UP,DOWN,-0.00041386641102371465630780121541358347286068235808432,,2025-12,ABSTENTION,,,,,,,,,,
2500,fa57bf3ac36f1737db69366f74c5266d1a20513de3c119d74f49f237d8708f37,2025-12-13T23:00:00Z,UNCERTAIN,False,,90088.4,DOWN,UP,0.0012842940933571913809103058773382588657363212133860,,2025-12,ABSTENTION,,,,,,,,,,
2501,8871ef75ed161b371c7b13f42a0caefc27be448229e80b50a4c18ee5d4159629,2025-12-14T00:00:00Z,UNCERTAIN,False,,90204.1,UP,UP,0.0011263346122848074533197493240329430702152119471288,,2025-12,ABSTENTION,,,,,,,,,,
2502,71492fcfdcc23c3f44e7ff167e9f3e19c3e144707f965aa9aaf0d6a8cee0c734,2025-12-14T01:00:00Z,UNCERTAIN,False,,90305.7,UP,DOWN,-0.00036210338882263245841624615057521286031778724930984,,2025-12,ABSTENTION,,,,,,,,,,
2503,f0520d4ca598f97a757bc6b218a75bfd34c781e8b0535c2f69d30ddeedf9dac6,2025-12-14T02:00:00Z,UNCERTAIN,False,,90273,DOWN,DOWN,-0.00014400762132642096750966512689286940724247560178569,,2025-12,ABSTENTION,,,,,,,,,,
2504,d22ba64cfe03045c3e611ecae288f18f64c6b893253b2d5f97206619cc3e779d,2025-12-14T03:00:00Z,BALANCED,False,,90260,DOWN,DOWN,-0.00028473299357411921116773764679813871039220031021493,,2025-12,ABSTENTION,,,,,,,,,,
2505,71ea2b8dab9c4308fdf5d8eb2faa573da03144d867c1d854790082b9b88c5c02,2025-12-14T04:00:00Z,UNCERTAIN,False,,90234.3,DOWN,DOWN,-0.00073253740539905556977778959885542415688934252274357,,2025-12,ABSTENTION,,,,,,,,,,
2506,2a819fdb0dfa8a47e7b60bee8ba8fc17eba1449d6de53e32dfcadb0dc04b3324,2025-12-14T05:00:00Z,UNCERTAIN,False,,90168.2,DOWN,DOWN,-0.000032162114803223309326347869869865429275509547711943,,2025-12,ABSTENTION,,,,,,,,,,
2507,b20585c1aa3f2ac976c66ef0a82d1deb5902be4124ed1a20028fdd343ae573b1,2025-12-14T06:00:00Z,BALANCED,False,,90165.3,DOWN,DOWN,-0.00065435372587902441404841995756682448791275579408043,,2025-12,ABSTENTION,,,,,,,,,,
2508,3a6a3ac4f2c790a48551deca0baec5bb8121c8f45121b036bef326cf8b487300,2025-12-14T07:00:00Z,BALANCED,False,,90106.3,DOWN,UP,0.0011774981327609723182507771376696191054343591957499,,2025-12,ABSTENTION,,,,,,,,,,
2509,be44f4a4f047efdb44593a569f803f736fd8bee3607126f13edc37c2edc24a52,2025-12-14T08:00:00Z,UNCERTAIN,False,,90212.4,UP,DOWN,-0.0014576710075333324465372831229409704209177452323627,,2025-12,ABSTENTION,,,,,,,,,,
2510,7eb8427f47dcb80ca32f9e9354cf3060a5b6275df6de70340761d37602c19aa6,2025-12-14T09:00:00Z,UNCERTAIN,False,,90080.9,DOWN,DOWN,-0.0010546075805192887726476977916517263926093100757208,,2025-12,ABSTENTION,,,,,,,,,,
2511,7d73c1c85574234d80b8c06ae200b90b5147d1e00f7e712190bb88aa7f283682,2025-12-14T10:00:00Z,UNCERTAIN,False,,89985.9,DOWN,DOWN,-0.0018780720090591970519825883832911600595204359794146,,2025-12,ABSTENTION,,,,,,,,,,
2512,5e0c1f3e8f853a35a0cbb22aea856f561a473f264fdc21df15eebb2903317e43,2025-12-14T11:00:00Z,UNCERTAIN,False,,89816.9,DOWN,DOWN,-0.0057305473691476771075376683007318221849117482344637,,2025-12,ABSTENTION,,,,,,,,,,
2513,fac53deb2551898fc10bc3eb21d9f9b982bbfe31ef8400d9bc085776ed2ff3b0,2025-12-14T12:00:00Z,UNCERTAIN,False,,89302.2,DOWN,UP,0.00070099056910132113206617530139235091632680941790908,,2025-12,ABSTENTION,,,,,,,,,,
2514,79a0a84e641750370ee47d589b7dcf2b07ede61fdd70216a2d8961c5b8d09607,2025-12-14T13:00:00Z,UNCERTAIN,False,,89364.8,UP,UP,0.00080456734642722861797933862102304262976026354895887,,2025-12,ABSTENTION,,,,,,,,,,
2515,87ade22ce017c7a8595032d9a1b311eeb1754dc6f70ea2204d5dfa159813f064,2025-12-14T14:00:00Z,UNCERTAIN,False,,89436.7,UP,DOWN,-0.0041414765974147078324669850296354852090920170355123,,2025-12,ABSTENTION,,,,,,,,,,
2516,dddb22b2c6caf59c561765cfc41282492fd72302dda8d413fed8423c06865418,2025-12-14T15:00:00Z,UNCERTAIN,False,,89066.3,DOWN,DOWN,-0.00094424041416338166062809390308118783423135349733850,,2025-12,ABSTENTION,,,,,,,,,,
2517,6117d5235947e790b8e88a1a02c4de9feaa3ba1cf55a68664325a32e4a83199a,2025-12-14T16:00:00Z,DOWN,True,AS-2025-12-14T15:15:00+00:00-df0b8b4a1bcb,88982.2,DOWN,DOWN,-0.0022364023366471047018392442533450510326784458015199,True,2025-12,PAIRED,True,True,BOTH,AS-2025-12-14T15:15:00+00:00-df0b8b4a1bcb,1,ACTIVATED_WITHIN_1H,2025-12-14T16:35:00Z,,DESTINATION_REACHED,2025-12-14T16:45:00Z
2518,f4e2f7e24a21343f8248db6d46f4564521aa1793c56bc9b7ef8ed8cda7c3ae63,2025-12-14T17:00:00Z,UNCERTAIN,False,,88783.2,DOWN,DOWN,-0.00028383748276700997486010866920768794096180358446193,,2025-12,ABSTENTION,,,,,,,,,,
2519,fd9736775a1d36b8f0b1054d1606858bf558b1203c26c654edb29dfe261a3242,2025-12-14T18:00:00Z,UNCERTAIN,False,,88758,DOWN,UP,0.0021541720182969422474593839428558552468509880799477,,2025-12,ABSTENTION,,,,,,,,,,
2520,e6ea6cfacd352e6773a7be2449e53747d6cca363d2e96802141fcb6d961ce7b4,2025-12-14T19:00:00Z,DOWN,True,AS-2025-12-14T17:45:00+00:00-8990973b2f90,88949.2,UP,DOWN,-0.0040090298732310127578438029796782882814010693744294,True,2025-12,PAIRED,True,False,MV_ONLY,AS-2025-12-14T17:45:00+00:00-8990973b2f90,1,ACTIVATED_WITHIN_1H,2025-12-14T19:11:00Z,,DESTINATION_REACHED,2025-12-14T20:11:00Z
2521,c4cf974a5519b6bde12484dfe3bccfd565aafe68037d4ec8eb732138bbea231b,2025-12-14T20:00:00Z,DOWN,True,AS-2025-12-14T17:45:00+00:00-8990973b2f90,88592.6,DOWN,DOWN,-0.00096057684276113354840020498326045290464440596618679,True,2025-12,PAIRED,True,True,BOTH,AS-2025-12-14T17:45:00+00:00-8990973b2f90,2,ALREADY_ACTIVE_AT_CUTOFF,2025-12-14T19:11:00Z,,DESTINATION_REACHED,2025-12-14T20:11:00Z
2522,8c0df16a1003e5415265b664cf128945b3beeee92fe1cf0513277e5f77bb0d7d,2025-12-14T21:00:00Z,UNCERTAIN,False,,88507.5,DOWN,DOWN,-0.0012563907013529926842357992260542891845323842612208,,2025-12,ABSTENTION,,,,,,,,,,
2523,280a11fd9bca0987eefba215b247011ae055b85b0dab9cd3acaa24e16dd37145,2025-12-14T22:00:00Z,UNCERTAIN,False,,88396.3,DOWN,DOWN,-0.00030883645582450849187126610502928289984988059454977,,2025-12,ABSTENTION,,,,,,,,,,
2524,b330949d9ad41ceee56e856f5501cc2a511a4000cfd7951d5b89ed885aeeee6d,2025-12-14T23:00:00Z,DOWN,True,AS-2025-12-14T22:30:00+00:00-7e1756b7045c,88369,DOWN,DOWN,-0.0028788376014213129038463714651065418868607769692992,False,2025-12,PAIRED,True,True,BOTH,AS-2025-12-14T22:30:00+00:00-7e1756b7045c,1,NOT_ACTIVATED_AT_1H,,,DESTINATION_REACHED,2025-12-14T23:12:00Z
2525,9d90c9892a6df4ddd9a07cde62b15b0695996e02ff2faeeceb0e17666e0cfbca,2025-12-15T00:00:00Z,UNCERTAIN,False,,88114.6,DOWN,UP,0.0032616615180685153198221407122088734443554189657560,,2025-12,ABSTENTION,,,,,,,,,,
2526,e2659d03a3128d962bd7d734c8501dc1b6e268c90783db7a16f201346fe42095,2025-12-15T01:00:00Z,UNCERTAIN,False,,88402,UP,UP,0.0089285310287097576977896427682631614669351372140902,,2025-12,ABSTENTION,,,,,,,,,,
2527,fd924640408444d9c27e1d82e0c44049c1858d3fed2d9150db8eb42e79e7685b,2025-12-15T02:00:00Z,UNCERTAIN,False,,89191.3,UP,UP,0.00084425274662439049548554623601180832659687660119317,,2025-12,ABSTENTION,,,,,,,,,,
2528,d0414787252259f4a519bcf0fdaf37babf985062931f7b03c9f18ab664446b32,2025-12-15T03:00:00Z,UNCERTAIN,False,,89266.6,UP,DOWN,-0.00034279338520790530836841551039246481886842335207121,,2025-12,ABSTENTION,,,,,,,,,,
2529,7863100371434228c8dede20bd064f1b4366ee5a26631d21e900d972f855cb1e,2025-12-15T04:00:00Z,UNCERTAIN,False,,89236,DOWN,UP,0.0044208615357030794746514859473754986776637231610561,,2025-12,ABSTENTION,,,,,,,,,,
2530,4c5368328b4bdd886a6e7cc9a1bd07df9d73e0225f3a55e223c90fe7409a207b,2025-12-15T05:00:00Z,UNCERTAIN,False,,89630.5,UP,DOWN,-0.00058127534711956309515176195603059226490982422278131,,2025-12,ABSTENTION,,,,,,,,,,
2531,6646fec050581988624de055dbd8328125c6e405cb2e8788699f03f3e7936991,2025-12-15T06:00:00Z,UP,True,AL-2025-12-15T05:15:00+00:00-cbccd4d47f12,89578.4,DOWN,UP,0.0012983040554419368955015941343002330919060845025140,True,2025-12,PAIRED,True,False,MV_ONLY,AL-2025-12-15T05:15:00+00:00-cbccd4d47f12,1,ACTIVATED_WITHIN_1H,2025-12-15T06:01:00Z,,INVALIDATED,2025-12-15T06:13:00Z
2532,c4c1bb01f93982caa903ec11cec4bc24237944679a5e01184a47cc8abfe5421f,2025-12-15T07:00:00Z,UNCERTAIN,False,,89694.7,UP,UP,0.00019845096755995616240424462091963070281744629281329,,2025-12,ABSTENTION,,,,,,,,,,
2533,9bb9190f63c23bb81c5d2aef420bfd8058a472a81a119b11821bf8dee9ecbfac,2025-12-15T08:00:00Z,UNCERTAIN,False,,89712.5,UP,UP,0.00012149923366309042775532952487111606520830430542009,,2025-12,ABSTENTION,,,,,,,,,,
2534,605f863ce56bbf674a29f88f319cf359f693e1ac1d4b603504ce6b8892e5ff8e,2025-12-15T09:00:00Z,UP,True,AL-2025-12-15T08:30:00+00:00-680f8711b72c,89723.4,UP,UP,0.0011245672812220669301430841898545975743228633778925,True,2025-12,PAIRED,True,True,BOTH,AL-2025-12-15T08:30:00+00:00-680f8711b72c,1,ACTIVATED_WITHIN_1H,2025-12-15T09:03:00Z,,DESTINATION_REACHED,2025-12-15T09:05:00Z
2535,ce6245697b88f05e6e5f762993c49b4f5f6cbe2b1a29864dc8d0a4b2c2923421,2025-12-15T10:00:00Z,UNCERTAIN,False,,89824.3,UP,DOWN,-0.00010464874204419071453938410875453524269045236088675,,2025-12,ABSTENTION,,,,,,,,,,
2536,16522b56ec792e558aad318d2b92daf9f416a99acfe5d2e7694286be8e698b54,2025-12-15T11:00:00Z,UNCERTAIN,False,,89814.9,DOWN,DOWN,-0.0023025132800904972337552009744485603168293902236711,,2025-12,ABSTENTION,,,,,,,,,,
2537,0b54297e629ee47b98f78970fd64e73613ca3f488752a4f1d90c0f338be5b286,2025-12-15T12:00:00Z,UNCERTAIN,False,,89608.1,DOWN,UP,0.00064726291484809966956112226461670317750292663274860,,2025-12,ABSTENTION,,,,,,,,,,
2538,69818ecc7844a11e23c66c87b6d97526f70233c28aec6662d22a74f574931df4,2025-12-15T13:00:00Z,UP,True,CL-2025-12-15T12:15:00+00:00-543c34b6c12e,89666.1,UP,DOWN,-0.0030379374144743665666288597362882962457383559673054,True,2025-12,PAIRED,False,False,NEITHER,box-2025-12-15T11:15:00+00:00-4caca48504c4,1,ALREADY_ACTIVE_AT_CUTOFF,2025-12-15T12:31:00Z,,INVALIDATED,2025-12-15T13:23:00Z
2539,d34d43922425340a213553b2770013a2c6078645705435e6c28bb2e71ed91bdb,2025-12-15T14:00:00Z,BALANCED,False,,89393.7,DOWN,DOWN,-0.015535770417825864686213905454187487485135977143803,,2025-12,ABSTENTION,,,,,,,,,,
2540,6f98422c535986a698766d90712910078a8534c21ffe792b8e65657325f9ffde,2025-12-15T15:00:00Z,UNCERTAIN,False,,88004.9,DOWN,DOWN,-0.011594808925412107734910215226652152323336541488031,,2025-12,ABSTENTION,,,,,,,,,,
2541,5db9be38136396d3baf9e27d64410f288e08227ca3fa34239b9545bfc708ae44,2025-12-15T16:00:00Z,UNCERTAIN,False,,86984.5,DOWN,DOWN,-0.0072898045054003874253458949582971678862326046594508,,2025-12,ABSTENTION,,,,,,,,,,
2542,5b2f75d75ba37e0e350fdfa17c5269560243215d691e485d0ff58d492b9ec8a9,2025-12-15T17:00:00Z,UNCERTAIN,False,,86350.4,DOWN,DOWN,-0.0072703774389001093220181956308251033000426170579407,,2025-12,ABSTENTION,,,,,,,,,,
2543,bdc74e647653c4d1bc826ce0fc14120d99fe1a1898bdb6a31bbd5cfc707f587d,2025-12-15T18:00:00Z,UNCERTAIN,False,,85722.6,DOWN,UP,0.0048166994468203250951324388201011168583314085200402,,2025-12,ABSTENTION,,,,,,,,,,
2544,eb9de61785c3c1f1c5ecfc56671a4b540ec5b84b822cd4b31158b7987cad2484,2025-12-15T19:00:00Z,UNCERTAIN,False,,86135.5,UP,DOWN,-0.00045393594975358591985882708058814310011551567007796,,2025-12,ABSTENTION,,,,,,,,,,
2545,3139c46acc28bf84b990aebf72d2e02f72014e043d599a4e767f45fab881420c,2025-12-15T20:00:00Z,UNCERTAIN,False,,86096.4,DOWN,DOWN,-0.0040443038268731329068346643994406270180867028121966,,2025-12,ABSTENTION,,,,,,,,,,
2546,bb5acfc9f5a6c0e6944c3daea69f78125fe9d5099653b96222486a3f4f1f0157,2025-12-15T21:00:00Z,UNCERTAIN,False,,85748.2,DOWN,UP,0.0052304304930016023659971871129656365964533366298068,,2025-12,ABSTENTION,,,,,,,,,,
2547,ee91bfd031c1f7f629b230535e958f7f25b6c5b28c63d7c71abd76717fba92a1,2025-12-15T22:00:00Z,UNCERTAIN,False,,86196.7,UP,UP,0.00038284528294006615102434315930888305468770846215690,,2025-12,ABSTENTION,,,,,,,,,,
2548,c3f1deb746483adc89ebc0b95f73dee4c07db2bc24f31baa4d4721f80772c0b1,2025-12-15T23:00:00Z,UNCERTAIN,False,,86229.7,UP,UP,0.0018694254995668545756276549727066196449715121356099,,2025-12,ABSTENTION,,,,,,,,,,
2549,817fa9e459a9ad20b25e2e40e2a6054da33374cf0a7a171c93474130fd6f00a5,2025-12-16T00:00:00Z,UNCERTAIN,False,,86390.9,UP,DOWN,-0.0066094924349671088042837845189713268411372031081977,,2025-12,ABSTENTION,,,,,,,,,,
2550,0876c52760c612c4154102fc4bd0ae5d987949cc800540aab7b2b5a2e3dd6b11,2025-12-16T01:00:00Z,UNCERTAIN,False,,85819.9,DOWN,UP,0.00029130772699572010687497888018979281029225156403119,,2025-12,ABSTENTION,,,,,,,,,,
2551,b74419d2e005664465eec07bef1554629588baafe9baa0d3f2d89f9241cbe61c,2025-12-16T02:00:00Z,UNCERTAIN,False,,85844.9,UP,UP,0.00058477556616642339847795267977480316244762356296064,,2025-12,ABSTENTION,,,,,,,,,,
2552,187199d8cf84a1af4d7e8fd1390298559fd20f5a3bad1ef9dac84aa8d0b8b7be,2025-12-16T03:00:00Z,BALANCED,False,,85895.1,UP,DOWN,-0.00076837910427952234760772151147155076366405068507982,,2025-12,ABSTENTION,,,,,,,,,,
2553,893d773fef3092220e822c7360d07f032cc205229b76bb1074b2a19d2e25dbe0,2025-12-16T04:00:00Z,UNCERTAIN,False,,85829.1,DOWN,DOWN,-0.00040429178448801164173922364326318230064162387814855,,2025-12,ABSTENTION,,,,,,,,,,
2554,d703bb347fc8c0679255fa66276c7f3d56e82b714d8c1eb7c1af74fcaaf0ffa1,2025-12-16T05:00:00Z,BALANCED,False,,85794.4,DOWN,UP,0.0022227557975811941105713193401900357132866480795949,,2025-12,ABSTENTION,,,,,,,,,,
2555,e5af8542dfbf020e878c1c2653bd3c89e9eaed53796a685145fc79c31f9f71df,2025-12-16T06:00:00Z,UNCERTAIN,False,,85985.1,UP,UP,0.0054776932282453587889064500710006733724796505441059,,2025-12,ABSTENTION,,,,,,,,,,
2556,5afedfa634c56e303c81a709bfb68af49ef160b677936748ce766da254f27795,2025-12-16T07:00:00Z,UNCERTAIN,False,,86456.1,UP,DOWN,-0.0056606763432539751388276824885693432852048611954506,,2025-12,ABSTENTION,,,,,,,,,,
2557,aa97ed148336dc88d9a99a96e8daa8db6fac1f0a2160aec4319eed59d073660c,2025-12-16T08:00:00Z,UNCERTAIN,False,,85966.7,DOWN,UP,0.0031291186005744084628117631594559288654793076854177,,2025-12,ABSTENTION,,,,,,,,,,
2558,3ec22caa691f78bd9613ae91d0b272467c326fbef67fbb434ab63510f7e80b07,2025-12-16T09:00:00Z,UNCERTAIN,False,,86235.7,UP,UP,0.00081752684792956977214773000045224889459933646969874,,2025-12,ABSTENTION,,,,,,,,,,
2559,3eca3d77caaecbf4f6487a203ae66661838f13fb89b0286706dbee2975d4c4c9,2025-12-16T10:00:00Z,UNCERTAIN,False,,86306.2,UP,UP,0.0072961154586808363709675550539822168048181938261678,,2025-12,ABSTENTION,,,,,,,,,,
2560,8399f59f0c8df4043e9cf71d65e9dd12e1ca8c037b043d887a7207a215d6b17e,2025-12-16T11:00:00Z,UNCERTAIN,False,,86935.9,UP,UP,0.0031505971641174704581191429547517193702486544684072,,2025-12,ABSTENTION,,,,,,,,,,
2561,74e713f451d0cb9a664665af50f432f138d1042760e7cd052ba9c237d54892a4,2025-12-16T12:00:00Z,UP,True,AL-2025-12-16T10:45:00+00:00-2dd66512e973,87209.8,UP,DOWN,-0.00055957014005306743049519664074450348470011397801623,True,2025-12,PAIRED,False,False,NEITHER,AL-2025-12-16T10:45:00+00:00-2dd66512e973,1,ALREADY_ACTIVE_AT_CUTOFF,2025-12-16T11:46:00Z,,DESTINATION_REACHED,2025-12-16T12:46:00Z
2562,41600913bd3900a37bdaaa7a24c028dae4e0076fb5db829b047a45c3a44285ef,2025-12-16T13:00:00Z,UNCERTAIN,False,,87161,DOWN,DOWN,-0.0085703468294305939583070409931047142644072463601840,,2025-12,ABSTENTION,,,,,,,,,,
2563,c64a7c2d3c9683ea7d6abc3889dab714588a9d74261642bb9451eeb383e34e61,2025-12-16T14:00:00Z,UNCERTAIN,False,,86414,DOWN,UP,0.0097889230911657833221468743490638091050061332654431,,2025-12,ABSTENTION,,,,,,,,,,
2564,536058668293f01fad81d05d16b9e7e105e46a258afe47bd7d6aefe14839bdb6,2025-12-16T15:00:00Z,BALANCED,False,,87259.9,UP,UP,0.0078111480760349255499949002921158516111065907707893,,2025-12,ABSTENTION,,,,,,,,,,
2565,2b0c683df6065fb9401d74b2b731c5b0a98f18b774da2e059bfc784e45fc7d54,2025-12-16T16:00:00Z,UNCERTAIN,False,,87941.5,UP,DOWN,-0.0045007192281232410181768562055457321060022856103205,,2025-12,ABSTENTION,,,,,,,,,,
2566,9b8778579a98aa6ade9bf3d038e83e1e822e31d82d406e77e531c95b9a7788b1,2025-12-16T17:00:00Z,UP,True,AL-2025-12-16T15:45:00+00:00-013cedacd30e,87545.7,DOWN,DOWN,-0.0052555408203943768797325282680931216496070052555408,False,2025-12,PAIRED,False,True,PERSISTENCE_ONLY,AL-2025-12-16T15:45:00+00:00-013cedacd30e,1,NOT_ACTIVATED_AT_1H,,,EXPIRED,2025-12-16T18:00:00Z
2567,f56fa983c2ecac8b3672a8d60688110bdadd07ce7f9e7dc0bacd266176b9e327,2025-12-16T18:00:00Z,UNCERTAIN,False,,87085.6,DOWN,UP,0.0076350165813865897461807692661013990832008965891031,,2025-12,ABSTENTION,,,,,,,,,,
2568,ab817f5aaa132fc77f84e930df5023e193ce19e0701d0001944dbb21b7883881,2025-12-16T19:00:00Z,UNCERTAIN,False,,87750.5,UP,DOWN,-0.0023726360533558213343513712172580213218158301092301,,2025-12,ABSTENTION,,,,,,,,,,
2569,6a981e36289fc74b1b5c1e16a285671cd4805da7a98a5871c331e35f6d6ac9e7,2025-12-16T20:00:00Z,BALANCED,False,,87542.3,DOWN,DOWN,-0.00015878038388299142243235555839862557872023010590309,,2025-12,ABSTENTION,,,,,,,,,,
2570,45af15f0d4dd4a032eb2b45ef864492d9d175c7ce933e376e4a203245a186bfa,2025-12-16T21:00:00Z,BALANCED,False,,87528.4,DOWN,UP,0.0021581566668646976295693740545925665269786720652954,,2025-12,ABSTENTION,,,,,,,,,,
2571,df15783d0ebdc15e718dadfa54ba7933262fd6241f7c56a63b0361d14e34601c,2025-12-16T22:00:00Z,UNCERTAIN,False,,87717.3,UP,UP,0.00042522968673226376096847486185735311050385727786879,,2025-12,ABSTENTION,,,,,,,,,,
2572,83f01f5739718aa67446cd21f40436ee2a8ba84d3173a6f1ae821aa7aafe2e35,2025-12-16T23:00:00Z,BALANCED,False,,87754.6,UP,UP,0.00081021393750299129618276420837198277925031850182213,,2025-12,ABSTENTION,,,,,,,,,,
2573,36a0b08d84edf733fa5a473b9e83a79c31bbe88d1d879e250099d73e0bdd4f5c,2025-12-17T00:00:00Z,BALANCED,False,,87825.7,UP,DOWN,-0.0037654126297883193643773975043751430389965579551316,,2025-12,ABSTENTION,,,,,,,,,,
2574,2ae0e1cd7a2a4bd328dee84a17a30fe984347dfbe1c0c6260b6a2ab104bd860b,2025-12-17T01:00:00Z,BALANCED,False,,87495,DOWN,UP,0.00024229955997485570604034516258071889822275558603349,,2025-12,ABSTENTION,,,,,,,,,,
2575,5a769b5be2423f84d4335f9f007ea71f243fbc987ef3672d418811e587491299,2025-12-17T02:00:00Z,UNCERTAIN,False,,87516.2,UP,DOWN,-0.00087069593972315982640928193865821413635418356829935,,2025-12,ABSTENTION,,,,,,,,,,
2576,3f9aa11f727f168e0b350de8a394ac13d326cdabb2b047a9c730163e902e7ab4,2025-12-17T03:00:00Z,UNCERTAIN,False,,87440,DOWN,DOWN,-0.0030295059469350411710887465690759377859103385178408,,2025-12,ABSTENTION,,,,,,,,,,
2577,7cc7439781b6cd2f599935d70294eb451c4af01490d0c777df3739980694f6ef,2025-12-17T04:00:00Z,UNCERTAIN,False,,87175.1,DOWN,DOWN,-0.0053237679107910401020474883309568902129163029351271,,2025-12,ABSTENTION,,,,,,,,,,
2578,308489097a2df61447bf3c59d36667e521f27ea91e0b0f0de1527319ca6d73bf,2025-12-17T05:00:00Z,UNCERTAIN,False,,86711,DOWN,DOWN,-0.0014265779428215566652443173299812019236313731821799,,2025-12,ABSTENTION,,,,,,,,,,
2579,0ed65c99adfe00574f4665510ec7d71ddc4b97630455d207426b6ab4a6d8b0bb,2025-12-17T06:00:00Z,UNCERTAIN,False,,86587.3,DOWN,UP,0.0017115674007620055135106418608733613359002994665499,,2025-12,ABSTENTION,,,,,,,,,,
2580,b23dab7019ba42b552d6c6cbcefe58df96c6b33afe5c4bb496d737257d2380c6,2025-12-17T07:00:00Z,UNCERTAIN,False,,86735.5,UP,UP,0.0030921594963999746355298580166137279429991180081973,,2025-12,ABSTENTION,,,,,,,,,,
2581,5f8dce12875a2e578339d586a4fec20d5f48191a1907aaae51e9af541f4abf29,2025-12-17T08:00:00Z,UNCERTAIN,False,,87003.7,UP,DOWN,-0.0074571541210316342868176870638834900124937215313831,,2025-12,ABSTENTION,,,,,,,,,,
2582,4d6dc5ab3c8067c14450b6dd21dc57882969605719b1418b2ea6288fc509be68,2025-12-17T09:00:00Z,UNCERTAIN,False,,86354.9,DOWN,UP,0.00022928635201939901499509581969291840995704933941212,,2025-12,ABSTENTION,,,,,,,,,,
2583,fb2da4474afb3a4c8e17d6df188ca17f77798cc4f7eccacf4681ac26546b8679,2025-12-17T10:00:00Z,UNCERTAIN,False,,86374.7,UP,UP,0.0023652759430712928670085105939586476132478607740461,,2025-12,ABSTENTION,,,,,,,,,,
2584,b0511803caa4016bd5cae501131de5fadae5c990390559b36b4f68858c717088,2025-12-17T11:00:00Z,UNCERTAIN,False,,86579,UP,UP,0.0040875962993335566361357835040829762413518289654535,,2025-12,ABSTENTION,,,,,,,,,,
2585,b6cde76f3e9fb64bb7a1e634bb97a54a98f2237e6af3be026df7d9968db39c2d,2025-12-17T12:00:00Z,UNCERTAIN,False,,86932.9,UP,UP,0.00054524811665088821378327422644361340758216969639803,,2025-12,ABSTENTION,,,,,,,,,,
2586,4e60bfa19a18cfd4cae62b893e32931fc239a4d2493b53d48c77d0bad1e06e6c,2025-12-17T13:00:00Z,BALANCED,False,,86980.3,UP,UP,0.0069349036505967443202656233652907612413385559718695,,2025-12,ABSTENTION,,,,,,,,,,
2587,187d25b24c493750f06ab45fa7c35857135213bb1811d228123306248be1317f,2025-12-17T14:00:00Z,UNCERTAIN,False,,87583.5,UP,UP,0.023503285436183756072776264935747029977107560213967,,2025-12,ABSTENTION,,,,,,,,,,
2588,c7af127b4e03b9accd88f7961efe66485610c296b0c837c98e8ee1778cccb66f,2025-12-17T15:00:00Z,UNCERTAIN,False,,89642,UP,DOWN,-0.027322014234399054014859106222529617813078690792263,,2025-12,ABSTENTION,,,,,,,,,,
2589,f1ba4a9cbe05b569f65c2575f15e21942bc631592105224a8e854d15398a5a45,2025-12-17T16:00:00Z,BALANCED,False,,87192.8,DOWN,DOWN,-0.0028144525694782137974695158315824242368635942417264,,2025-12,ABSTENTION,,,,,,,,,,
2590,aa4e8110e5d79f4abbd9adc1241a4ec217e66ffefe9d45dda49d7b2f73fdb48e,2025-12-17T17:00:00Z,UNCERTAIN,False,,86947.4,DOWN,DOWN,-0.0065809903458872835760471273436583497608899173523303,,2025-12,ABSTENTION,,,,,,,,,,
2591,baa9e63f7641ad8f0f2476cd9ca8474712b12fff7caa1701befc1e49a819c4be,2025-12-17T18:00:00Z,BALANCED,False,,86375.2,DOWN,DOWN,-0.0067693041521177374987264863062545730719002676694236,,2025-12,ABSTENTION,,,,,,,,,,
2592,639d3a460eadf24182890a125e3dd6f851de00614d99b90c5e1d057d0faf79c5,2025-12-17T19:00:00Z,UNCERTAIN,False,,85790.5,DOWN,UP,0.0021704034829031186436726677196193051678216119500411,,2025-12,ABSTENTION,,,,,,,,,,
2593,f8d62f5e61ff96bb368188cd94a82a1530c448c08514cef668b4189406ff76a4,2025-12-17T20:00:00Z,BALANCED,False,,85976.7,UP,DOWN,-0.0015527462673026529280607420382498979374644525784311,,2025-12,ABSTENTION,,,,,,,,,,
2594,401c1f648277155c6c13de425ea64b85cca8efe49d3439729b7ef0aa49559fe3,2025-12-17T21:00:00Z,BALANCED,False,,85843.2,DOWN,UP,0.0011439461716245433534630582270931186162677998956236,,2025-12,ABSTENTION,,,,,,,,,,
2595,82886142d4e24e340173a5f6b5b6ec018e90f81cb91fc37b8e444c24e0f826ff,2025-12-17T22:00:00Z,BALANCED,False,,85941.4,UP,UP,0.0041726106393426218330164507443444021158603420470227,,2025-12,ABSTENTION,,,,,,,,,,
2596,b4e0abc4a0aea0cb7a677bddab53f8cda47e1b049e13b31d0193ea9877e3c0de,2025-12-17T23:00:00Z,UNCERTAIN,False,,86300,UP,DOWN,-0.0011413673232908458864426419466975666280417149478563,,2025-12,ABSTENTION,,,,,,,,,,
2597,fe29243fff4f43269696ccf9ee78f9e4813a225979054e66f23a52a2a899eef1,2025-12-18T00:00:00Z,UNCERTAIN,False,,86201.5,DOWN,DOWN,-0.000097446100125867879329246010800276097283689958991433,,2025-12,ABSTENTION,,,,,,,,,,
2598,605cb5204e74661e5a32a4068a9629cf7ae624962770fef21ef45665220456eb,2025-12-18T01:00:00Z,UNCERTAIN,False,,86193.1,DOWN,DOWN,-0.0012773644294032817012034606018347176282092186033453,,2025-12,ABSTENTION,,,,,,,,,,
2599,e847d2a239afb89544e01748553fd83d9d235b2e411b994c095c51662432b59c,2025-12-18T02:00:00Z,BALANCED,False,,86083,DOWN,UP,0.0065065111578360419595041994354285979810183195288268,,2025-12,ABSTENTION,,,,,,,,,,
2600,01827d57390252d35a6246b858bcd590ca57937cc364d244f3f78261824bec06,2025-12-18T03:00:00Z,UNCERTAIN,False,,86643.1,UP,DOWN,-0.00075135815777597985298309963517002507989672576350569,,2025-12,ABSTENTION,,,,,,,,,,
2601,b814581ddac519c78708e65b3d34c0b88e257d10217fcaa236f4c61fbeca26cc,2025-12-18T04:00:00Z,UP,True,AL-2025-12-18T02:45:00+00:00-16fac92964b4,86578,DOWN,UP,0.0015246367437455242671348379495945852295040310471482,True,2025-12,PAIRED,True,False,MV_ONLY,AL-2025-12-18T02:45:00+00:00-16fac92964b4,1,ALREADY_ACTIVE_AT_CUTOFF,2025-12-18T03:51:00Z,,DESTINATION_REACHED,2025-12-18T04:06:00Z
2602,849d7571e14d680e9aa4323be2f6d5d1ecbae213a44e50960260c43524a96d0f,2025-12-18T05:00:00Z,UNCERTAIN,False,,86710,UP,DOWN,-0.0035751355091684926767385538000230653903817322108177,,2025-12,ABSTENTION,,,,,,,,,,
2603,152e0fa63c52e9f1965e503b6f2929d27c176e4fd6827d1dc7aed1ef9499c29c,2025-12-18T06:00:00Z,UNCERTAIN,False,,86400,DOWN,UP,0.00240625,,2025-12,ABSTENTION,,,,,,,,,,
2604,41221679991523f6c9de5b118d3e70a04f195502f43830e39c967bad1f6ff36c,2025-12-18T07:00:00Z,BALANCED,False,,86607.9,UP,UP,0.0021095073313173509575916284773098066111751930251166,,2025-12,ABSTENTION,,,,,,,,,,
2605,f9a05b8a72db64c52d608a9e9c494b79e358790e29869d1733082dfab0f693d7,2025-12-18T08:00:00Z,UNCERTAIN,False,,86790.6,UP,UP,0.0015646855765486124073344348351088712372077160429816,,2025-12,ABSTENTION,,,,,,,,,,
2606,67129b4b08747543848bf15eed2981456515e7f02e6a5978bd7d39552555d6a6,2025-12-18T09:00:00Z,UNCERTAIN,False,,86926.4,UP,UP,0.0035708369379152938577923392663218538901875609711204,,2025-12,ABSTENTION,,,,,,,,,,
2607,79b093b750f1791c66a98ae79c05dfe47b44d26d8d437b98221623a21c7e3618,2025-12-18T10:00:00Z,UP,True,AL-2025-12-18T09:30:00+00:00-d3ab205145a1,87236.8,UP,UP,0.00080699888120609650972983878363259541844726078902482,False,2025-12,PAIRED,True,True,BOTH,AL-2025-12-18T09:30:00+00:00-d3ab205145a1,1,NOT_ACTIVATED_AT_1H,,,DESTINATION_REACHED,2025-12-18T10:06:00Z
2608,66f51c6fdc4e93f6efce54b4f71b72b98e241a2d6f9772d17779f4cbef4db6f6,2025-12-18T11:00:00Z,UNCERTAIN,False,,87307.2,UP,DOWN,-0.00080291201642018069529202631627173932963146223908223,,2025-12,ABSTENTION,,,,,,,,,,
2609,8fefe0e77cda9e087f2c0bad421f60a6e7f2b11194e8624b2be2c17d0d0240df,2025-12-18T12:00:00Z,UP,True,AL-2025-12-18T10:30:00+00:00-f7fb65b87d13,87237.1,DOWN,DOWN,-0.00014214135958210440282861305568387761628939980810916,True,2025-12,PAIRED,False,True,PERSISTENCE_ONLY,AL-2025-12-18T10:30:00+00:00-f7fb65b87d13,1,ALREADY_ACTIVE_AT_CUTOFF,2025-12-18T11:31:00Z,,DESTINATION_REACHED,2025-12-18T13:02:00Z
2610,48740c4bbc24ed9abdb0b049734e867349685303985993685647f11b3270c945,2025-12-18T13:00:00Z,UP,True,AL-2025-12-18T10:30:00+00:00-f7fb65b87d13,87224.7,DOWN,UP,0.018060251282033644139790678557793835920329906551699,True,2025-12,PAIRED,True,False,MV_ONLY,AL-2025-12-18T10:30:00+00:00-f7fb65b87d13,2,ALREADY_ACTIVE_AT_CUTOFF,2025-12-18T11:31:00Z,,DESTINATION_REACHED,2025-12-18T13:02:00Z
2611,216a9c9f34ff88e0283fe011221bcbbe522fc0d90f3061e2796310ab78a6744e,2025-12-18T14:00:00Z,UNCERTAIN,False,,88800,UP,DOWN,-0.0056317567567567567567567567567567567567567567567568,,2025-12,ABSTENTION,,,,,,,,,,
2612,1d9242d6f991ec0fe5584018429d90f802a1ccb9aedeb7a07cf88f64245f7fde,2025-12-18T15:00:00Z,UNCERTAIN,False,,88299.9,DOWN,UP,0.0020362423966505058329624382360568924766619214744298,,2025-12,ABSTENTION,,,,,,,,,,
2613,ec42672c0e839a20e7a71394b5e0ab2bd18394fa946dd5beedd427d036946fa2,2025-12-18T16:00:00Z,UNCERTAIN,False,,88479.7,UP,DOWN,-0.0056487533298598435573357504602750687445820905812294,,2025-12,ABSTENTION,,,,,,,,,,
2614,da87f8364a1881d3f450269418476e561d8e073f9079ea07114c146c075b1d86,2025-12-18T17:00:00Z,BALANCED,False,,87979.9,DOWN,DOWN,-0.017518774174555779217753145889004193003174588741292,,2025-12,ABSTENTION,,,,,,,,,,
2615,da7472d74d95fe84f467eaa95058b55fde3830d5722105282937e769a5b11a3f,2025-12-18T18:00:00Z,UNCERTAIN,False,,86438.6,DOWN,DOWN,-0.0057138824552919644695772490530850800452575585444466,,2025-12,ABSTENTION,,,,,,,,,,
2616,c54669f7fb0a6ef59b80f36d337227f5b9eb7beada849518cceca25e2f61e637,2025-12-18T19:00:00Z,UNCERTAIN,False,,85944.7,DOWN,DOWN,-0.017588053713608867097098483094361839648052759506985,,2025-12,ABSTENTION,,,,,,,,,,
2617,d2986c3280ae9a6b150a950529302679d7000ca8d045fb56756f7978a44f132c,2025-12-18T20:00:00Z,UNCERTAIN,False,,84433.1,DOWN,UP,0.0011891071155743422899313184047488484966204012407456,,2025-12,ABSTENTION,,,,,,,,,,
2618,e636e420108983801670567e8122dbe2424b9cc0c7061c0b78bc542a79876f8c,2025-12-18T21:00:00Z,DOWN,True,AS-2025-12-18T19:45:00+00:00-f87bd6953b1f,84533.5,UP,UP,0.012350133379074568070646548409802031147414930175611,False,2025-12,PAIRED,False,True,PERSISTENCE_ONLY,AS-2025-12-18T19:45:00+00:00-f87bd6953b1f,1,NOT_ACTIVATED_AT_1H,,,EXPIRED,2025-12-18T22:00:00Z
2619,915bc4894401ea65b0706ceb839c2502d8076f7c783474476d23b0e0843f7900,2025-12-18T22:00:00Z,UNCERTAIN,False,,85577.5,UP,DOWN,-0.00051415383716514270690309952966609213870468288977827,,2025-12,ABSTENTION,,,,,,,,,,
2620,b205b2be6474212a810284b71dbc184c34158625d450b6cd292b06414b3c19c5,2025-12-18T23:00:00Z,UNCERTAIN,False,,85533.5,DOWN,DOWN,-0.00088035681925795156283795238123074584811798885816668,,2025-12,ABSTENTION,,,,,,,,,,
2621,3a040b64783715eb0a67966955909e4bd08998097c74c6e2eaf402fead6f54a7,2025-12-19T00:00:00Z,UNCERTAIN,False,,85458.2,DOWN,UP,0.0012813281814969189615507932533098052615196669248826,,2025-12,ABSTENTION,,,,,,,,,,
2622,eabd6deb40c81bcc2b735575b82371a565d10af06285b3ca3461eb8288d05eb3,2025-12-19T01:00:00Z,UNCERTAIN,False,,85567.7,UP,DOWN,-0.0033412140328652049780466227326432754415509590651613,,2025-12,ABSTENTION,,,,,,,,,,
2623,137e9fbb0a3e58645dd3cf0eed32ba628d343ad703c618ab8fdd4f66817ae94d,2025-12-19T02:00:00Z,UNCERTAIN,False,,85281.8,DOWN,UP,0.0037299869374239286694230187449139206724060702283488,,2025-12,ABSTENTION,,,,,,,,,,
2624,e409e9eebbc1e0fede4d81e42be85bc0f7db7885206be598efbc87225db4e333,2025-12-19T03:00:00Z,UNCERTAIN,False,,85599.9,UP,UP,0.014672914337516749435454947961387805359585700450585,,2025-12,ABSTENTION,,,,,,,,,,
2625,02453dd2048dc742d557a80f5b1fee4289d11604c8ff76a65013a5adf8b4d465,2025-12-19T04:00:00Z,UNCERTAIN,False,,86855.9,UP,UP,0.0023728957963707704370111874956105457430065199946118,,2025-12,ABSTENTION,,,,,,,,,,
2626,7a4d2ca7dd9573ccfa8a4775b44af1fe6e2b35985abebab77c04eb4b743f5f2f,2025-12-19T05:00:00Z,UP,True,AL-2025-12-19T03:45:00+00:00-c0060e3683d2,87062,UP,UP,0.00053984516781144471755760262801222117571385908892513,True,2025-12,PAIRED,True,True,BOTH,AL-2025-12-19T03:45:00+00:00-c0060e3683d2,1,ACTIVATED_WITHIN_1H,2025-12-19T05:49:00Z,,DESTINATION_REACHED,2025-12-19T07:01:00Z
2627,58e1b2ac1a5326f1bf8fb70bee6b3c867da81276a97db1231f830fee13a0abff,2025-12-19T06:00:00Z,UP,True,AL-2025-12-19T03:45:00+00:00-c0060e3683d2,87109,UP,UP,0.0039146356863240308119712084859199393862861472408132,True,2025-12,PAIRED,True,True,BOTH,AL-2025-12-19T03:45:00+00:00-c0060e3683d2,2,ALREADY_ACTIVE_AT_CUTOFF,2025-12-19T05:49:00Z,,DESTINATION_REACHED,2025-12-19T07:01:00Z
2628,c5273dda92ce01966d834e5537e57d8de0b6fd1cca6bb6c76e9d932eeafe03be,2025-12-19T07:00:00Z,UP,True,AL-2025-12-19T03:45:00+00:00-c0060e3683d2,87450,UP,UP,0.0052590051457975986277873070325900514579759862778731,True,2025-12,PAIRED,True,True,BOTH,AL-2025-12-19T03:45:00+00:00-c0060e3683d2,3,ALREADY_ACTIVE_AT_CUTOFF,2025-12-19T05:49:00Z,,DESTINATION_REACHED,2025-12-19T07:01:00Z
2629,d3569a6a1aad0a637fa2e03ffbfb345251a5c6ef35947e52512f987de11f2d48,2025-12-19T08:00:00Z,UNCERTAIN,False,,87909.9,UP,UP,0.0016369032384293464103587878043314802997159591809341,,2025-12,ABSTENTION,,,,,,,,,,
2630,aed1b27c1406c67c5d8bffd8c023006cafe8184e5280dc622b4ffe72e6b6b42f,2025-12-19T09:00:00Z,UP,True,AL-2025-12-19T07:45:00+00:00-74db00eb9ac3,88053.8,UP,UP,0.00014423000483795134338324978592633140193836041147571,True,2025-12,PAIRED,True,True,BOTH,AL-2025-12-19T07:45:00+00:00-74db00eb9ac3,1,ALREADY_ACTIVE_AT_CUTOFF,2025-12-19T08:35:00Z,,TIME_EXPIRED,2025-12-19T12:35:00Z
2631,59e2b4633fb860a7a524a108a97583b84fad25a8e8cac74232454b878ea7dc22,2025-12-19T10:00:00Z,UP,True,AL-2025-12-19T07:45:00+00:00-74db00eb9ac3,88066.5,UP,UP,0.0018009118109610351268643581838724145957884098947954,True,2025-12,PAIRED,True,True,BOTH,AL-2025-12-19T07:45:00+00:00-74db00eb9ac3,2,ALREADY_ACTIVE_AT_CUTOFF,2025-12-19T08:35:00Z,,TIME_EXPIRED,2025-12-19T12:35:00Z
2632,ce33a259d9d3723653d41c76d235cc13df1b167c41bde41c068b13a3376e6c06,2025-12-19T11:00:00Z,UP,True,AL-2025-12-19T07:45:00+00:00-74db00eb9ac3,88225.1,UP,DOWN,-0.00077642303607476783817757078201101500593368553846921,True,2025-12,PAIRED,False,False,NEITHER,AL-2025-12-19T07:45:00+00:00-74db00eb9ac3,3,ALREADY_ACTIVE_AT_CUTOFF,2025-12-19T08:35:00Z,,TIME_EXPIRED,2025-12-19T12:35:00Z
2633,68a303866922596111f3ba0e874c61efe34f5b798f5ee14cb450354f6e401c52,2025-12-19T12:00:00Z,UP,True,AL-2025-12-19T07:45:00+00:00-74db00eb9ac3,88156.6,DOWN,DOWN,-0.0037739658743644832037533207950397361059750489469875,True,2025-12,PAIRED,False,True,PERSISTENCE_ONLY,AL-2025-12-19T07:45:00+00:00-74db00eb9ac3,4,ALREADY_ACTIVE_AT_CUTOFF,2025-12-19T08:35:00Z,,TIME_EXPIRED,2025-12-19T12:35:00Z
2634,01d038042422c36d425933ff7abae44f7ee44ed06427fcc478dd0e4a015bdc63,2025-12-19T13:00:00Z,UNCERTAIN,False,,87823.9,DOWN,UP,0.0015109782189130749146872320632538523112728995182405,,2025-12,ABSTENTION,,,,,,,,,,
2635,3be84efe9c0c8e9ae4cc3a867dce15a08596572bfb1eceddb59d578b39ae3f82,2025-12-19T14:00:00Z,UNCERTAIN,False,,87956.6,UP,UP,0.0019725637416635022272347953422483361112184872994181,,2025-12,ABSTENTION,,,,,,,,,,
2636,defb7c41fdf338fcd4c36eb8eb0db3dbe2127c85b4c69c2474e1f30f485da593,2025-12-19T15:00:00Z,UNCERTAIN,False,,88130.1,UP,DOWN,-0.0023839755089350857425556081293451386075812917493569,,2025-12,ABSTENTION,,,,,,,,,,
2637,af988962d443739036ec799e3a75628eda5719ba0b5607b5b95b9cf87c697ffc,2025-12-19T16:00:00Z,BALANCED,False,,87920,DOWN,UP,0.00044017288444040036396724294813466787989080982711556,,2025-12,ABSTENTION,,,,,,,,,,
2638,594cc8f24655d00f984b6f4ade9000531b45325664dd20a3d1fbae8d882b593c,2025-12-19T17:00:00Z,BALANCED,False,,87958.7,UP,DOWN,-0.011953337191204508479547787768577752968154372449797,,2025-12,ABSTENTION,,,,,,,,,,
2639,bcd847594e650c56ce729ecbf53a56148cd8ff55f956e3be686565cd944d90b8,2025-12-19T18:00:00Z,UNCERTAIN,False,,86907.3,DOWN,UP,0.0025866641812598021109849230156730217139411764029029,,2025-12,ABSTENTION,,,,,,,,,,
2640,156af9a83d40b36c1d9feeedff43ab6a2f774311abac9fff9fa5071f5ac8bcc4,2025-12-19T19:00:00Z,DOWN,True,AS-2025-12-19T17:45:00+00:00-1eadf1f0472f,87132.1,UP,UP,0.0076871784336656639745857152530468105325132758191298,True,2025-12,PAIRED,False,True,PERSISTENCE_ONLY,AS-2025-12-19T17:45:00+00:00-1eadf1f0472f,1,ALREADY_ACTIVE_AT_CUTOFF,2025-12-19T18:40:00Z,,INVALIDATED,2025-12-19T19:20:00Z
2641,a6dd95ada89e6159bcac4dc66443bde4d7d18e0a95f7ed59db5227314f319a2f,2025-12-19T20:00:00Z,UNCERTAIN,False,,87801.9,UP,UP,0.0028256791709518814513125570175588455375111472530777,,2025-12,ABSTENTION,,,,,,,,,,
2642,70c68b8dd4995e1dcdbd3e163ec2eb3ead861d346e956592154b8403292dbf45,2025-12-19T21:00:00Z,UNCERTAIN,False,,88050,UP,DOWN,-0.0028392958546280522430437251561612720045428733674049,,2025-12,ABSTENTION,,,,,,,,,,
2643,ac636f0a2ee1e0f4fe3ab93e52fde1eaad3c8f2b4d6148cc59b4b9548bbca131,2025-12-19T22:00:00Z,UNCERTAIN,False,,87800,DOWN,UP,0.0057015945330296127562642369020501138952164009111617,,2025-12,ABSTENTION,,,,,,,,,,
2644,f234497090e063d893cd11a40d72de86291bb634a65fe610b5ee5b58d42f26f3,2025-12-19T23:00:00Z,UNCERTAIN,False,,88300.6,UP,DOWN,-0.0022264854372450470325229953137351275076273547405114,,2025-12,ABSTENTION,,,,,,,,,,
2645,37fd25c2e115ebacdc40f3907b978c1f0c9225dd4676b9d0ac8c95e95741114e,2025-12-20T00:00:00Z,BALANCED,False,,88104,DOWN,DOWN,-0.0015663307000817216017433941705257423045491691637156,,2025-12,ABSTENTION,,,,,,,,,,
2646,e399fa7abea74d4480ab7c3d05eb0c208a8489285f64fccec3a9ba98f119b500,2025-12-20T01:00:00Z,UNCERTAIN,False,,87966,DOWN,UP,0.00084578132460268740195075370029329513675738353454744,,2025-12,ABSTENTION,,,,,,,,,,
2647,df98b12654825d4f359e2ff8e2c613076d48d0bf9800dd507236bb9f65e37e43,2025-12-20T02:00:00Z,UNCERTAIN,False,,88040.4,UP,UP,0.0013471088273110980867874294074084170449021131207945,,2025-12,ABSTENTION,,,,,,,,,,
2648,1bab2d9b72a8aff9337b83a1bf4d96ee70a04e1aff1bfde8d7d119d125b0f41d,2025-12-20T03:00:00Z,UNCERTAIN,False,,88159,UP,UP,0.000041969623067412289159359793101101419026985333318209,,2025-12,ABSTENTION,,,,,,,,,,
2649,b51a887291cb6c3d5d1bbf16a62fc6d8cebe22926859e06139015823003593b9,2025-12-20T04:00:00Z,BALANCED,False,,88162.7,UP,UP,0.0010106314802064818795250145469682756993603871024821,,2025-12,ABSTENTION,,,,,,,,,,
2650,f3ea2a1289243b57a0f201f4879564945b23606c72f3c0e10e0306260db5f8bf,2025-12-20T05:00:00Z,BALANCED,False,,88251.8,UP,DOWN,-0.000046457975927969741127093158439827856202366410656780,,2025-12,ABSTENTION,,,,,,,,,,
2651,87202c5dbacda08590b5616037b76d44c272cdd2d5e4b80cacbf88e676a1788b,2025-12-20T06:00:00Z,UNCERTAIN,False,,88247.7,DOWN,UP,0.00023343384586793763463523695235116609271403107389768,,2025-12,ABSTENTION,,,,,,,,,,
2652,a0c57c2eac9b855db17a76cbe9e1b55998c2ba0040fbbff72a9c9ddb843e5887,2025-12-20T07:00:00Z,BALANCED,False,,88268.3,UP,DOWN,-0.00043503726705963522578320869440104771475150195483543,,2025-12,ABSTENTION,,,,,,,,,,
2653,939e24b7dba06aa0418351062e04cdca014c817e40ed734c47a04df20bb1d73a,2025-12-20T08:00:00Z,UNCERTAIN,False,,88229.9,DOWN,DOWN,-0.00023688114800084778516126619207320874216110411549826,,2025-12,ABSTENTION,,,,,,,,,,
2654,819aa2ff801d07583ebbc7f859102fccca4ff2c58255c89018f9c7cd8483b698,2025-12-20T09:00:00Z,UNCERTAIN,False,,88209,DOWN,DOWN,-0.00022673423346824020224693625367026040426713827387228,,2025-12,ABSTENTION,,,,,,,,,,
2655,9881d1573723a7e6016c2a46f3ff3c4655284ea4d87b99260ffcc0c8f6f46147,2025-12-20T10:00:00Z,UNCERTAIN,False,,88189,DOWN,DOWN,-0.00065767839526471555409404801052285432423544886550477,,2025-12,ABSTENTION,,,,,,,,,,
2656,85dc81cd939511432a1805d0a6f7380f6a9adae4c413c98516ed81063efedf3e,2025-12-20T11:00:00Z,UNCERTAIN,False,,88131,DOWN,UP,0.0012231791310662536451418910485527226515074150979791,,2025-12,ABSTENTION,,,,,,,,,,
2657,b236fefa4bb4fdcad771a7074403756fdc09bfc5fd7a24b918e7c0fa6f6ab511,2025-12-20T12:00:00Z,UNCERTAIN,False,,88238.8,UP,DOWN,-0.00032525374325126814961218874236730327248330666328191,,2025-12,ABSTENTION,,,,,,,,,,
2658,1413c274bb5983131fb32dab02648d379523fcf58fc01f29700eca6ac0c0a962,2025-12-20T13:00:00Z,BALANCED,False,,88210.1,DOWN,UP,0.00015757832719835937154588873609711359583539753384250,,2025-12,ABSTENTION,,,,,,,,,,
2659,40fa189ad3dd8b83e687ddb2101ac0354614da3da5d84cd95fc160e58b3f133f,2025-12-20T14:00:00Z,BALANCED,False,,88224,UP,DOWN,-0.00020742655059847660500544069640914036996735582154516,,2025-12,ABSTENTION,,,,,,,,,,
2660,033aa17ebede002788328d4493e85ff53ab102b1251d71d85f2bfafe99f0aca3,2025-12-20T15:00:00Z,UNCERTAIN,False,,88205.7,DOWN,DOWN,-0.00084801775848953072193747116116078666117949293526382,,2025-12,ABSTENTION,,,,,,,,,,
2661,4c0273764eba4ad245a0fbc70e9a6f6e5cd392a8f309dc83ae8472baec43dc99,2025-12-20T16:00:00Z,UNCERTAIN,False,,88130.9,DOWN,DOWN,-0.00011914095964071625275584386407037713219767414153265,,2025-12,ABSTENTION,,,,,,,,,,
2662,d19a75317d2a476fdf418c33b167747968f731998139cc59b220b40965f2e8aa,2025-12-20T17:00:00Z,UNCERTAIN,False,,88120.4,DOWN,UP,0.00038697055392394950544936246317538277175319222336712,,2025-12,ABSTENTION,,,,,,,,,,
2663,908c46ca9bf48ef3cb345d3afff26d6be7c39b0c3a41676328e8375b98f384f8,2025-12-20T18:00:00Z,BALANCED,False,,88154.5,UP,UP,0.0013975463532774844165641005280501846190495096676857,,2025-12,ABSTENTION,,,,,,,,,,
2664,d6654caeb81d41a4ac16ff591a6636040038b2636e210d1bb1821565a83b9704,2025-12-20T19:00:00Z,BALANCED,False,,88277.7,UP,DOWN,-0.0010115805010778486526042250760950953638348076581062,,2025-12,ABSTENTION,,,,,,,,,,
2665,d9ea56473fb30115214cab02a8483950dfeb917c3d135a5a22109277e93d467d,2025-12-20T20:00:00Z,BALANCED,False,,88188.4,DOWN,UP,0.00066335254976845027237142299894317166430052024982878,,2025-12,ABSTENTION,,,,,,,,,,
2666,91270555748b5b1feb14a48c45f8c495ace90c9e84f2644f8d64421e549b8165,2025-12-20T21:00:00Z,BALANCED,False,,88246.9,UP,DOWN,-0.00074450207316064360334470672624194164327585444927810,,2025-12,ABSTENTION,,,,,,,,,,
2667,9e2145c362111a1c9d3b414f19b48ad8e2afe031ec78d9cbf14f9a24b8f5cf26,2025-12-20T22:00:00Z,BALANCED,False,,88181.2,DOWN,UP,0.00064526225544673921425428549396016384444756932316639,,2025-12,ABSTENTION,,,,,,,,,,
2668,c039e395557e53c8371156cd5e6a64742bc26121875cdc42174cc6d1fd5ceda8,2025-12-20T23:00:00Z,BALANCED,False,,88238.1,UP,UP,0.00095083643006819049820882362607535747029911115493194,,2025-12,ABSTENTION,,,,,,,,,,
2669,90530452b3ac99a93521d299ad1cd061422fe09ac741bf84afa97a1335151f47,2025-12-21T00:00:00Z,UNCERTAIN,False,,88322,UP,UP,0.00038948393378773125608568646543330087633885102239533,,2025-12,ABSTENTION,,,,,,,,,,
2670,414608772ddc3d6c77e4841f5b4b80e46b070531dcc5fee901061c52c51abaea,2025-12-21T01:00:00Z,UNCERTAIN,False,,88356.4,UP,DOWN,-0.0041853221724742067354487054701187463500097333073778,,2025-12,ABSTENTION,,,,,,,,,,
2671,c445636e508e1381606bb518ba1632d937a7f274d79ef52bd92100fc344c9571,2025-12-21T02:00:00Z,UNCERTAIN,False,,87986.6,DOWN,DOWN,-0.00070237968054226439025942586712067519372268049907600,,2025-12,ABSTENTION,,,,,,,,,,
2672,d065678f340a4c6cbc3090a2f83621b18ecb49ef42174fe36004ca61ce2da6ea,2025-12-21T03:00:00Z,UNCERTAIN,False,,87924.8,DOWN,UP,0.0015081069277382490491874874893090459119611304205412,,2025-12,ABSTENTION,,,,,,,,,,
2673,a9aed1489e1fc63206644044185e089397188dbe1f0c6ec6da31e9813ca24ea1,2025-12-21T04:00:00Z,UNCERTAIN,False,,88057.4,UP,DOWN,-0.00025437952971584443783259555698896401665277421318367,,2025-12,ABSTENTION,,,,,,,,,,
2674,7da07091d46e918866a1dce86c3cea9b8df19855a7df65e9d17ed840ebf1a144,2025-12-21T05:00:00Z,BALANCED,False,,88035,DOWN,UP,0.00078377917873573010734367013119781904924177883796217,,2025-12,ABSTENTION,,,,,,,,,,
2675,0aaa03c5fea8c1bd140edd0d4db187b135304178eaad7e1b7eccfefcfeb74e2f,2025-12-21T06:00:00Z,BALANCED,False,,88104,UP,DOWN,-0.00053800054481067828929447017161536366112775810405884,,2025-12,ABSTENTION,,,,,,,,,,
2676,a9120d52bdff5e6963e1f2f1a9fdd281d5ade8b5a81c9832722a4eab63f32c41,2025-12-21T07:00:00Z,BALANCED,False,,88056.6,DOWN,UP,0.00095052500323655467051873454119282370657054667111835,,2025-12,ABSTENTION,,,,,,,,,,
2677,a3c4a9a969fca4e1399c35a9b0a6cf2dc44202073df56f7b54704fdedc24ab5f,2025-12-21T08:00:00Z,BALANCED,False,,88140.3,UP,UP,0.0041831035292596008863142058740439957658415049642445,,2025-12,ABSTENTION,,,,,,,,,,
2678,d7aaf5be6d70cb07ff2a5d56dc1cc2a1a2bab8932b9c6e78e46e2d8cdba7079b,2025-12-21T09:00:00Z,UNCERTAIN,False,,88509,UP,UP,0.0040436565772972240111175134732061146324102633630478,,2025-12,ABSTENTION,,,,,,,,,,
2679,3f065790b6514edf81f97b78e0059defec17a9e76a955bad951e848bc867b605,2025-12-21T10:00:00Z,UNCERTAIN,False,,88866.9,UP,DOWN,-0.0026421536027474796577803434124516552282120789630335,,2025-12,ABSTENTION,,,,,,,,,,
2680,270b588a488e1558e43f4b29b6a8519a4204e5d8453f5e54de2260e25eef4dad,2025-12-21T11:00:00Z,UP,True,AL-2025-12-21T09:45:00+00:00-6ef04b2257ff,88632.1,DOWN,DOWN,-0.00072321427564054106807804395924275742084414111817276,False,2025-12,PAIRED,False,True,PERSISTENCE_ONLY,AL-2025-12-21T09:45:00+00:00-6ef04b2257ff,1,NOT_ACTIVATED_AT_1H,,,WITHDRAWN,2025-12-21T11:15:00Z
2681,689a1a9975fb358bfcb3ed27615eb5afe2adb328026c0ee581ebdf131db32b90,2025-12-21T12:00:00Z,UNCERTAIN,False,,88568,DOWN,UP,0.00022920242073886731099268358775178394002348478005600,,2025-12,ABSTENTION,,,,,,,,,,
2682,fc8f1caf2a96216c8040971e776604390cb3413df352008b3bc4447404fc04e9,2025-12-21T13:00:00Z,UNCERTAIN,False,,88588.3,UP,DOWN,-0.010780204609412303882115358348675840940620826903778,,2025-12,ABSTENTION,,,,,,,,,,
2683,d11bc2990bfffe3fd415f41d406df003159b1ab12c709eb807e4bfab7f7dcce9,2025-12-21T14:00:00Z,UNCERTAIN,False,,87633.3,DOWN,UP,0.0043693436170953279175838408458884921599437656689866,,2025-12,ABSTENTION,,,,,,,,,,
2684,80a36e022166d6bb1a13af898b8add712ff55bfff2981e0c2934a5c1490c1d1a,2025-12-21T15:00:00Z,BALANCED,False,,88016.2,UP,UP,0.00013406622871698619117844215042230862045850650221209,,2025-12,ABSTENTION,,,,,,,,,,
2685,e5894c866d2cceda304e1e1c6bb75c75d1987630e46df53b41ab589cb708a6c5,2025-12-21T16:00:00Z,BALANCED,False,,88028,UP,UP,0.0031989821420457127277684373153996455673194892534194,,2025-12,ABSTENTION,,,,,,,,,,
2686,390f58e8430d8be6c8cdc18e9bdce772e6900d168a933331b168aa69edfeac06,2025-12-21T17:00:00Z,UNCERTAIN,False,,88309.6,UP,DOWN,-0.00028762444853107702899797983458197070307191970068939,,2025-12,ABSTENTION,,,,,,,,,,
2687,d680762989f480d9aeaeea75202a6e71cef67a4608afacee8ed1a709c576b6e8,2025-12-21T18:00:00Z,BALANCED,False,,88284.2,DOWN,UP,0.0014056875409189866363403644140174572573574886559543,,2025-12,ABSTENTION,,,,,,,,,,
2688,75c1f0e50ca5b06a24e5c4abb6370f4d17890ac4995e76bb5f286b19a2d374ec,2025-12-21T19:00:00Z,BALANCED,False,,88408.3,UP,UP,0.00046262624663068965244213495791684717385132391415738,,2025-12,ABSTENTION,,,,,,,,,,
2689,78f7579b320551cb6085f20df680c8b35c42f1a8cef6c08a53a56d976ec2db84,2025-12-21T20:00:00Z,UNCERTAIN,False,,88449.2,UP,DOWN,-0.0027473397159047227108894144887686943465853846049484,,2025-12,ABSTENTION,,,,,,,,,,
2690,edd889d8f6430989b4e7a047e4e4535f3e912deaf82876ca33e19cc217ba2ea4,2025-12-21T21:00:00Z,BALANCED,False,,88206.2,DOWN,DOWN,-0.00092057020935036312640154546959284041257870761919230,,2025-12,ABSTENTION,,,,,,,,,,
2691,f073fcefd7b14f4d82d3b81ce319844179ebaf208877ea751476815c802b1e8a,2025-12-21T22:00:00Z,UNCERTAIN,False,,88125,DOWN,UP,0.0036005673758865248226950354609929078014184397163121,,2025-12,ABSTENTION,,,,,,,,,,
2692,34b2a2f8195c35e087f4b731c438a04553fc73b28c25fd97ca9b9c184ce67e59,2025-12-21T23:00:00Z,UNCERTAIN,False,,88442.3,UP,UP,0.0020555774781976497671363137322299397460265054165258,,2025-12,ABSTENTION,,,,,,,,,,
2693,d2fc1f739ef69d2bce02fc2c336eabdc74ed9282e5757492e05c9d31115f7938,2025-12-22T00:00:00Z,UP,True,AL-2025-12-21T23:00:00+00:00-feec5c34f8d1,88624.1,UP,DOWN,-0.00045247286009110388709166016918648539167111429058236,True,2025-12,PAIRED,False,False,NEITHER,AL-2025-12-21T23:00:00+00:00-feec5c34f8d1,1,ALREADY_ACTIVE_AT_CUTOFF,2025-12-21T23:52:00Z,,DESTINATION_REACHED,2025-12-22T00:06:00Z
2694,ecaa661f6dc02b8f72bc8f0bb843fd159542a2876d1f8ff9a9ebd7abd719300a,2025-12-22T01:00:00Z,UNCERTAIN,False,,88584,DOWN,UP,0.000020319696559198049309130316987266323489569222432945,,2025-12,ABSTENTION,,,,,,,,,,
2695,b34ad22dcb33a320e7c4a92d278d8bf98f6528a44e8704ee86b0333965fa018b,2025-12-22T02:00:00Z,UNCERTAIN,False,,88585.8,UP,DOWN,-0.0019100126656868256537729523241873979802632024545695,,2025-12,ABSTENTION,,,,,,,,,,
2696,0beedd89ad013487cc5739c7b6d53ba564e7bf3aaba8659c66a33f612952c257,2025-12-22T03:00:00Z,UNCERTAIN,False,,88416.6,DOWN,UP,0.0034948188462347568216828061698821262070697131534124,,2025-12,ABSTENTION,,,,,,,,,,
2697,63c0783be7479a98e53df25271bd2b25be3fd2deea12dcbd85c1aabe65ff0a33,2025-12-22T04:00:00Z,UNCERTAIN,False,,88725.6,UP,UP,0.0015700091067290612855816134238596301405682238271705,,2025-12,ABSTENTION,,,,,,,,,,
2698,4386c1f2c6596afdcb1505134b832ac1ecff6ff5052462f98d4c09934d99e6dc,2025-12-22T05:00:00Z,UNCERTAIN,False,,88864.9,UP,DOWN,-0.00085410550172227729958622583269659899465368216247360,,2025-12,ABSTENTION,,,,,,,,,,
2699,390b4a8fd46eb9f6fb0bc44bd654ae5529beeb670d181c716f64b8dd5ec23ca1,2025-12-22T06:00:00Z,UNCERTAIN,False,,88789,DOWN,UP,0.00083681537127346856029463109168928583495703296579531,,2025-12,ABSTENTION,,,,,,,,,,
2700,588080b2f04b8f1daa733a69aa2f2575cd3c09ee56123c6beb13bafc53652d52,2025-12-22T07:00:00Z,BALANCED,False,,88863.3,UP,UP,0.0029348448684665097965076696453991692858581664196581,,2025-12,ABSTENTION,,,,,,,,,,
2701,eb14843e7eb94f0e875593fffa8134d9b1d7286a310174abc4b1af07bbe3bd0f,2025-12-22T08:00:00Z,UNCERTAIN,False,,89124.1,UP,UP,0.0019736524688608356213414777821038305015141807883614,,2025-12,ABSTENTION,,,,,,,,,,
2702,7a4b9ba922f8b4f054b26da01a28935515db13327fba0097d31bb0d11fcc721c,2025-12-22T09:00:00Z,UP,True,AL-2025-12-22T08:15:00+00:00-71114098d6a0,89300,UP,UP,0.0054322508398656215005599104143337066069428891377380,True,2025-12,PAIRED,True,True,BOTH,AL-2025-12-22T08:15:00+00:00-71114098d6a0,1,ACTIVATED_WITHIN_1H,2025-12-22T09:57:00Z,,DESTINATION_REACHED,2025-12-22T11:32:00Z
2703,c6a3258e40f0ce61d38aa9f76aad1ed9fec28dbaf27767744607307899e5486e,2025-12-22T10:00:00Z,UP,True,AL-2025-12-22T08:15:00+00:00-71114098d6a0,89785.1,UP,DOWN,-0.00048560395878603465385682034101426628694516127954416,True,2025-12,PAIRED,False,False,NEITHER,AL-2025-12-22T08:15:00+00:00-71114098d6a0,2,ALREADY_ACTIVE_AT_CUTOFF,2025-12-22T09:57:00Z,,DESTINATION_REACHED,2025-12-22T11:32:00Z
2704,9daf78335dab33792861bcf718f83c1d6e820a2c352d3f8a97201eabe1dcc07c,2025-12-22T11:00:00Z,UP,True,AL-2025-12-22T08:15:00+00:00-71114098d6a0,89741.5,DOWN,UP,0.0018553289169447802855980789266950073265991765236819,True,2025-12,PAIRED,True,False,MV_ONLY,AL-2025-12-22T08:15:00+00:00-71114098d6a0,3,ALREADY_ACTIVE_AT_CUTOFF,2025-12-22T09:57:00Z,,DESTINATION_REACHED,2025-12-22T11:32:00Z
2705,636bb899395df00674d45b46b715cce2e75637073881e0d23e8bc2798587d4c8,2025-12-22T12:00:00Z,UNCERTAIN,False,,89908,UP,UP,0.0029652533701116697068114072162655158606575610624194,,2025-12,ABSTENTION,,,,,,,,,,
2706,532296e80cec57eec989285724c649498fed819e449dfbb2785bfd5fd3602275,2025-12-22T13:00:00Z,UNCERTAIN,False,,90174.6,UP,DOWN,-0.0033335329460845958839850689662055612112501746611574,,2025-12,ABSTENTION,,,,,,,,,,
2707,26494206ec3c72c65efc749b416a998aefaa805da7084fce120f2e33c7325951,2025-12-22T14:00:00Z,UNCERTAIN,False,,89874,DOWN,UP,0.0023811113336448806106326635066871397734606226494871,,2025-12,ABSTENTION,,,,,,,,,,
2708,67e1fa0dbada988c1d1b5a8d708233c80fd13a07ebaec52db8e0091bc5441480,2025-12-22T15:00:00Z,UNCERTAIN,False,,90088,UP,DOWN,-0.0045544356629073794512032679158156469230086137998402,,2025-12,ABSTENTION,,,,,,,,,,
2709,c00e52835a01bc39e4937d90538ed0e6496f3894fe513e4fc0df9fe63cc0fd8d,2025-12-22T16:00:00Z,UNCERTAIN,False,,89677.7,DOWN,DOWN,-0.0018410374039476926816811760337296786157539722807342,,2025-12,ABSTENTION,,,,,,,,,,
2710,9d285e9806ec4b6f2e8027bb9198bfda4b2a876eb4182e395fe65d3ec4d45cd9,2025-12-22T17:00:00Z,BALANCED,False,,89512.6,DOWN,DOWN,-0.0027225217455419683932764772780591782609375663314438,,2025-12,ABSTENTION,,,,,,,,,,
2711,d21c25603fdffd2b5974e8dbdb5194860b46c1740e783b1e1cb342e094d1e2e0,2025-12-22T18:00:00Z,UNCERTAIN,False,,89268.9,DOWN,DOWN,-0.0019547681219327223702767705214245946796700754686122,,2025-12,ABSTENTION,,,,,,,,,,
2712,0127700a86c08228651924a3a773a40439b6903e87995913a5addf99382ff063,2025-12-22T19:00:00Z,UNCERTAIN,False,,89094.4,DOWN,DOWN,-0.012217378421090438905251059550319660943897708497953,,2025-12,ABSTENTION,,,,,,,,,,
2713,4fb2210b49e84169f09e3d07cd8b6cf3e681935a153584d7e3ea9e9513a4ed82,2025-12-22T20:00:00Z,UNCERTAIN,False,,88005.9,DOWN,UP,0.0034179526599921141650730235131962743406976123191741,,2025-12,ABSTENTION,,,,,,,,,,
2714,24473f18b9ab9b39bbf770036f79aa83fee15c98a915451095dc31b4c13cc753,2025-12-22T21:00:00Z,UNCERTAIN,False,,88306.7,UP,DOWN,-0.00088894727127160226800457949396818134977300703117657,,2025-12,ABSTENTION,,,,,,,,,,
2715,888129488b4fef68e0840fa14fd41579bd66c328b9b1629f56aa733aa13e7568,2025-12-22T22:00:00Z,UNCERTAIN,False,,88228.2,DOWN,UP,0.0044260225188771843922918069279436733380030421112524,,2025-12,ABSTENTION,,,,,,,,,,
2716,f919dc6de93689e4fdb138278a69d7e2df02cd0c6c64f6ac90d59b71a187e80d,2025-12-22T23:00:00Z,UNCERTAIN,False,,88618.7,UP,DOWN,-0.00047958275172170207868091046246446856024744213128832,,2025-12,ABSTENTION,,,,,,,,,,
2717,8f234f4b58c3810d469ecdde8dd7af63bcf411bb331dd3550c43695ed1af87de,2025-12-23T00:00:00Z,UNCERTAIN,False,,88576.2,DOWN,UP,0.0017058758447528794416558849894215376139414425093874,,2025-12,ABSTENTION,,,,,,,,,,
2718,eb8a919519e397388482f0338d3cae8bdfa4e66e839e8312344977efeb778ff7,2025-12-23T01:00:00Z,BALANCED,False,,88727.3,UP,DOWN,-0.0029246917239677077968111280293663844160703639127980,,2025-12,ABSTENTION,,,,,,,,,,
2719,18b9164a03d0adc18953925234a17e8a93b71fb99825a16bcc44efad929cbe0a,2025-12-23T02:00:00Z,UNCERTAIN,False,,88467.8,DOWN,DOWN,-0.0034487124128779058595330730503075695337738702669220,,2025-12,ABSTENTION,,,,,,,,,,
2720,7c6d3a880ea58caacac902b538584943a5e44f0a3f807b2508d31c5b686e6e77,2025-12-23T03:00:00Z,UNCERTAIN,False,,88162.7,DOWN,DOWN,-0.00039018768708308615775152076785307165048257369613226,,2025-12,ABSTENTION,,,,,,,,,,
2721,a221ffc211e171ddfc85a6c45e085f7f811fd602f6afa9bb435f49043bc77f85,2025-12-23T04:00:00Z,UNCERTAIN,False,,88128.3,DOWN,DOWN,-0.0028651409365663470190619812251002231973157317229539,,2025-12,ABSTENTION,,,,,,,,,,
2722,ef8ac6c4a14745041b029d8fe3b8de1097ff26a6e31ba1de70b7bcfdd678a062,2025-12-23T05:00:00Z,UNCERTAIN,False,,87875.8,DOWN,DOWN,-0.0017843365295109688901836455542936735711083142344081,,2025-12,ABSTENTION,,,,,,,,,,
2723,46b98fc405c1bd04c08814d2cabfdd5b6c9d80b89dca016dfa5a857f341ffe68,2025-12-23T06:00:00Z,UNCERTAIN,False,,87719,DOWN,DOWN,-0.0041632941552001276804341134759858183517823960601466,,2025-12,ABSTENTION,,,,,,,,,,
2724,5c4caf512cfa7912d15925812d7306460154407a5cda0b58a4760cfd13fabc79,2025-12-23T07:00:00Z,UNCERTAIN,False,,87353.8,DOWN,UP,0.0020365456339621172748065911271175381036657821411318,,2025-12,ABSTENTION,,,,,,,,,,
2725,213b29d9e143e35f50bf993b9d09aad713368d3e4e47d9a4a0b3d81a63170699,2025-12-23T08:00:00Z,UNCERTAIN,False,,87531.7,UP,DOWN,-0.0012064200740988693239135079062785253799480645297646,,2025-12,ABSTENTION,,,,,,,,,,
2726,b161232657456ed9f9b28b5807ac13c674ab0d093b167053d6c1f26ebf6bbe5f,2025-12-23T09:00:00Z,UNCERTAIN,False,,87426.1,DOWN,UP,0.00060508246393239547457795784096511224908808696716427,,2025-12,ABSTENTION,,,,,,,,,,
2727,b3176221f9a23aac47ef7e411c66edd909dd6085eec81667a0cd20fcace58a85,2025-12-23T10:00:00Z,UNCERTAIN,False,,87479,UP,UP,0.00099338126864733250265778072451674116073571942980601,,2025-12,ABSTENTION,,,,,,,,,,
2728,40ff0075ceb099593b1e6541bafb77c474fc961f89d4f68163ff757ce1abbbda,2025-12-23T11:00:00Z,UNCERTAIN,False,,87565.9,UP,UP,0.0026734151079358517413742107372847192799936961762513,,2025-12,ABSTENTION,,,,,,,,,,
2729,310d254dec209041b599872ba214938e8ac38df99b4bcf6dd165e0adbe742b6b,2025-12-23T12:00:00Z,UNCERTAIN,False,,87800,UP,DOWN,-0.00072665148063781321184510250569476082004555808656036,,2025-12,ABSTENTION,,,,,,,,,,
2730,46f4ebbc2b02b95e59fc07b15343cbb8987a64c994aa7d91e53244f26ec7cdb6,2025-12-23T13:00:00Z,BALANCED,False,,87736.2,DOWN,DOWN,-0.0019171106111274479633264262641874163686140954360914,,2025-12,ABSTENTION,,,,,,,,,,
2731,57c14c6d4bdbf0fa760700a0e9d7b460980ebac6a0b3b3ece947acd4c1cc74bf,2025-12-23T14:00:00Z,BALANCED,False,,87568,DOWN,DOWN,-0.0083535081308240453133564772519641878311712040928193,,2025-12,ABSTENTION,,,,,,,,,,
2732,7172fc0ef79ead7f346c516971b3adb1a2569eda6da9452f71852511602b34f8,2025-12-23T15:00:00Z,UNCERTAIN,False,,86836.5,DOWN,UP,0.0064892067275857502317573831280625082770493974308039,,2025-12,ABSTENTION,,,,,,,,,,
2733,58694cc642dd51fe1708a4d4a858f0d92076824ceb1aa88a31605ceb9ae93818,2025-12-23T16:00:00Z,BALANCED,False,,87400,UP,UP,0.0062070938215102974828375286041189931350114416475973,,2025-12,ABSTENTION,,,,,,,,,,
2734,2a4f946f0b8d15134733f02ebbe981353c838d4e43f96303817514f274e209ec,2025-12-23T17:00:00Z,UNCERTAIN,False,,87942.5,UP,DOWN,-0.0092810643318077152684993035221877931603036074707906,,2025-12,ABSTENTION,,,,,,,,,,
2735,2c899ce770f1daefdd35a5c20ccb95121b5c2336417d219830aab2dfed09212c,2025-12-23T18:00:00Z,UNCERTAIN,False,,87126.3,DOWN,UP,0.0091992888484877700533593185984025489433156234110711,,2025-12,ABSTENTION,,,,,,,,,,
2736,85b1fbc18bab59348e42e48c0b344b3d7b043fe8d46e34099fc2e8894fba762f,2025-12-23T19:00:00Z,BALANCED,False,,87927.8,UP,DOWN,-0.0025350344259722181153173399084248667656873025368541,,2025-12,ABSTENTION,,,,,,,,,,
2737,66e7499098ea3552b8b18e34730ae860d32deae604a1f789735e5f899afbdb39,2025-12-23T20:00:00Z,BALANCED,False,,87704.9,DOWN,DOWN,-0.00056325245225751354827381366377477199107461498730402,,2025-12,ABSTENTION,,,,,,,,,,
2738,9140ee663443eae619305f8e6017e5f195a39a1424988ed17e4ac8bc656d328e,2025-12-23T21:00:00Z,BALANCED,False,,87655.5,DOWN,UP,0.00027037664493386039666649554220784776768143470746274,,2025-12,ABSTENTION,,,,,,,,,,
2739,fc94e9ab96b691dd6fd2efdefc0f73c8ba69bcc2cb5ee61d939ad1f6197d0349,2025-12-23T22:00:00Z,BALANCED,False,,87679.2,UP,DOWN,-0.0035812370550826193669650270531665434903603135065101,,2025-12,ABSTENTION,,,,,,,,,,
2740,0acc6974ad84ce543f83fcfe9fd365ba01437c0fb5b40e6f74d52874b47820f2,2025-12-23T23:00:00Z,UNCERTAIN,False,,87365.2,DOWN,UP,0.00088135779463676612655840082778955465105099055459153,,2025-12,ABSTENTION,,,,,,,,,,
2741,869bf1e210bd51b3bed3f1d9d8205437f36f54b5d00ebf00ca020ec8a8c027b3,2025-12-24T00:00:00Z,BALANCED,False,,87442.2,UP,UP,0.0020287687180789138425153987433984963781789570710709,,2025-12,ABSTENTION,,,,,,,,,,
2742,8b1b8a7f4b87e28116a4a9621beb0a6b24a0047e1e543f98f29eb74910be1df7,2025-12-24T01:00:00Z,UNCERTAIN,False,,87619.6,UP,DOWN,-0.00036407379170870444512415030426982090765079959278518,,2025-12,ABSTENTION,,,,,,,,,,
2743,a2671626a4507b4ece537c28199cf96530ae597123d930e97b7b58c63e78640e,2025-12-24T02:00:00Z,UNCERTAIN,False,,87587.7,DOWN,DOWN,-0.0057450989122901959978398793437891393426245922658090,,2025-12,ABSTENTION,,,,,,,,,,
2744,776a65bf539639a6c2cc77aff351d4e3b6eb6279c5212c93ddca16832872d6b5,2025-12-24T03:00:00Z,UNCERTAIN,False,,87084.5,DOWN,UP,0.0025503964540187978342873875373918435542490339842337,,2025-12,ABSTENTION,,,,,,,,,,
2745,32832ccce4f428de4f40d58b21fe04dabf62630b40e5ed5209fe568b2483ca21,2025-12-24T04:00:00Z,UNCERTAIN,False,,87306.6,UP,DOWN,-0.0023251392220061255391917678617653190022289265645438,,2025-12,ABSTENTION,,,,,,,,,,
2746,b1469a87009c0d01456353ddbf38c07c01962687e7d53e198a63090064d4677d,2025-12-24T05:00:00Z,UNCERTAIN,False,,87103.6,DOWN,DOWN,-0.0021342401462166890920696733544882186270142680669915,,2025-12,ABSTENTION,,,,,,,,,,
2747,0301bcfc68899217dce2ac56f18cb112905b319bcb1aefb08cc57d40797c003b,2025-12-24T06:00:00Z,UNCERTAIN,False,,86917.7,DOWN,UP,0.00077429568430825942241913902461754050095665209732885,,2025-12,ABSTENTION,,,,,,,,,,
2748,42c5032d037b4e578d46565e1691e371b15b18fad1a5128840d59f06c3a06a19,2025-12-24T07:00:00Z,BALANCED,False,,86985,UP,DOWN,-0.0013048226705753865609013048226705753865609013048227,,2025-12,ABSTENTION,,,,,,,,,,
2749,7f6d24674655d4da11969a422633eb9ba26f7b1595390f8964005a8b789a6e48,2025-12-24T08:00:00Z,UNCERTAIN,False,,86871.5,DOWN,DOWN,-0.0014619294014722895310890222915455586699895823141076,,2025-12,ABSTENTION,,,,,,,,,,
2750,526974ac0682e3f9d71ea35f952c42c167a7da2e2c2becbf68aa157d8041d388,2025-12-24T09:00:00Z,UNCERTAIN,False,,86744.5,DOWN,UP,0.00016946319363187291413288450564589109395984759840682,,2025-12,ABSTENTION,,,,,,,,,,
2751,6de51c1655e33320e9a15480d1fe5c04474f0a48ef70cf3726672e80b15a9086,2025-12-24T10:00:00Z,UNCERTAIN,False,,86759.2,UP,UP,0.0032549862147184390819647945117059631716290606644598,,2025-12,ABSTENTION,,,,,,,,,,
2752,d9c0df82cc401818b066317f9414c30b13557910fcf2af82a1811702090ebf4a,2025-12-24T11:00:00Z,UNCERTAIN,False,,87041.6,UP,UP,0.0012901876803735225455414422528997628720060293009320,,2025-12,ABSTENTION,,,,,,,,,,
2753,806b4274de543314fa9396bd0839e1dcc0f16732a997cbe08d84817177e88614,2025-12-24T12:00:00Z,UNCERTAIN,False,,87153.9,UP,UP,0.0026975270182975173801746106599934139493470745428489,,2025-12,ABSTENTION,,,,,,,,,,
2754,cb643b218e2439cbbc12e30eded2b207e3e1c5a6e29d0cad4d1d299e7bccce42,2025-12-24T13:00:00Z,UNCERTAIN,False,,87389,UP,DOWN,-0.0017610912128528762201192369749053084484317248166245,,2025-12,ABSTENTION,,,,,,,,,,
2755,e5cfa095627973990c202bc7e365887197ba6480ff97e79b27a6788b64eac14d,2025-12-24T14:00:00Z,UNCERTAIN,False,,87235.1,DOWN,DOWN,-0.0034894211160415933494659833025926490598394453608696,,2025-12,ABSTENTION,,,,,,,,,,
2756,5d6a4c5483660a2e12a759de40fe303da7ec9815316c0f9b9af3599d576b73e4,2025-12-24T15:00:00Z,UNCERTAIN,False,,86930.7,DOWN,UP,0.00096513659731257196824597064098183955725652732578939,,2025-12,ABSTENTION,,,,,,,,,,
2757,fff260bcf55cba4b5022b9d55b89c891f329c99380a3d40e0aebcaab47a40e4f,2025-12-24T16:00:00Z,BALANCED,False,,87014.6,UP,UP,0.0027259793184132318024791241929515276746660905181429,,2025-12,ABSTENTION,,,,,,,,,,
2758,fc3a7ffd97303848ed392e0264c427ec8d9707fcf584de7a07a6cf5e79b3faf7,2025-12-24T17:00:00Z,UNCERTAIN,False,,87251.8,UP,UP,0.00037363126032929979668041232387182843219280289919520,,2025-12,ABSTENTION,,,,,,,,,,
2759,f8e9c56e95324e5a4cb59211e47fbe5a2ab75adedf836858194785027eddbf97,2025-12-24T18:00:00Z,UNCERTAIN,False,,87284.4,UP,UP,0.0017357053494095164771711783548950327893644225084895,,2025-12,ABSTENTION,,,,,,,,,,
2760,9a47e6ac9b8e46c28f8a6588263c1f04133611fe01a51dcb6b75d25244d08d8e,2025-12-24T19:00:00Z,BALANCED,False,,87435.9,UP,UP,0.0010624926374635590186639583969513666583176933044665,,2025-12,ABSTENTION,,,,,,,,,,
2761,51895617f6e0758c87c0ee94b6cd4eb78f445f97df62ad22cf5c17568a4c6787,2025-12-24T20:00:00Z,UNCERTAIN,False,,87528.8,UP,DOWN,-0.000075403752821928325305499447039145972525614426337388,,2025-12,ABSTENTION,,,,,,,,,,
2762,36f8bd56fe4b53c15ff237ee727caf0a70e41f81291691c7cd1566ff1a7994b4,2025-12-24T21:00:00Z,BALANCED,False,,87522.2,DOWN,UP,0.0015436083645063766678625537292252708455683243794146,,2025-12,ABSTENTION,,,,,,,,,,
2763,59ead082b866d7cf3ec949eb723354892a3c020bce9168cddd263a33b9c58c97,2025-12-24T22:00:00Z,UNCERTAIN,False,,87657.3,UP,UP,0.0034281229287235632400267861319023059117723224420556,,2025-12,ABSTENTION,,,,,,,,,,
2764,b739169228e56fb2e94160d1fe18caf22a83eec096585c24d066bfb103e8f5c4,2025-12-24T23:00:00Z,UNCERTAIN,False,,87957.8,UP,DOWN,-0.0037256502550086518762406517670974035276007358073985,,2025-12,ABSTENTION,,,,,,,,,,
2765,28b5f60991e32ad804128e162c3cf5129e53ad30d4dfc4d49467af7fc5510d43,2025-12-25T00:00:00Z,UNCERTAIN,False,,87630.1,DOWN,DOWN,-0.0011868068163793034585148253853413381931550916865324,,2025-12,ABSTENTION,,,,,,,,,,
2766,91e0618e8be4333977d5592fb4ab1c28475ac6525572c6ffdf6030222581c8fd,2025-12-25T01:00:00Z,BALANCED,False,,87526.1,DOWN,UP,0.0016315133428771532148696217471131468213481464386052,,2025-12,ABSTENTION,,,,,,,,,,
2767,62be902da94b3f8fb84e78e774327f43174964084e034d756d1d391c990fdff6,2025-12-25T02:00:00Z,UNCERTAIN,False,,87668.9,UP,UP,0.0019710524484737461060877916798317305224543709342766,,2025-12,ABSTENTION,,,,,,,,,,
2768,39efa127141b07f30285aed6b237aa864166562ef4a14f659c5f43d77469f476,2025-12-25T03:00:00Z,UNCERTAIN,False,,87841.7,UP,DOWN,-0.00042462748330234956746055688812944193930673017484862,,2025-12,ABSTENTION,,,,,,,,,,
2769,56717abd6dd0a0c8c5f612d97c40749d122ecc8211a58d53deb6086f7a5bd007,2025-12-25T04:00:00Z,UNCERTAIN,False,,87804.4,DOWN,DOWN,-0.00073230954257417623718173576722806601947055045077468,,2025-12,ABSTENTION,,,,,,,,,,
2770,3aa7b99abd0172a26c973c21885ec7ffa7fdff916ef5310cca1923f6cd597454,2025-12-25T05:00:00Z,BALANCED,False,,87740.1,DOWN,DOWN,-0.00036585324156229591714620794824715267021578502873829,,2025-12,ABSTENTION,,,,,,,,,,
2771,d19f42a60e743aa3cc1a19fb2e5d4e3b2204c68be882131a84679cbbaf894d85,2025-12-25T06:00:00Z,BALANCED,False,,87708,DOWN,UP,0.00094176129885529256168194463446891959684407351666895,,2025-12,ABSTENTION,,,,,,,,,,
2772,7fc55212941a0e4f74c1545ff0f6abb6f7c17a6e468dfdd35ce2fe32feabcb10,2025-12-25T07:00:00Z,UNCERTAIN,False,,87790.6,UP,DOWN,-0.000047841112829847386850072786835948267809993325025686,,2025-12,ABSTENTION,,,,,,,,,,
2773,15049cc0d3182fc962c25660b7dbcc95367fc40a1119cb18ea138dd50ca0fde7,2025-12-25T08:00:00Z,BALANCED,False,,87786.4,DOWN,DOWN,-0.0027509955984070425487319220289247537203940473695242,,2025-12,ABSTENTION,,,,,,,,,,
2774,3c5feaccd52ee4fd6b0fddfe253869cd3094d5f2a5f4d3ac903a1d1591604e02,2025-12-25T09:00:00Z,BALANCED,False,,87544.9,DOWN,DOWN,-0.00075504112746716256458114636032481618004018509359197,,2025-12,ABSTENTION,,,,,,,,,,
2775,81178983ba894186fb913607f9ba80c1774f6a72312a2afb5464e3f70d651bf4,2025-12-25T10:00:00Z,UNCERTAIN,False,,87478.8,DOWN,DOWN,-0.0011374184373813998363031957457121039611883107678660,,2025-12,ABSTENTION,,,,,,,,,,
2776,fb0d84feddef61bf919c4f2766ae065aae38dbaf8c3655576905a4e054433359,2025-12-25T11:00:00Z,UNCERTAIN,False,,87379.3,DOWN,UP,0.0011272692731573725127118207630411321674584255081009,,2025-12,ABSTENTION,,,,,,,,,,
2777,b1428a93e66b70a2393db34d1ae349400d47ee70813607968535331069375392,2025-12-25T12:00:00Z,UNCERTAIN,False,,87477.8,UP,UP,0.00048583754964116610157091284874562460418529043940291,,2025-12,ABSTENTION,,,,,,,,,,
2778,b5b53058e48a9a7c5b17cdaf047b89987180cfdbd02ca7648d18c693e70842c6,2025-12-25T13:00:00Z,UNCERTAIN,False,,87520.3,UP,UP,0.00074497002409726657701127624105493239854068141905364,,2025-12,ABSTENTION,,,,,,,,,,
2779,22003c7746e6e6738cc21eb51e3f6e1cb1d6d88ea44add0931877c4681436ab0,2025-12-25T14:00:00Z,BALANCED,False,,87585.5,UP,UP,0.0010332760559681682470271905737821899743679033629996,,2025-12,ABSTENTION,,,,,,,,,,
2780,ae3b8cd15933a6cbcb2b52ccdd6623825e679431fa075b64616773419f900ce9,2025-12-25T15:00:00Z,UNCERTAIN,False,,87676,UP,UP,0.0075083261097677813768876317350244080478124002007391,,2025-12,ABSTENTION,,,,,,,,,,
2781,907e24ad730926e8583b3a70cda558c86889ba2e3e3b8471616059f5f7a2dc97,2025-12-25T16:00:00Z,UNCERTAIN,False,,88334.3,UP,DOWN,-0.0032173232821225729982577549151348909766647836684051,,2025-12,ABSTENTION,,,,,,,,,,
2782,6cfb823de20efc5862e49d899b3e1102e169573acde0adfcaf0f46f587d231e3,2025-12-25T17:00:00Z,UNCERTAIN,False,,88050.1,DOWN,UP,0.00054287275085434315236439254469898387395357870121669,,2025-12,ABSTENTION,,,,,,,,,,
2783,45b84f26a184b19bf89c364bc9fe530c7cfbc6a73d88873ab30503295c9ef81a,2025-12-25T18:00:00Z,UNCERTAIN,False,,88097.9,UP,UP,0.0011407763408662408525061323822701789713489197812888,,2025-12,ABSTENTION,,,,,,,,,,
2784,38ace010961e4dbf4caa45044e75d45b644ba7937c5c0245577bba112fde50f5,2025-12-25T19:00:00Z,UNCERTAIN,False,,88198.4,UP,DOWN,-0.0010147576373267542268340468761338074160075466221609,,2025-12,ABSTENTION,,,,,,,,,,
2785,27ba524a0f012a2569bd700d6a2a339b2ab9f10eb5a211c0387bd32c834fc291,2025-12-25T20:00:00Z,UNCERTAIN,False,,88108.9,DOWN,DOWN,-0.0029928872111670898172602313727671097925408216423086,,2025-12,ABSTENTION,,,,,,,,,,
2786,428c0dcb67573fae3e2aad437e1e91fdceaf8ae3323cad7cd80531f6659d3960,2025-12-25T21:00:00Z,UNCERTAIN,False,,87845.2,DOWN,UP,0.00011042151420908598307021897610797175030622048785819,,2025-12,ABSTENTION,,,,,,,,,,
2787,fe90ac3c844df5b032db55cec87941431a83018a32f614c9dea550fb61d1edca,2025-12-25T22:00:00Z,UNCERTAIN,False,,87854.9,UP,DOWN,-0.0027647860278709554048778155800074896220927916371198,,2025-12,ABSTENTION,,,,,,,,,,
2788,da794fbd150e9565805a6c71653f7bbe1808611e1694b38fe67a074e210ef4c0,2025-12-25T23:00:00Z,UNCERTAIN,False,,87612,DOWN,DOWN,-0.0049262658083367575218006665753549742044468794229101,,2025-12,ABSTENTION,,,,,,,,,,
2789,0f5c8003d02dab9a5e1a67c9bb45451469b5702b9864e7b7601742dee5e5a808,2025-12-26T00:00:00Z,UNCERTAIN,False,,87180.4,DOWN,DOWN,-0.0010679005831585998687778445613922395400801097494391,,2025-12,ABSTENTION,,,,,,,,,,
2790,0ef05e9bff6db0895637c5a731dab143f1ac9d072e300bbd7ccb1b14f4b92623,2025-12-26T01:00:00Z,UNCERTAIN,False,,87087.3,DOWN,UP,0.0034138157917400126080381410377862214123069609460851,,2025-12,ABSTENTION,,,,,,,,,,
2791,040b7bc704829617a9c0469a9367d28c5ef086bccd3ead4189307a0520fef996,2025-12-26T02:00:00Z,UNCERTAIN,False,,87384.6,UP,UP,0.020207221867468638638844830782540630728984283271881,,2025-12,ABSTENTION,,,,,,,,,,
2792,021f2eed9edbb555de1d2f31f42e6500ad48feeaa2b8eb1fc5775344b95a4645,2025-12-26T03:00:00Z,UNCERTAIN,False,,89150.4,UP,DOWN,-0.0040033471526768247814928480410631920888745311294173,,2025-12,ABSTENTION,,,,,,,,,,
2793,4b2f42baa56861f91fcfec2e6bb1becb54c03076a9f1f84008f58e21cbdedd14,2025-12-26T04:00:00Z,BALANCED,False,,88793.5,DOWN,UP,0.0015766919875891816405480130865434969902076165485086,,2025-12,ABSTENTION,,,,,,,,,,
2794,99af484d8dc7dcd5260af74550af56447e90680dd4ca2028be62e557e3d0e807,2025-12-26T05:00:00Z,UNCERTAIN,False,,88933.5,UP,UP,0.00024737584824616145771840757419869902792535995997009,,2025-12,ABSTENTION,,,,,,,,,,
2795,ab4f78302892988c78e1a914efdbf9a792da89be655dcf0ed0d8a59502cddadc,2025-12-26T06:00:00Z,UNCERTAIN,False,,88955.5,UP,UP,0.0015367234178887196407192360225056348398918560403797,,2025-12,ABSTENTION,,,,,,,,,,
2796,82da85050ccf129d3b85c1f9cc4ca225d031f5765a049a8a831ea22daf5d111a,2025-12-26T07:00:00Z,UNCERTAIN,False,,89092.2,UP,DOWN,-0.0072464256130166277182514294180635341814434933697899,,2025-12,ABSTENTION,,,,,,,,,,
2797,63b10fbd62126c4c900530ae872680b47a1ffe353e28ae9499fa304a7b28a21c,2025-12-26T08:00:00Z,UNCERTAIN,False,,88446.6,DOWN,UP,0.0028582217971069549309979128649377138295875703531849,,2025-12,ABSTENTION,,,,,,,,,,
2798,463cd9b897a235172c27241815774f7c108b4cf9de03ae4f5ff602ca6032cd9d,2025-12-26T09:00:00Z,UNCERTAIN,False,,88699.4,UP,UP,0.00089290344692297805847615654671846709222384818837557,,2025-12,ABSTENTION,,,,,,,,,,
2799,11d712b3f4857c850445233386c653d8f7a060832c95aafca8861175cf9fdb1b,2025-12-26T10:00:00Z,UNCERTAIN,False,,88778.6,UP,DOWN,-0.00070512488369945009270252065249958886488410495322071,,2025-12,ABSTENTION,,,,,,,,,,
2800,f656ffd94916ba5e8d64c40170c9503ce164ba3450cc04ae6506e9ff056aa096,2025-12-26T11:00:00Z,UNCERTAIN,False,,88716,DOWN,DOWN,-0.0025305469137472383786464673790522566391631723702602,,2025-12,ABSTENTION,,,,,,,,,,
2801,e382ba95856fb008394632842b12c7a18b544e2f66ae9cd4ba804f423ea120b0,2025-12-26T12:00:00Z,UNCERTAIN,False,,88491.5,DOWN,UP,0.0017481905041727171536249244277698988038399168281699,,2025-12,ABSTENTION,,,,,,,,,,
2802,b0db944b55b3f658920de75a5abb86706e5ed4daf7e3c06ec284adec8555c21c,2025-12-26T13:00:00Z,BALANCED,False,,88646.2,UP,UP,0.0034113137393368243647217816443344441160478396141064,,2025-12,ABSTENTION,,,,,,,,,,
2803,0799285daff2008c2b8c1013652e0e32b82b257966afda54f07eb9605a847205,2025-12-26T14:00:00Z,UNCERTAIN,False,,88948.6,UP,DOWN,-0.018049750080383502382274706965595860980386425418725,,2025-12,ABSTENTION,,,,,,,,,,
2804,6b048fe0e2e399b15c499b3cc6fff2c71b38593c0b4c2c5d0a0661219d715167,2025-12-26T15:00:00Z,UNCERTAIN,False,,87343.1,DOWN,DOWN,-0.0028428118534835608078943843303019929450637772188072,,2025-12,ABSTENTION,,,,,,,,,,
2805,3a77bd558cdcae5bd70e553d176ceb84a19a8732a2e8a10cd48fab32a5fbbcb1,2025-12-26T16:00:00Z,UNCERTAIN,False,,87094.8,DOWN,DOWN,-0.0033274087545984375645847972554044558343322448642169,,2025-12,ABSTENTION,,,,,,,,,,
2806,38388b902657a8a96cbbe7d1abbcf15261ae1c5223077c2aa3337b5d79e53d53,2025-12-26T17:00:00Z,UNCERTAIN,False,,86805,DOWN,UP,0.0054674269915327458095731812683601175047520304129946,,2025-12,ABSTENTION,,,,,,,,,,
2807,59e2a5ecc6c1817d97190713d8678f72c0d103b21864e3c8ef5027b9bc7c4154,2025-12-26T18:00:00Z,UNCERTAIN,False,,87279.6,UP,DOWN,-0.00057860026856218406133850292622789288676850031393361,,2025-12,ABSTENTION,,,,,,,,,,
2808,1d79296a4bbcfc68622a1b7e654f159a7c1c7ef69441acd4523c34b769db1c54,2025-12-26T19:00:00Z,UNCERTAIN,False,,87229.1,DOWN,UP,0.0025335581818452786971320350662794870060564651016691,,2025-12,ABSTENTION,,,,,,,,,,
2809,0788af65042db16e8e18c5863c9285a3b7a07c5d0ad4c6dfae6bb4ec8383dd5d,2025-12-26T20:00:00Z,UNCERTAIN,False,,87450.1,UP,UP,0.0011618054181756224406833153992962843953294507381924,,2025-12,ABSTENTION,,,,,,,,,,
2810,f0fc8a3df07db35f318817a8011b7ac30dcc6b69c5d3698a226c1646af6c02b5,2025-12-26T21:00:00Z,UNCERTAIN,False,,87551.7,UP,DOWN,-0.0013911780125343083001243836498891512100850126268251,,2025-12,ABSTENTION,,,,,,,,,,
2811,6d8dec423c5bd1e1877be4e74e59738d4f6227b6074f72aa0b506434ff3cb5a4,2025-12-26T22:00:00Z,UNCERTAIN,False,,87429.9,DOWN,UP,0.00093103160360471646427595136217701266957871391823621,,2025-12,ABSTENTION,,,,,,,,,,
2812,a28c3048336ebf766b63274cde071eed01f16d5f110354b2b7c61aab2dc41055,2025-12-26T23:00:00Z,BALANCED,False,,87511.3,UP,DOWN,-0.0020945866419536676977716020673901541858022906756042,,2025-12,ABSTENTION,,,,,,,,,,
2813,0d834a7fe9e0d6c7a786a5a54751a320306c0d6a2cc6f6794751aee0994686d9,2025-12-27T00:00:00Z,BALANCED,False,,87328,DOWN,UP,0.00032063026749725174056430927079516306339318431659949,,2025-12,ABSTENTION,,,,,,,,,,
2814,0b16e73693eb3c287b8dd9e37d3964e383e618aac75d05bdf77627da97da95d8,2025-12-27T01:00:00Z,UNCERTAIN,False,,87356,UP,UP,0.00084023993772608635926553413617839644672375108750401,,2025-12,ABSTENTION,,,,,,,,,,
2815,01e414506c36dfd821aabe6ba632e96a381b53cc772e3a05494e514adba14d2e,2025-12-27T02:00:00Z,UNCERTAIN,False,,87429.4,UP,DOWN,-0.00024248136210473822306912777624002909776345256858677,,2025-12,ABSTENTION,,,,,,,,,,
2816,eb05868e1ae6b4cf2319fbb05d8851e380bd99258779205eb2d4d79ab5c50aad,2025-12-27T03:00:00Z,UNCERTAIN,False,,87408.2,DOWN,UP,0.00074706949691218901659112074153225898714308268560616,,2025-12,ABSTENTION,,,,,,,,,,
2817,aeb46d19b424691f507fde8af3658688786e5fc397adb28db1544886f3de6920,2025-12-27T04:00:00Z,BALANCED,False,,87473.5,UP,DOWN,-0.00049843666939130136555642566034284669071204421910636,,2025-12,ABSTENTION,,,,,,,,,,
2818,e31924e0102a89aaec01f156a76e92ad61dac506e5d0dc9a688b6927c4a80e04,2025-12-27T05:00:00Z,BALANCED,False,,87429.9,DOWN,UP,0.00035914486920378497516295912496754542782274713799284,,2025-12,ABSTENTION,,,,,,,,,,
2819,71ad830d301897d011f33c55c84753b3d58ab24a09d7d47c628d78bc9db3a1ec,2025-12-27T06:00:00Z,BALANCED,False,,87461.3,UP,DOWN,-0.00029956106300729579825591433010943125702453542309570,,2025-12,ABSTENTION,,,,,,,,,,
2820,b56f692e621140ba3b874eaa94cd7cff8b973456808cfa246a661925119ed49a,2025-12-27T07:00:00Z,BALANCED,False,,87435.1,DOWN,UP,0.00066220545295882317284477286581704601470118979677498,,2025-12,ABSTENTION,,,,,,,,,,
2821,2a19d5a08476bcd3aa499633194fe7235791384c7e7a637f6898ad8ed7daafe7,2025-12-27T08:00:00Z,UNCERTAIN,False,,87493,UP,UP,0.00063890825551758426388396786028596573440160927159887,,2025-12,ABSTENTION,,,,,,,,,,
2822,6b6403cc4601fd8b55cf64095aef20e1ed5e7259dbd821c16bd7503837c37d19,2025-12-27T09:00:00Z,UNCERTAIN,False,,87548.9,UP,UP,0.00029012357665259072358419123484132867460356440800513,,2025-12,ABSTENTION,,,,,,,,,,
2823,c127ee6de0d230475697d0615e74b1fc47a613747102ee95d096e2d069a8bd64,2025-12-27T10:00:00Z,UNCERTAIN,False,,87574.3,UP,DOWN,-0.0012526506063993660240504348878609363706018774914558,,2025-12,ABSTENTION,,,,,,,,,,
2824,aa6b2ba9618ace14f3218485613ce7f357bc0415344eccae2f3cfd6efb8914b0,2025-12-27T11:00:00Z,BALANCED,False,,87464.6,DOWN,DOWN,-0.00032012951525531472161308689458363726581954299225058,,2025-12,ABSTENTION,,,,,,,,,,
2825,3d6b637bcb9a5073d2ace5ec65ebc60cfe301501daf05bf2479df744f5815724,2025-12-27T12:00:00Z,BALANCED,False,,87436.6,DOWN,UP,0.000048034804647024243852116848093361361260616263669905,,2025-12,ABSTENTION,,,,,,,,,,
2826,c4f4cc43fdace6b46300797ad1c25e6de70807567cdeedd396ea03d5108acf5f,2025-12-27T13:00:00Z,BALANCED,False,,87440.8,UP,DOWN,-0.00032136028032680396336721530452603361359914364918894,,2025-12,ABSTENTION,,,,,,,,,,
2827,b877927e6d1254a0934f89be7443d80d582502819ecc98d9859f6aa83bbc1b14,2025-12-27T14:00:00Z,BALANCED,False,,87412.7,DOWN,UP,0.0010124386959789595791000621191199905734521413936419,,2025-12,ABSTENTION,,,,,,,,,,
2828,d3108337a0914d6562e75edf49bc1ceece66b62ea90896d50a8c9967cd5332e8,2025-12-27T15:00:00Z,UNCERTAIN,False,,87501.2,UP,UP,0.00021142567187649997942885354715135335286830352040886,,2025-12,ABSTENTION,,,,,,,,,,
2829,f59f8e85d52754f7765fb77cf2247bd5e20b41e2e07b2bcbf198421ed7540986,2025-12-27T16:00:00Z,UNCERTAIN,False,,87519.7,UP,DOWN,-0.00068213213710741695869615640821437916263424120512296,,2025-12,ABSTENTION,,,,,,,,,,
2830,f243ee38d176f950b975539eb18a4757881790acf0601d142ee60817a59dade3,2025-12-27T17:00:00Z,BALANCED,False,,87460,DOWN,UP,0.00061971186828264349416876286302309627258175165790075,,2025-12,ABSTENTION,,,,,,,,,,
2831,23f339d5c3307fd4c8b30d8e0c5f2797f489090ba224f1f1d7804e7ed7190eb3,2025-12-27T18:00:00Z,UNCERTAIN,False,,87514.2,UP,DOWN,-0.00069360172406306633666307867751747716370600428273354,,2025-12,ABSTENTION,,,,,,,,,,
2832,e423945bb30dd860f4b3e19cd430929f2ba5d8bbf3b3df2829e77f66a5aab5d2,2025-12-27T19:00:00Z,UNCERTAIN,False,,87453.5,DOWN,UP,0.00086903325767407822442783879433070145848936863590365,,2025-12,ABSTENTION,,,,,,,,,,
2833,36b5d1539d6c020a586f5fe62c94715c0078a0180b65b6beb1ea5ae54b9fa881,2025-12-27T20:00:00Z,UNCERTAIN,False,,87529.5,UP,DOWN,-0.000065120902095864822716912583757476050931400270765856,,2025-12,ABSTENTION,,,,,,,,,,
2834,b7e9b3ab3c49aa436d78875179357ef01dc46a2fd3c897fd5b8383218bdaebf0,2025-12-27T21:00:00Z,BALANCED,False,,87523.8,DOWN,UP,0.0012545159145283911347542039993693144036250711235115,,2025-12,ABSTENTION,,,,,,,,,,
2835,469faa9a2fafea343a13fb86c957f2b35f6875af728dbe03a639f4cac639f16a,2025-12-27T22:00:00Z,UNCERTAIN,False,,87633.6,UP,DOWN,-0.0013293987694217742966168227711745266655711964360702,,2025-12,ABSTENTION,,,,,,,,,,
2836,0dbfecbe3c71eb0b7fef60d5728eb497ce468a726b89dfa8b25086cef22ea27b,2025-12-27T23:00:00Z,BALANCED,False,,87517.1,DOWN,UP,0.0036164361022017411454447188035252539218049958236733,,2025-12,ABSTENTION,,,,,,,,,,
2837,fe0179ad617a1e0f3fecef6a30b0a7b88a92eea3e62a6400fb1e10fc6991dfa6,2025-12-28T00:00:00Z,UNCERTAIN,False,,87833.6,UP,DOWN,-0.00031081499562809676479160594578839988341591372777616,,2025-12,ABSTENTION,,,,,,,,,,
2838,13a7e8333dd2d4467a83baeb15975c963e80a1e5717cc811cf344a755490bb31,2025-12-28T01:00:00Z,UP,True,AL-2025-12-28T00:00:00+00:00-68b7721c4c42,87806.3,DOWN,DOWN,-0.00065143389483442532027884103987982639058928573462269,True,2025-12,PAIRED,False,True,PERSISTENCE_ONLY,AL-2025-12-28T00:00:00+00:00-68b7721c4c42,1,ALREADY_ACTIVE_AT_CUTOFF,2025-12-28T00:38:00Z,,INVALIDATED,2025-12-28T04:01:00Z
2839,6e0c180a21890d01f36ccc9f30c80f8f267f7a6e9a0205094e80ade392ccac30,2025-12-28T02:00:00Z,UP,True,AL-2025-12-28T00:00:00+00:00-68b7721c4c42,87749.1,DOWN,UP,0.00012535741107316200394078115900903826933837498048413,True,2025-12,PAIRED,True,False,MV_ONLY,AL-2025-12-28T00:00:00+00:00-68b7721c4c42,2,ALREADY_ACTIVE_AT_CUTOFF,2025-12-28T00:38:00Z,,INVALIDATED,2025-12-28T04:01:00Z
2840,861d54b92500edcd7e38ff7d01f0a628df0a1b7d62836970061a000d1382a89a,2025-12-28T03:00:00Z,UP,True,AL-2025-12-28T00:00:00+00:00-68b7721c4c42,87760.1,UP,DOWN,-0.00076572383121714765593931638637604104826680917637970,True,2025-12,PAIRED,False,False,NEITHER,AL-2025-12-28T00:00:00+00:00-68b7721c4c42,3,ALREADY_ACTIVE_AT_CUTOFF,2025-12-28T00:38:00Z,,INVALIDATED,2025-12-28T04:01:00Z
2841,c415f6516d5ffc49c860d90aae6e4eb66ce3fee4445e41f6d21c3de23f917f9b,2025-12-28T04:00:00Z,UP,True,AL-2025-12-28T00:00:00+00:00-68b7721c4c42,87692.9,DOWN,DOWN,-0.00011403431748750468966130667363036232123695304865046,True,2025-12,PAIRED,False,True,PERSISTENCE_ONLY,AL-2025-12-28T00:00:00+00:00-68b7721c4c42,4,ALREADY_ACTIVE_AT_CUTOFF,2025-12-28T00:38:00Z,,INVALIDATED,2025-12-28T04:01:00Z
2842,b05c2fc2d10f328adf2cf99ff4bc4251722765416907966f06787899216ff0fa,2025-12-28T05:00:00Z,BALANCED,False,,87682.9,DOWN,DOWN,-0.00076411706273401085046229082295407656452968594788722,,2025-12,ABSTENTION,,,,,,,,,,
2843,b51e95b044e3c32b831a0de83819ab7c77e55a14964f74410ec5c0731a8e082d,2025-12-28T06:00:00Z,UNCERTAIN,False,,87615.9,DOWN,UP,0.00082861672367686687005440793280671658911225017376983,,2025-12,ABSTENTION,,,,,,,,,,
2844,58066713b3adf3567ed0d38f0798632a92907e5ce26efa145f4d008837a92854,2025-12-28T07:00:00Z,UNCERTAIN,False,,87688.5,UP,UP,0.000074126025647604874071286428665104318126094071628549,,2025-12,ABSTENTION,,,,,,,,,,
2845,361b7fe3cb8a728e25a8f8d07d3e2775ebbda75550d29a3e09b6d2e819dc13c5,2025-12-28T08:00:00Z,UNCERTAIN,False,,87695,UP,UP,0.00072067962825702719653343976281429956097839101431096,,2025-12,ABSTENTION,,,,,,,,,,
2846,3070051917a6e2ebe7d73c512332873fce55360dae282b5e8fcabad30ec974f3,2025-12-28T09:00:00Z,DOWN,True,CS-2025-12-28T08:45:00+00:00-577e527d47b7,87758.2,UP,UP,0.000074067152699120993821659970236399561522456021203717,False,2025-12,PAIRED,False,True,PERSISTENCE_ONLY,box-2025-12-28T08:15:00+00:00-99d8b2880b41,1,NOT_ACTIVATED_AT_1H,,,WITHDRAWN,2025-12-28T09:15:00Z
2847,9b031100ec2260746cd7d16f2a1f78ae01ba38c9eabb427ed8525cbdac3dc780,2025-12-28T10:00:00Z,BALANCED,False,,87764.7,UP,UP,0.00068592497894939537194338954044165820654545620277857,,2025-12,ABSTENTION,,,,,,,,,,
2848,6fd85b1dd34a01efb028ba70ff50494dec29324009eded3903119cbf793800dd,2025-12-28T11:00:00Z,BALANCED,False,,87824.9,UP,UP,0.00026074609820221827750444350064731072850638030900121,,2025-12,ABSTENTION,,,,,,,,,,
2849,fe1de085c17c6fa47fa3d5e1f855c965fbbe88b30b00ad0bc975f1a9cdbcfdcd,2025-12-28T12:00:00Z,UNCERTAIN,False,,87847.8,UP,DOWN,-0.00045988630335648701504192478354608766525741111331189,,2025-12,ABSTENTION,,,,,,,,,,
2850,2606ffb5a021843294e9d30431be36fd0348d456be24735a40f89d9fd33c76ca,2025-12-28T13:00:00Z,UNCERTAIN,False,,87807.4,DOWN,UP,0.00059334406895090846557351658288481380840339196924177,,2025-12,ABSTENTION,,,,,,,,,,
2851,60e7860e962efafd3b3379eb52c992f851d6f2df403d7921301b8a4a7d81c7bd,2025-12-28T14:00:00Z,UNCERTAIN,False,,87859.5,UP,UP,0.000073981754961045760560895520689282320067835578395051,,2025-12,ABSTENTION,,,,,,,,,,
2852,991424f997607385b5a85c3ad0d6cf79fcd961c932974b65db303d90e0d55bad,2025-12-28T15:00:00Z,UNCERTAIN,False,,87866,UP,DOWN,-0.00082967245578494525755127125395488584890628912207225,,2025-12,ABSTENTION,,,,,,,,,,
2853,0b5dce64191096f2ca0b21f402fe7710c31c5c84937b5b9e1e4e3d34cb40f6cc,2025-12-28T16:00:00Z,UNCERTAIN,False,,87793.1,DOWN,DOWN,-0.00021755696062674629327361717492604771901208637125241,,2025-12,ABSTENTION,,,,,,,,,,
2854,1e201d338e948184a963d49aa58fecdd2201f68e5fffb7e1d0ec22b4cdda5f0f,2025-12-28T17:00:00Z,UNCERTAIN,False,,87774,DOWN,DOWN,-0.00067332011757468042928429831157290313760339052566819,,2025-12,ABSTENTION,,,,,,,,,,
2855,548e014397a432098a800b3cba555f32605b7d7d12f36518d764f3d0d9a9e764,2025-12-28T18:00:00Z,BALANCED,False,,87714.9,DOWN,DOWN,-0.0017864695735844195227948729349289573379209233550970,,2025-12,ABSTENTION,,,,,,,,,,
2856,3c0a59fea6effd0a197707327cc94be88b866bf1befd800d6f25915a8daeee94,2025-12-28T19:00:00Z,UNCERTAIN,False,,87558.2,DOWN,DOWN,-0.00087484667341265581064937378794904417861490985424552,,2025-12,ABSTENTION,,,,,,,,,,
2857,1af93e00be30679bfde922b88c979f15216609951e7a1e00148ead4efc2bba9b,2025-12-28T20:00:00Z,DOWN,True,AS-2025-12-28T18:45:00+00:00-54ffabdfc4c0,87481.6,DOWN,DOWN,-0.00015431816519130880093642548833126051649718340771088,True,2025-12,PAIRED,True,True,BOTH,AS-2025-12-28T18:45:00+00:00-54ffabdfc4c0,1,ALREADY_ACTIVE_AT_CUTOFF,2025-12-28T19:29:00Z,,DESTINATION_REACHED,2025-12-28T20:06:00Z
2858,8c6f3cd8835b4a25d5c5cb9138ba01d9fb0585375142cdfd5b81e933c7f79cef,2025-12-28T21:00:00Z,UNCERTAIN,False,,87468.1,DOWN,UP,0.00092833844567333690796987701802142724033104640434627,,2025-12,ABSTENTION,,,,,,,,,,
2859,0a94642f3058a23d1b8ad8f0dbc13d9e41760c3e0de76cdcb63ebbdb9d7648de,2025-12-28T22:00:00Z,UNCERTAIN,False,,87549.3,UP,UP,0.0035991150129127246020242309190364743064764652601449,,2025-12,ABSTENTION,,,,,,,,,,
2860,1fd438b3bcd9caecc399c3f9cabd38e4d9ad263127ec6bef27ec5b777770e271,2025-12-28T23:00:00Z,UNCERTAIN,False,,87864.4,UP,UP,0.00055312504267940144131183960739503143480180824088027,,2025-12,ABSTENTION,,,,,,,,,,
2861,b9e45d8e73162496db6591371403dc9415b6ad396a9ad3c9a2b96363d9b1d26e,2025-12-29T00:00:00Z,UNCERTAIN,False,,87913,UP,UP,0.0039413966080101918942590970618679831196751333704913,,2025-12,ABSTENTION,,,,,,,,,,
2862,19fb16db47cdfcf0b5f4224233e4014d83e35959f5543a43febd2744722e504c,2025-12-29T01:00:00Z,UNCERTAIN,False,,88259.5,UP,UP,0.0017051988737756275528413371931633421897926002300036,,2025-12,ABSTENTION,,,,,,,,,,
2863,31a9b1c6ac96082a33671aabb64ebf6187f3c1c0a50e92a4ae87564e3e3b40ad,2025-12-29T02:00:00Z,UNCERTAIN,False,,88410,UP,UP,0.0080884515326320551973758624589978509218414206537722,,2025-12,ABSTENTION,,,,,,,,,,
2864,1d8d451ed55e6dbc1355944c236b87a6f48bf0faac6d2a293514e54f8e03bae3,2025-12-29T03:00:00Z,UNCERTAIN,False,,89125.1,UP,UP,0.010772498431979318957285882428182408771490859477297,,2025-12,ABSTENTION,,,,,,,,,,
2865,0a508a94e84f6d316b8b038d5d0a59480d017d814ef10ef2d9369dccff2fa2e0,2025-12-29T04:00:00Z,UNCERTAIN,False,,90085.2,UP,UP,0.00012321668820183559563613112919769285076793968376603,,2025-12,ABSTENTION,,,,,,,,,,
2866,31db2fecc67f18cce9ed610397390da7bc0a6999563a5b1eef5a95f296eda7da,2025-12-29T05:00:00Z,UNCERTAIN,False,,90096.3,UP,DOWN,-0.0017192714906161518286544508487029989022856654490806,,2025-12,ABSTENTION,,,,,,,,,,
2867,90c9bc3e39aafc8b21f0c593018562c9bac43839d2607abc967064c62d41e8d5,2025-12-29T06:00:00Z,UNCERTAIN,False,,89941.4,DOWN,DOWN,-0.0023137287166977609865979404367732768224644046012181,,2025-12,ABSTENTION,,,,,,,,,,
2868,e846fb69e358f3822cfa9e8268a2c61b3ded89e5cdd6f0992688a269fa99a68b,2025-12-29T07:00:00Z,UNCERTAIN,False,,89733.3,DOWN,DOWN,-0.0016905652639544071153072493711921884072022315015719,,2025-12,ABSTENTION,,,,,,,,,,
2869,6cb54bfaa79b5efdbc6b7ea58f807fd2e9cc4c4d5400e16601ca18a29adf307e,2025-12-29T08:00:00Z,UNCERTAIN,False,,89581.6,DOWN,DOWN,-0.00069433901604793841592469882207953419005688668208650,,2025-12,ABSTENTION,,,,,,,,,,
2870,0c6c313bfb22848873627155a885bbe33a8b77d15e08b2e04cad846ebe4360ad,2025-12-29T09:00:00Z,UNCERTAIN,False,,89519.4,DOWN,DOWN,-0.016055737638992218446504333138962057386443608871373,,2025-12,ABSTENTION,,,,,,,,,,
2871,ba83afed1ec1c6b6afbd2fd59ac8ebae953c2409a8f624b8c6030b65e8d87ba4,2025-12-29T10:00:00Z,UNCERTAIN,False,,88082.1,DOWN,DOWN,-0.0037635342481616582710902669214289850037635342481617,,2025-12,ABSTENTION,,,,,,,,,,
2872,f4673a1f287e812c33ba24bbe9931afb99fea47afd212736bf03e8f8074a348d,2025-12-29T11:00:00Z,UNCERTAIN,False,,87750.6,DOWN,DOWN,-0.0024592424439263093357766214703945044250409683808430,,2025-12,ABSTENTION,,,,,,,,,,
2873,d03cc5b22a6f4eaadca40bc91823acfe511e43defda5b4002e5d06202bb912e1,2025-12-29T12:00:00Z,UNCERTAIN,False,,87534.8,DOWN,DOWN,-0.0023636313786059944159351480782500217056530659806157,,2025-12,ABSTENTION,,,,,,,,,,
2874,bfcbb9f66a88d922ac4fd04d58d64d0bd959088a0554ea7e472d63f09f6099a8,2025-12-29T13:00:00Z,UNCERTAIN,False,,87327.9,DOWN,UP,0.00014428378559429460687821417897373004503715307479053,,2025-12,ABSTENTION,,,,,,,,,,
2875,6e665fede36e68684715b44f65331e8f30758bb3dcb0bf9108c965bc494a40d4,2025-12-29T14:00:00Z,UNCERTAIN,False,,87340.5,UP,UP,0.00056560244102106124879065267544838877725682816104785,,2025-12,ABSTENTION,,,,,,,,,,
2876,35311a5f705dfaa5299642764c54f30ef4e3b6093b1693d630437c0af5ddb7db,2025-12-29T15:00:00Z,UNCERTAIN,False,,87389.9,UP,UP,0.0027772088078828331420450189323937892136276617778485,,2025-12,ABSTENTION,,,,,,,,,,
2877,673d2dc1d69d1586398434f173547ef36ae2dc561bc7f6b65be73eee8ef0f8b8,2025-12-29T16:00:00Z,UNCERTAIN,False,,87632.6,UP,DOWN,-0.00057626956178408491816972222665994161989944381428829,,2025-12,ABSTENTION,,,,,,,,,,
2878,1eb88823458db87be7ecbbd095e8ca9974ff9dbb51001a7b56966911725598eb,2025-12-29T17:00:00Z,UNCERTAIN,False,,87582.1,DOWN,UP,0.0025815777424839093833100599323377722160121760040008,,2025-12,ABSTENTION,,,,,,,,,,
2879,97342c7909f47a1aef16a2e8fd380ff5334acb67cd7785e8ea41d47ed44b2b04,2025-12-29T18:00:00Z,UNCERTAIN,False,,87808.2,UP,DOWN,-0.0044107497932994868360813682549010229112998558221214,,2025-12,ABSTENTION,,,,,,,,,,
2880,2ff738a6b846b2bf4ae135c47f1306766889f8ee619bee314ccce3f5342e45ba,2025-12-29T19:00:00Z,BALANCED,False,,87420.9,DOWN,DOWN,-0.0010821210946123867404705282146488997482295423634394,,2025-12,ABSTENTION,,,,,,,,,,
2881,0020c4c9a53b962bc655f99582832af14a1d14ee869b765605b89c12ed3b2f0f,2025-12-29T20:00:00Z,UNCERTAIN,False,,87326.3,DOWN,DOWN,-0.0017383079324327264523975022415927389572213640106131,,2025-12,ABSTENTION,,,,,,,,,,
2882,cdf16b456367babf948c46f38ae0dafbc73d0934806fc49d2c780436376af635,2025-12-29T21:00:00Z,UNCERTAIN,False,,87174.5,DOWN,UP,0.0015107628951126762986882631962328433200075710213423,,2025-12,ABSTENTION,,,,,,,,,,
2883,a98dbda5be0a3fdf311cbfb8694e8fe2b511497b966d6ecd5b4ebae81cf959d4,2025-12-29T22:00:00Z,BALANCED,False,,87306.2,UP,DOWN,-0.000071014429673952136274399756260151054564280658189224,,2025-12,ABSTENTION,,,,,,,,,,
2884,c7bf9f11ff775ac2f925cae24f6e52423b64b304d9f668187d4f62c6ee979d09,2025-12-29T23:00:00Z,BALANCED,False,,87300,DOWN,DOWN,-0.0011993127147766323024054982817869415807560137457045,,2025-12,ABSTENTION,,,,,,,,,,
2885,6cce2cc6e62c5a7079afa5d773f7eadda444c299a7f796495e752fe596610dbc,2025-12-30T00:00:00Z,UNCERTAIN,False,,87195.3,DOWN,UP,0.00023166386261644836361592884020124937926700177647190,,2025-12,ABSTENTION,,,,,,,,,,
2886,c1a695c61b05ee957a4abbfd54108d77ba7599d6861500f721be1d80ed0b8348,2025-12-30T01:00:00Z,UNCERTAIN,False,,87215.5,UP,UP,0.00064667404303134190596854916843909626155901187288957,,2025-12,ABSTENTION,,,,,,,,,,
2887,f3497e6fb10fd9190e5b0c9ff1d50d150a08d169e0d251d1d504b9a0473f8191,2025-12-30T02:00:00Z,UNCERTAIN,False,,87271.9,UP,DOWN,-0.0024498148888703007497258567763506924909392370281843,,2025-12,ABSTENTION,,,,,,,,,,
2888,1f09ab223d03bf58d6509badcfe54a38511bd79693ca034f2f4520a4d950a57f,2025-12-30T03:00:00Z,UNCERTAIN,False,,87058.1,DOWN,UP,0.0030439442165634214392457450828814320551447826221799,,2025-12,ABSTENTION,,,,,,,,,,
2889,d7e9f2cf4face2dc9a48ddd00c57c20f067671478f05abb1cbd98a90ffe7055d,2025-12-30T04:00:00Z,BALANCED,False,,87323.1,UP,DOWN,-0.00072374892783238341286555333010394729458757190250919,,2025-12,ABSTENTION,,,,,,,,,,
2890,8acb530861744d81ca1809c9471e2065dc7b8dc988eedbb16457e52bd41c0e98,2025-12-30T05:00:00Z,BALANCED,False,,87259.9,DOWN,DOWN,-0.00058331490180483819027984217263599889525429206313553,,2025-12,ABSTENTION,,,,,,,,,,
2891,0cdfc1c6346fee19bba6a582f3646d47e192f3f1ab1e221978dca3f3e5b8117b,2025-12-30T06:00:00Z,UNCERTAIN,False,,87209,DOWN,UP,0.0021889942551800846242933642169959522526344757995161,,2025-12,ABSTENTION,,,,,,,,,,
2892,565c050a679953d43f4967c5a47e9f89f69b467e7c27a91c48fa328f834bc893,2025-12-30T07:00:00Z,UNCERTAIN,False,,87399.9,UP,UP,0.00051487473097795306401952404979868398018762035196837,,2025-12,ABSTENTION,,,,,,,,,,
2893,b6b5d24e2af49e526fc444d26205d2cf622694d5a25f960e458d790e6db9dd29,2025-12-30T08:00:00Z,UNCERTAIN,False,,87444.9,UP,UP,0.0042998505344508370413826306622799042597109722808306,,2025-12,ABSTENTION,,,,,,,,,,
2894,3411bb9a016c801282d9b54a46cb19e4ecefb488fb60499584919b6bd55e64f0,2025-12-30T09:00:00Z,UNCERTAIN,False,,87820.9,UP,UP,0.0014370155623547469907504933335914343852089878377471,,2025-12,ABSTENTION,,,,,,,,,,
2895,44ec95a4a000de7c98cb96d7456d50f8f824297c95f2bad8307dfc4ff7f8e851,2025-12-30T10:00:00Z,UP,True,AL-2025-12-30T08:45:00+00:00-e5c46b0bfc65,87947.1,UP,DOWN,-0.00047869685299458424439236768466498611096898021651652,True,2025-12,PAIRED,False,False,NEITHER,AL-2025-12-30T08:45:00+00:00-e5c46b0bfc65,1,ALREADY_ACTIVE_AT_CUTOFF,2025-12-30T09:43:00Z,,TIME_EXPIRED,2025-12-30T13:43:00Z
2896,0b13b0ba9627c74b26945775be07b209726bcec4db184e92de56776a9e4400f7,2025-12-30T11:00:00Z,UP,True,AL-2025-12-30T08:45:00+00:00-e5c46b0bfc65,87905,DOWN,DOWN,-0.00048916443888288493259769068881178545020192253000398,True,2025-12,PAIRED,False,True,PERSISTENCE_ONLY,AL-2025-12-30T08:45:00+00:00-e5c46b0bfc65,2,ALREADY_ACTIVE_AT_CUTOFF,2025-12-30T09:43:00Z,,TIME_EXPIRED,2025-12-30T13:43:00Z
2897,f742e425f7c45b4dc9bbfd5de459ae19552d063784ddaa5c763045ef7063710f,2025-12-30T12:00:00Z,UP,True,AL-2025-12-30T08:45:00+00:00-e5c46b0bfc65,87862,DOWN,UP,0.0013999226059047142109216726229769411121986751951925,True,2025-12,PAIRED,True,False,MV_ONLY,AL-2025-12-30T08:45:00+00:00-e5c46b0bfc65,3,ALREADY_ACTIVE_AT_CUTOFF,2025-12-30T09:43:00Z,,TIME_EXPIRED,2025-12-30T13:43:00Z
2898,cb3f11d2bac59d4a94f3ab5ac7a7ede089803e6a00df2708becacacf117bb59e,2025-12-30T13:00:00Z,UP,True,AL-2025-12-30T08:45:00+00:00-e5c46b0bfc65,87985,UP,UP,0.00090356310734784338239472637381371824742853895550378,True,2025-12,PAIRED,True,True,BOTH,AL-2025-12-30T08:45:00+00:00-e5c46b0bfc65,4,ALREADY_ACTIVE_AT_CUTOFF,2025-12-30T09:43:00Z,,TIME_EXPIRED,2025-12-30T13:43:00Z
2899,5b4eb050729918218e02ad8edadff61aaf926b05cedd5ced966453912868796d,2025-12-30T14:00:00Z,UNCERTAIN,False,,88064.5,UP,UP,0.0086731884016828574510727932367753180907175990325273,,2025-12,ABSTENTION,,,,,,,,,,
2900,40c4e6f6b40151a102596f409e493c6effe0bc729b97635d056259d97d60a8e0,2025-12-30T15:00:00Z,UNCERTAIN,False,,88828.3,UP,UP,0.0015693196875320140090489179687104222415604036101107,,2025-12,ABSTENTION,,,,,,,,,,
2901,13c9c26c73ff385844e5340a065bbc9cceb0f7552c85f48e2666a199f11300d3,2025-12-30T16:00:00Z,UNCERTAIN,False,,88967.7,UP,DOWN,-0.0029100448814569782066974868407298379074652935840760,,2025-12,ABSTENTION,,,,,,,,,,
2902,7f6bb3cce91c2daa01269550c7467153a09fa74f52f7819a0d75b94749f4e169,2025-12-30T17:00:00Z,UNCERTAIN,False,,88708.8,DOWN,DOWN,-0.0041585502227512941218909510668614613206356077412838,,2025-12,ABSTENTION,,,,,,,,,,
2903,cc2b6b2e75a46598761a2664f0aaec5359587c83a60e380215132853c7653f6a,2025-12-30T18:00:00Z,UNCERTAIN,False,,88339.9,DOWN,DOWN,-0.00076862210620568961477203392804383975983672157201899,,2025-12,ABSTENTION,,,,,,,,,,
2904,a15a8b944a61877676245b12a1a81e92d995a7ab58936d0a11a5ed903182ca29,2025-12-30T19:00:00Z,UNCERTAIN,False,,88272,DOWN,DOWN,-0.00094027551205365234729019394598513684973717600145006,,2025-12,ABSTENTION,,,,,,,,,,
2905,756205579a45509772169d37fbd6fd5f149ec6eb1531618ddbc840b1a7859c40,2025-12-30T20:00:00Z,BALANCED,False,,88189,DOWN,DOWN,-0.0033405526766376759006225266189660842055131592375466,,2025-12,ABSTENTION,,,,,,,,,,
2906,75f730354b0f75dfa103ffaa7b64c8cbf576c19a932002d910978e05d381b2a8,2025-12-30T21:00:00Z,UNCERTAIN,False,,87894.4,DOWN,UP,0.0039570211526559143699712382131284814504678341282266,,2025-12,ABSTENTION,,,,,,,,,,
2907,950cb78bd24e19b8ca1bdd818d7798cdf467e9c936b04facd7b856c45208cb8f,2025-12-30T22:00:00Z,UNCERTAIN,False,,88242.2,UP,UP,0.0017247983391166584695304514166691220300491148226132,,2025-12,ABSTENTION,,,,,,,,,,
2908,1a1467ba942542f4c8700a39e6ed78bb732619caba17d06a1e697b1fd60289d9,2025-12-30T23:00:00Z,UNCERTAIN,False,,88394.4,UP,UP,0.00063013041550143448001230847202990234675499805417538,,2025-12,ABSTENTION,,,,,,,,,,
2909,70bcfd2ec1be8e43acbaa8d82c1797c85e92efc00d8e0e662def1d7050d70d7b,2025-12-31T00:00:00Z,BALANCED,False,,88450.1,UP,DOWN,-0.0025438071861987719629486003972861534356659856800614,,2025-12,ABSTENTION,,,,,,,,,,
2910,8f1ed01974bb4466c4aaca3cec0ff6253cd4b58f1a68ab9afea4632019c9d6d4,2025-12-31T01:00:00Z,UNCERTAIN,False,,88225.1,DOWN,UP,0.0044216441806243347981470125848539701286822004168882,,2025-12,ABSTENTION,,,,,,,,,,
2911,a732eebbd2030feb70dea561c785f52a432badf5a5e3c5ba23560cc3b6b6c86b,2025-12-31T02:00:00Z,UNCERTAIN,False,,88615.2,UP,UP,0.00026857694842419810596827632279789471783621771434246,,2025-12,ABSTENTION,,,,,,,,,,
2912,6bf6f58ee4d4e75b6c95eadd7c9d86506491e094327cfa257bced935bf91b934,2025-12-31T03:00:00Z,BALANCED,False,,88639,UP,DOWN,-0.0025101817484403028012500141021446541590045014045736,,2025-12,ABSTENTION,,,,,,,,,,
2913,7e4b47b8597c35405c18ad3afead8eb2c51e4ba4a10726828aab7fc1193a21aa,2025-12-31T04:00:00Z,DOWN,True,CS-2025-12-31T03:15:00+00:00-1f76592e4d93,88416.5,DOWN,DOWN,-0.0013492956631397985670095513846397448440053609903129,True,2025-12,PAIRED,True,True,BOTH,box-2025-12-30T23:45:00+00:00-2a5887bc102f,1,ALREADY_ACTIVE_AT_CUTOFF,2025-12-31T03:31:00Z,,TIME_EXPIRED,2025-12-31T05:31:00Z
2914,1abaf41b5eabfed1f9917a47d93beeade00220a58fa2904fc12036e8291da3fd,2025-12-31T05:00:00Z,DOWN,True,CS-2025-12-31T03:15:00+00:00-1f76592e4d93,88297.2,DOWN,UP,0.0014564448249774624789914062960093864811115188250590,True,2025-12,PAIRED,False,False,NEITHER,box-2025-12-30T23:45:00+00:00-2a5887bc102f,2,ALREADY_ACTIVE_AT_CUTOFF,2025-12-31T03:31:00Z,,TIME_EXPIRED,2025-12-31T05:31:00Z
2915,fc636ca5e20ee8c0cc5309c8a4fca872bf84e5cc4e80f95cad8173f0e1e33c1e,2025-12-31T06:00:00Z,BALANCED,False,,88425.8,UP,UP,0.00055526780645467725482834195449744305395031766746809,,2025-12,ABSTENTION,,,,,,,,,,
2916,a7cc0ab4b4d9a70b7aaa815b1b032940f0fdcbba7fd85cf12a70b5c5aac8e32c,2025-12-31T07:00:00Z,BALANCED,False,,88474.9,UP,UP,0.0010737508604135184103061998374680276553011079978615,,2025-12,ABSTENTION,,,,,,,,,,
2917,8761dd5b4391ee776a6b44624d101b7c4bcd3a5a7e9332503eea1cce4c76f05c,2025-12-31T08:00:00Z,UNCERTAIN,False,,88569.9,UP,DOWN,-0.0019679371885934160476640483956739253403244217279234,,2025-12,ABSTENTION,,,,,,,,,,
2918,3f7f34a2e687cb215d35b522728425417e2e76a93b9b3243978b7af00e138ce4,2025-12-31T09:00:00Z,BALANCED,False,,88395.6,DOWN,UP,0.0025691324002552163229844019385580277751381290471471,,2025-12,ABSTENTION,,,,,,,,,,
2919,98bcc97262365e0f83a43d497d501797541a65d86b1152c5c7b94a0b2add4973,2025-12-31T10:00:00Z,BALANCED,False,,88622.7,UP,UP,0.0021168391394078492305018917275145081339205418024953,,2025-12,ABSTENTION,,,,,,,,,,
2920,ca03e9de21abaaeea3731e39ad702e6b2306fa41eac4cef1888d336d49626e1c,2025-12-31T11:00:00Z,UNCERTAIN,False,,88810.3,UP,UP,0.0017880808870142314573872625134697214174482013910549,,2025-12,ABSTENTION,,,,,,,,,,
2921,818ff22afc740e2c9027dcc059ff114b5406daf640d61bbc4bb8c3573fe21a60,2025-12-31T12:00:00Z,UNCERTAIN,False,,88969.1,UP,DOWN,-0.0025222240081106811241206216540349402208182391414547,,2025-12,ABSTENTION,,,,,,,,,,
2922,2b781a080a963fb3fd188e5ebe24c1c03a7b4c5c20190e8b71c5d8d33c319526,2025-12-31T13:00:00Z,UP,True,AL-2025-12-31T11:45:00+00:00-f4cc4ca722e9,88744.7,DOWN,UP,0.0023787336032461656865142369065420244814619915330155,False,2025-12,PAIRED,True,False,MV_ONLY,AL-2025-12-31T11:45:00+00:00-f4cc4ca722e9,1,NOT_ACTIVATED_AT_1H,,,WITHDRAWN,2025-12-31T13:15:00Z
2923,5714ea8e9af4ce31cda51fed6ff83ba7c0a8b42b6a194c0a4813a2a5002a0964,2025-12-31T14:00:00Z,UNCERTAIN,False,,88955.8,UP,DOWN,-0.0057444258834162584114807578595212453825382942989665,,2025-12,ABSTENTION,,,,,,,,,,
2924,a5a5a5e1862251926aaacdfc8977b563eb1ce6ffb63fa0da6e6fd9cafe414583,2025-12-31T15:00:00Z,UNCERTAIN,False,,88444.8,DOWN,DOWN,-0.0061597742320633886898947139910995332682079670031477,,2025-12,ABSTENTION,,,,,,,,,,
2925,9bb0d3b66f844b4ce07bf98b70a7169ea1a485e54dfd4bf369c674c6d88e681e,2025-12-31T16:00:00Z,UNCERTAIN,False,,87900,DOWN,DOWN,-0.0033333333333333333333333333333333333333333333333333,,2025-12,ABSTENTION,,,,,,,,,,
2926,12e41af9d5c60a2063db3785da1d6b8e529337263be4bf706086fe669d066f39,2025-12-31T17:00:00Z,UNCERTAIN,False,,87607,DOWN,DOWN,-0.00042348214183798098325476274726905384272946225758216,,2025-12,ABSTENTION,,,,,,,,,,
2927,4b8073f4324eaaec65f3587f77f494a0d7d069cf4c96a1c99f8a4f4b0c8235c2,2025-12-31T18:00:00Z,UNCERTAIN,False,,87569.9,DOWN,UP,0.00080050336930840391504386781302707893922455090162259,,2025-12,ABSTENTION,,,,,,,,,,
2928,5a00e92f6ec8d03b8f9a6b1efec92e55c2ec4c9fba29b0e7f0692582b2c0add7,2025-12-31T19:00:00Z,UNCERTAIN,False,,87640,UP,DOWN,-0.0015769055225924235508900045641259698767685988133272,,2025-12,ABSTENTION,,,,,,,,,,
2929,7281c9a7f428c560f143b21d7cc8a1844b24aff9a0c4942fbb5324db75cf7979,2025-12-31T20:00:00Z,UNCERTAIN,False,,87501.8,DOWN,UP,0.0014331133759534089584442834318836869641538802630346,,2025-12,ABSTENTION,,,,,,,,,,
2930,10e45fb6735cfe6569dc9fa2bd62facb402ba6aa3815dc0b7eb18505009ff1d6,2025-12-31T21:00:00Z,DOWN,True,AS-2025-12-31T20:30:00+00:00-19d8c6fd3d0e,87627.2,UP,UP,0.0014401920864754322858655759855387368305731553672832,False,2025-12,PAIRED,False,True,PERSISTENCE_ONLY,AS-2025-12-31T20:30:00+00:00-19d8c6fd3d0e,1,NOT_ACTIVATED_AT_1H,,,WITHDRAWN,2025-12-31T21:45:00Z
2931,8ad702410b4cece35194e5c21eb45490d6a41d34052d51efef12820374291734,2025-12-31T22:00:00Z,UNCERTAIN,False,,87753.4,UP,DOWN,-0.00080680634596494266888804308437052011659947078973578,,2025-12,ABSTENTION,,,,,,,,,,
2932,2558f066d94e98b04f84ffacb4c6b3b0f101d54a53784d623a45177803618898,2025-12-31T23:00:00Z,UNCERTAIN,False,,87682.6,DOWN,DOWN,-0.0010207270313608401210730521220857958135365511515398,,2025-12,ABSTENTION,,,,,,,,,,
